pH,Hardness,Solids,Chlorine,Sulfate,Lead,Mercury,Coliform,Quality
5.24,190.0,201.6,4.608,696.8,0.00284,0.0012,643,Kém
7.55,217.2,928.6,0.98,105.2,0.01117,0.00224,10,Trung bình
7.54,705.5,259.7,4.515,75.7,0.01948,0.00031,404,Kém
6.96,217.4,187.8,1.102,287.1,0.01245,0.00283,2,Trung bình
7.65,552.8,2108.1,3.845,1063.0,0.00208,0.00105,24,Nguy hiểm
8.08,180.5,422.3,1.732,121.5,0.00515,0.00094,24,Tốt
8.85,108.0,337.8,1.77,185.1,0.00095,0.00076,3157,Nguy hiểm
6.73,128.5,132.9,0.775,194.2,0.00012,0.00091,18,Tốt
7.22,129.9,91.7,4.457,752.8,0.02892,0.00842,7,Kém
6.94,143.0,134.4,1.268,138.2,0.00512,7e-05,9,Tốt
8.98,97.4,1014.3,0.79,210.5,0.00554,0.0005,101,Trung bình
8.69,321.7,137.7,1.38,269.5,0.00591,0.00105,5,Trung bình
7.84,382.1,323.5,3.311,181.5,0.01142,0.00084,8,Trung bình
8.97,179.4,334.7,3.829,41.4,0.01289,7e-05,13,Trung bình
10.0,85.4,130.9,0.088,781.5,0.00434,0.0001,849,Kém
7.19,170.6,1717.7,1.874,372.7,0.02206,0.0013,614,Kém
7.72,115.0,191.8,0.65,129.1,0.00065,0.00144,3,Tốt
7.41,139.7,711.0,1.441,127.9,0.01312,0.00014,142,Trung bình
7.89,349.6,370.1,0.83,358.3,0.00163,0.00068,16,Trung bình
7.78,115.2,714.7,0.802,123.5,0.01118,0.00114,0,Trung bình
5.19,116.1,137.3,0.711,790.4,0.00552,0.0081,24,Kém
7.76,94.9,307.7,0.443,151.3,0.007,8e-05,5,Tốt
7.77,149.7,450.7,1.141,118.4,0.00265,0.00075,18,Tốt
4.34,152.1,476.5,0.546,1084.5,0.00358,0.03839,2296,Nguy hiểm
8.91,174.9,96.1,4.542,58.8,0.1435,0.0,20,Nguy hiểm
9.67,173.6,2082.1,1.087,820.3,0.00181,0.00083,703,Kém
9.78,546.7,459.3,1.514,524.8,0.00027,0.00827,66,Kém
7.02,207.0,104.6,1.396,104.7,0.00606,0.00109,13,Tốt
7.95,204.0,1868.2,4.281,788.3,0.03924,0.0007,9,Kém
7.76,219.8,926.7,0.025,200.8,0.00229,0.00026,1,Trung bình
7.07,356.8,924.7,0.954,345.2,0.00732,0.00114,2,Trung bình
5.16,152.5,235.8,4.869,190.0,0.00282,0.0038,609,Kém
7.88,104.0,241.0,1.961,59.6,0.01124,7e-05,155,Trung bình
7.18,585.7,183.6,4.863,828.9,0.00018,0.00696,3,Kém
6.72,162.3,384.2,0.728,61.2,0.00342,0.00035,8,Tốt
7.36,101.3,406.3,1.623,82.8,0.00752,0.00091,21,Tốt
7.63,127.0,234.2,1.909,56.6,0.00045,0.00144,14,Tốt
7.0,197.5,368.3,0.504,174.1,0.00561,0.00106,1,Tốt
7.4,212.1,418.7,1.014,97.9,0.00671,0.00145,10,Tốt
7.9,415.5,422.0,0.436,313.9,0.00744,1e-05,166,Trung bình
7.36,212.6,340.0,1.779,187.6,0.00685,0.00072,15,Tốt
6.9,177.8,1689.3,1.768,407.8,0.00161,0.00536,642,Kém
7.14,143.8,952.0,0.77,49.8,0.01282,0.00048,5,Trung bình
5.3,526.2,170.8,0.54,96.4,0.00749,0.00027,590,Kém
7.0,175.4,483.6,0.891,82.7,0.00144,0.00037,3,Tốt
7.41,96.4,292.0,4.444,567.1,0.00429,0.006,241,Kém
7.06,206.2,291.3,1.466,173.4,0.00491,0.00074,8,Tốt
7.79,205.5,242.1,1.134,143.1,0.00257,0.00029,8,Tốt
7.92,367.2,1877.8,4.457,45.6,0.02217,0.00016,6,Kém
6.43,88.1,143.8,1.93,172.9,0.01413,0.0002,159,Trung bình
7.21,178.3,220.4,0.592,210.9,0.00717,3e-05,19,Tốt
6.93,181.4,202.1,0.446,173.2,0.00694,0.00136,12,Tốt
6.31,135.7,2476.9,9.069,189.4,0.00106,0.00016,177,Nguy hiểm
7.03,202.0,769.5,0.056,167.4,0.00192,0.0007,3,Trung bình
7.31,306.1,998.7,0.318,69.1,0.00638,0.00088,13,Trung bình
7.49,217.5,366.7,1.442,207.9,0.16556,0.00321,18,Nguy hiểm
7.41,134.4,1851.5,1.79,69.9,0.00523,0.03112,623,Nguy hiểm
10.21,153.1,265.8,4.855,192.4,0.03526,0.00078,400,Kém
8.89,145.7,353.8,1.211,108.5,0.01209,0.00027,17,Trung bình
6.87,114.0,491.6,1.339,138.4,0.00115,0.00062,23,Tốt
7.88,146.3,1079.6,4.679,105.1,0.02413,0.00747,1,Kém
7.73,416.8,344.0,0.076,131.6,6e-05,0.00021,174,Trung bình
7.68,179.6,415.2,1.857,117.3,0.00728,0.00011,23,Tốt
6.74,120.5,124.7,3.384,1347.2,0.00281,0.00059,3653,Nguy hiểm
6.15,145.3,765.7,0.781,217.2,0.01297,0.0013,13,Trung bình
7.86,205.4,388.2,0.674,145.8,0.00026,0.00032,6,Tốt
5.14,121.8,196.8,1.859,94.0,0.16723,0.00247,3004,Nguy hiểm
4.42,123.2,870.8,7.645,201.5,0.00317,0.00089,1688,Nguy hiểm
6.96,330.6,492.7,1.778,413.0,0.01388,0.0002,9,Trung bình
7.51,128.3,470.3,0.381,70.4,4e-05,0.00018,18,Tốt
5.35,525.5,363.5,1.921,800.7,0.02825,0.00129,14,Kém
7.41,102.4,452.6,0.02,164.8,0.00684,0.00062,71,Trung bình
7.95,198.4,370.9,0.363,98.8,0.00128,0.00147,0,Tốt
7.41,362.7,1965.8,4.699,695.7,0.00142,0.00062,654,Kém
6.78,519.5,381.8,4.643,184.0,0.00037,0.0056,102,Kém
8.14,219.0,146.9,0.528,107.3,0.0039,0.00058,19,Tốt
7.41,204.3,179.2,1.847,48.3,0.00579,0.00088,17,Tốt
6.9,110.5,395.7,1.294,105.4,0.00341,0.0004,23,Tốt
7.82,520.3,364.6,1.815,721.6,0.02678,0.00052,794,Kém
7.96,172.4,192.0,1.614,207.7,0.00587,0.00072,21,Tốt
7.89,599.0,3087.6,0.09,170.6,0.00321,0.03945,5,Nguy hiểm
7.91,137.7,1643.6,4.811,160.9,0.0231,0.00041,116,Kém
8.01,108.1,176.2,7.522,127.2,0.00572,0.01165,5,Nguy hiểm
7.28,150.3,90.9,1.484,219.2,0.00382,0.00133,21,Tốt
5.12,139.2,130.1,4.458,1079.6,0.00155,0.0012,1500,Nguy hiểm
7.85,186.5,889.7,3.383,317.5,0.00169,0.0012,11,Trung bình
8.97,148.7,245.7,1.427,64.1,0.0065,0.01342,23,Nguy hiểm
6.8,129.6,240.8,1.61,327.9,0.01169,0.00063,8,Trung bình
7.62,110.5,195.5,0.524,73.3,0.00101,0.00023,21,Tốt
7.89,172.1,120.5,1.794,200.0,0.00643,0.00149,18,Tốt
6.37,421.1,400.1,0.668,164.2,0.00299,0.00118,1,Trung bình
6.73,195.5,314.6,3.21,215.3,0.00335,0.00137,97,Trung bình
7.26,123.6,381.2,1.955,369.8,0.00086,0.00025,128,Trung bình
7.04,215.9,204.1,0.557,55.5,0.00258,0.00118,1,Tốt
6.71,87.8,290.7,0.349,125.8,0.00794,0.00017,8,Tốt
6.94,137.0,97.6,0.466,106.5,0.00203,0.00125,17,Tốt
7.77,134.7,330.6,1.148,155.5,0.00527,0.00118,20,Tốt
5.2,124.0,2083.7,4.651,74.1,0.00627,0.00789,3,Kém
5.15,993.4,479.3,8.293,138.7,0.00057,0.00149,6,Nguy hiểm
8.12,142.3,282.2,5.837,130.8,0.02694,0.02832,77,Nguy hiểm
8.0,680.4,165.8,0.703,47.4,0.04405,0.0073,354,Kém
7.65,160.5,259.5,0.367,112.1,0.0069,0.00027,18,Tốt
7.34,132.8,1801.3,4.379,81.8,0.02543,0.00053,431,Kém
6.71,132.8,488.5,1.481,85.4,0.00248,0.00061,23,Tốt
7.43,123.5,734.8,0.877,318.8,0.00668,0.00096,17,Trung bình
7.89,89.6,219.2,0.023,87.4,0.01297,0.00109,23,Trung bình
7.56,612.5,1763.7,4.557,93.0,0.00529,0.00132,163,Kém
7.56,193.0,382.3,1.797,108.7,0.00738,0.00047,23,Tốt
5.35,201.4,410.9,0.98,278.5,0.15953,0.00758,16,Nguy hiểm
5.23,609.1,447.2,1.511,384.5,0.00223,0.00016,481,Kém
7.72,524.9,432.3,6.435,77.6,0.00722,0.00016,19,Nguy hiểm
10.88,149.4,256.5,0.029,100.1,0.11704,0.00136,642,Nguy hiểm
8.2,81.9,82.4,1.786,371.3,0.15192,0.00145,14,Nguy hiểm
11.23,82.5,734.3,1.994,85.5,0.00411,0.001,14,Nguy hiểm
8.6,94.3,449.6,5.356,58.9,0.00306,0.00019,16,Nguy hiểm
8.83,164.1,340.5,1.09,370.1,0.00439,1e-05,7,Trung bình
7.61,369.3,1074.2,3.231,133.6,0.0041,0.00087,5,Trung bình
6.08,204.4,255.7,1.418,44.5,0.00602,0.00145,174,Trung bình
7.82,157.5,193.1,0.915,200.7,0.00367,0.00084,24,Tốt
6.91,658.6,216.4,0.371,664.2,0.028,0.00228,729,Kém
8.2,156.5,316.6,1.427,161.1,0.00304,0.00136,15,Tốt
7.5,196.8,262.5,1.6,218.7,0.00489,0.00072,12,Tốt
7.56,108.0,360.4,0.057,306.3,0.01354,0.00075,22,Trung bình
5.11,95.9,466.6,3.323,647.7,0.02956,0.00588,19,Kém
7.99,97.6,364.1,4.263,1090.0,0.00445,9e-05,3,Nguy hiểm
7.73,108.5,427.9,0.755,215.3,0.00759,0.00023,0,Tốt
7.49,153.5,143.6,1.751,188.0,0.00204,0.00108,25,Tốt
8.17,368.9,405.0,0.059,65.9,0.00076,0.00148,17,Trung bình
6.78,113.0,413.0,1.056,103.9,0.01137,0.001,117,Trung bình
6.73,216.1,130.8,3.463,128.3,0.00468,0.00231,25,Trung bình
7.18,715.1,1752.3,4.43,174.5,0.04194,0.00102,18,Kém
6.7,654.6,1096.2,1.736,166.4,0.02768,0.00508,375,Kém
8.03,425.4,1039.6,1.717,98.3,0.00063,0.00131,151,Trung bình
5.24,128.7,977.4,4.521,206.6,0.02834,0.00023,322,Kém
9.77,143.9,2176.5,3.763,543.8,0.00152,0.00054,350,Kém
6.88,331.8,1083.9,0.451,65.8,0.0064,0.00064,139,Trung bình
5.31,602.1,267.4,4.727,162.5,0.00609,0.00456,20,Kém
7.36,89.9,454.1,0.486,105.7,0.00495,0.001,22,Tốt
6.73,216.7,313.9,3.832,354.7,0.00263,0.00116,19,Trung bình
7.61,208.9,274.4,1.532,93.6,0.00079,0.00059,16,Tốt
6.9,176.5,154.8,0.678,45.9,0.00465,0.00032,10,Tốt
7.98,211.6,202.4,9.188,57.2,0.00556,0.00323,7,Nguy hiểm
7.28,171.4,187.2,0.862,173.8,0.00359,0.0008,11,Tốt
7.7,102.2,1011.9,4.03,140.3,0.00626,0.00022,18,Trung bình
7.96,210.2,415.4,1.579,197.4,0.00138,0.00143,3,Tốt
7.98,644.9,124.2,1.571,726.5,0.00438,0.00699,740,Kém
6.75,175.1,200.9,3.271,155.3,0.00298,0.00055,126,Trung bình
5.26,700.4,2173.3,1.631,782.2,0.00334,0.00101,22,Kém
4.29,124.8,311.7,0.041,700.9,0.0027,0.00078,88,Nguy hiểm
5.27,562.1,367.7,0.302,663.1,0.04279,0.00368,5,Kém
7.86,123.8,90.2,0.052,113.8,0.00172,0.00021,3287,Nguy hiểm
7.89,124.2,752.2,0.48,143.2,0.01294,0.00103,4,Trung bình
8.11,168.1,2039.5,0.787,623.9,0.04482,0.00476,6,Kém
7.89,863.7,200.2,1.583,116.3,0.06466,0.03287,25,Nguy hiểm
6.78,125.5,92.4,1.895,202.8,0.00474,0.00092,8,Tốt
7.48,96.8,198.6,1.076,109.0,0.00153,0.00091,10,Tốt
7.86,112.7,1565.3,3.385,582.8,0.0404,0.0008,302,Kém
6.98,113.3,245.1,0.664,194.0,0.00178,0.0005,9,Tốt
5.13,684.4,237.9,4.66,105.3,0.02204,0.00269,6,Kém
7.19,131.7,126.1,1.183,141.0,0.1886,0.00096,500,Nguy hiểm
7.82,111.2,381.6,0.818,126.9,0.00099,0.00027,25,Tốt
6.89,111.7,211.2,0.734,144.6,0.00566,0.0001,22,Tốt
7.58,161.2,374.5,0.453,128.2,0.00232,4e-05,24,Tốt
7.2,168.7,241.9,0.837,191.5,0.00348,0.0011,10,Tốt
7.11,624.1,987.4,4.294,49.3,0.04128,0.00055,276,Kém
7.34,382.3,190.4,0.443,55.0,0.00038,0.00239,9,Trung bình
6.9,169.8,363.1,1.716,154.1,0.0058,0.00063,19,Tốt
6.94,419.9,239.9,0.993,148.3,0.00024,0.00061,168,Trung bình
7.99,163.3,321.0,1.485,125.1,0.0004,0.00071,20,Tốt
7.67,218.8,452.2,1.798,191.0,0.00784,0.00811,3760,Nguy hiểm
7.87,691.5,1997.4,4.542,152.4,0.00405,0.00114,223,Kém
10.22,121.8,1801.8,0.059,189.3,0.03797,0.00025,19,Kém
6.75,127.3,473.2,0.381,614.4,0.1188,0.0081,10,Nguy hiểm
8.04,119.4,355.7,0.682,128.2,0.00251,0.00139,5,Tốt
5.34,174.8,337.5,4.413,779.0,0.00715,0.00732,22,Kém
7.49,711.9,1717.3,1.249,134.4,0.0024,0.0059,640,Kém
8.1,598.6,98.2,1.041,773.2,0.03511,0.00042,3,Kém
7.08,417.0,393.0,0.023,156.4,0.00403,0.00258,16,Trung bình
7.19,133.2,165.8,3.197,62.0,0.00321,0.00139,135,Trung bình
7.35,80.5,2575.5,1.383,1393.8,0.00695,0.00061,2514,Nguy hiểm
8.06,81.7,178.1,1.99,145.8,0.0029,0.00019,11,Tốt
4.73,208.0,243.5,1.677,1173.2,0.01345,0.001,17,Nguy hiểm
5.32,578.2,1874.3,0.853,88.4,0.00731,1e-05,7,Kém
6.97,967.7,487.4,0.481,1286.9,0.11827,0.00086,16,Nguy hiểm
7.33,82.2,431.4,1.223,175.9,0.00298,0.00048,19,Tốt
7.88,680.6,427.9,4.242,139.7,0.00358,0.04644,1,Nguy hiểm
7.43,167.0,434.3,4.507,106.8,0.00657,0.04329,590,Nguy hiểm
9.9,152.8,443.8,0.38,518.4,0.00322,0.00262,501,Kém
5.38,185.8,499.8,9.154,58.3,0.00242,0.00144,17,Nguy hiểm
4.49,352.8,382.9,4.68,98.6,0.02448,0.00109,22,Nguy hiểm
7.26,122.1,430.0,1.37,217.6,0.00527,0.00378,173,Trung bình
7.34,114.4,293.7,0.535,47.3,0.00209,0.00101,6,Tốt
8.19,195.5,414.0,1.351,150.9,0.00319,0.01206,3184,Nguy hiểm
7.48,89.6,497.2,0.386,367.3,0.01071,0.00102,167,Trung bình
5.36,207.1,164.0,4.207,771.3,0.00092,0.0,792,Kém
7.4,176.8,947.8,1.171,156.3,0.00233,0.00367,7,Trung bình
8.17,208.0,987.4,0.672,189.7,0.00628,0.0023,6,Trung bình
7.28,137.9,363.9,0.82,85.0,0.00229,0.00771,4996,Nguy hiểm
7.19,110.0,387.3,1.304,1221.7,0.09404,0.03922,16,Nguy hiểm
6.94,89.5,421.7,1.191,103.4,0.00646,0.00054,16,Tốt
7.9,169.6,352.0,0.634,99.5,2e-05,0.00054,16,Tốt
7.69,534.8,128.7,3.407,576.6,0.0232,0.00526,1,Kém
6.35,189.3,224.8,0.345,191.7,0.00701,0.00356,13,Trung bình
6.16,160.6,107.0,1.356,214.8,0.01069,0.00367,16,Trung bình
11.27,672.1,101.7,0.56,602.8,0.01233,0.00145,6,Nguy hiểm
7.71,127.8,301.1,0.372,210.6,0.00222,0.00095,16,Tốt
7.41,308.8,306.7,0.778,63.5,0.00534,0.00079,179,Trung bình
5.39,177.0,393.8,4.22,162.5,0.00399,0.00652,377,Kém
7.23,206.9,349.8,1.601,513.4,0.01812,0.00816,3,Kém
6.83,151.8,359.7,1.958,91.1,0.007,0.00084,23,Tốt
4.69,922.1,167.1,7.38,198.9,0.09334,9e-05,16,Nguy hiểm
8.97,120.2,352.9,1.943,269.7,0.0033,0.00098,18,Trung bình
8.15,136.2,229.1,1.059,191.8,0.00156,0.00072,14,Tốt
8.12,203.3,104.9,1.688,198.0,0.00613,0.00134,14,Tốt
7.44,136.9,124.7,1.718,141.2,0.00481,0.00023,9,Tốt
8.57,126.0,346.4,7.363,113.1,0.00336,0.00797,0,Nguy hiểm
7.33,321.6,190.5,0.331,286.1,0.00159,0.00264,3,Trung bình
6.82,142.1,88.5,0.404,211.3,0.00685,0.00145,23,Tốt
7.19,424.4,444.2,0.342,118.1,0.00403,0.00033,126,Trung bình
9.67,686.9,344.8,1.127,623.4,0.03415,0.00079,10,Kém
9.89,173.4,395.7,4.575,97.2,0.01946,0.00111,791,Kém
7.82,629.2,195.1,1.552,176.8,0.00728,0.00036,1165,Nguy hiểm
7.99,331.9,2559.4,0.556,90.0,0.00206,0.00122,1912,Nguy hiểm
6.4,195.6,385.6,0.64,162.4,0.01079,5e-05,170,Trung bình
9.99,141.3,900.8,4.498,755.6,0.01604,0.00025,22,Kém
5.19,135.5,160.2,6.4,98.8,0.00681,0.00135,7,Nguy hiểm
8.11,82.1,93.6,0.782,133.1,0.0009,0.0011,11,Tốt
7.16,104.0,215.3,0.068,1314.2,0.00457,0.0182,126,Nguy hiểm
9.98,86.1,481.3,4.792,79.1,0.02863,0.00102,764,Kém
10.26,201.1,379.3,4.269,166.2,0.0061,0.00597,605,Kém
8.07,109.2,453.2,1.588,209.6,0.01852,0.0054,371,Kém
8.67,182.0,916.9,3.512,69.2,0.00017,0.0005,12,Trung bình
5.18,625.9,299.8,4.451,788.5,0.00475,0.00082,9,Kém
7.26,108.0,195.0,1.246,203.7,0.0002,3e-05,9,Tốt
4.11,100.9,337.2,0.897,70.0,0.00545,0.00263,23,Nguy hiểm
9.71,691.9,1587.7,1.195,773.6,0.00311,0.00051,8,Kém
7.66,186.8,358.9,1.927,191.5,0.00772,0.00066,14,Tốt
7.59,117.5,466.3,0.736,1084.5,0.01078,0.00098,1,Nguy hiểm
8.2,129.5,196.9,1.736,70.0,0.0004,0.00045,14,Tốt
7.22,119.4,119.6,1.099,111.7,0.005,0.00073,6,Tốt
7.59,173.0,138.4,0.489,57.5,0.00788,0.00041,19,Tốt
10.17,519.4,132.0,1.383,102.2,0.00443,0.00093,263,Kém
3.96,175.6,782.6,4.39,190.5,0.05964,0.00092,0,Nguy hiểm
5.16,124.5,257.6,0.02,577.8,0.03513,0.00083,16,Kém
7.02,91.7,115.7,0.565,46.9,0.00627,0.00043,2,Tốt
7.81,208.9,458.0,1.205,92.8,0.17067,0.00033,145,Nguy hiểm
7.99,210.7,777.7,1.603,213.0,0.0056,5e-05,134,Trung bình
6.93,105.0,134.4,1.693,138.4,0.00562,0.0008,14,Tốt
7.34,217.4,156.5,4.094,107.1,0.003,0.00147,3797,Nguy hiểm
10.13,176.0,480.2,3.451,107.0,0.12112,0.00069,1930,Nguy hiểm
7.28,419.5,247.8,0.349,115.7,0.01329,0.00327,15,Trung bình
6.75,584.0,223.1,0.554,72.5,0.03612,0.00036,594,Kém
9.98,353.3,1851.5,4.694,828.9,0.00035,0.00108,13,Kém
9.62,185.0,314.5,1.494,45.7,0.00041,0.00063,2478,Nguy hiểm
11.82,128.2,301.6,0.421,715.2,0.00758,0.00287,10,Nguy hiểm
7.06,95.9,256.4,1.89,196.7,0.00372,5e-05,21,Tốt
7.62,140.8,338.9,8.603,164.0,0.00125,0.00732,12,Nguy hiểm
6.75,358.2,125.0,3.396,320.7,0.00212,0.00071,17,Trung bình
7.8,218.1,743.5,0.457,70.5,0.00215,0.0025,170,Trung bình
7.17,205.1,316.1,0.456,207.2,0.00032,0.0014,17,Tốt
7.6,84.9,907.2,0.059,104.1,0.00443,0.04749,2714,Nguy hiểm
5.42,626.7,277.5,0.707,712.0,0.00305,0.00877,15,Kém
8.0,179.9,128.3,4.891,146.0,0.00318,0.00721,4877,Nguy hiểm
7.62,95.2,2103.9,4.639,631.4,0.00138,0.00451,3,Kém
7.57,569.0,1543.4,0.837,559.5,0.0052,0.00074,12,Kém
7.21,608.8,479.2,4.706,158.5,0.00062,0.00675,179,Kém
7.05,87.8,2179.1,0.456,546.5,0.02378,0.00044,651,Kém
6.76,80.8,1006.5,1.621,148.8,0.10141,0.03578,4710,Nguy hiểm
5.27,563.0,1962.1,0.623,210.3,0.0058,0.00057,795,Kém
7.68,103.0,1037.9,1.136,333.0,0.01133,0.0013,8,Trung bình
7.63,154.1,334.6,1.604,73.8,4e-05,0.00084,3,Tốt
6.97,127.9,433.7,1.636,52.8,0.00174,0.0005,3,Tốt
6.21,120.0,120.5,1.678,56.3,0.00094,0.00371,3,Trung bình
7.79,110.6,179.0,1.634,126.2,0.0027,0.001,5,Tốt
3.76,172.4,145.6,1.896,174.9,0.01087,0.01595,6,Nguy hiểm
6.92,209.2,470.9,1.362,119.4,5e-05,0.00073,16,Tốt
7.87,163.1,206.2,4.109,194.8,0.01198,0.00145,9,Trung bình
7.05,200.9,453.6,0.485,171.2,0.00765,0.0014,5,Tốt
9.92,540.3,138.8,1.62,105.7,0.02516,0.00014,3,Kém
10.11,599.0,269.7,4.95,59.7,0.00548,0.00102,559,Kém
7.08,154.6,420.6,1.82,45.4,0.00249,0.00054,15,Tốt
7.87,641.5,186.2,1.906,66.6,0.00392,0.00753,802,Kém
6.06,375.5,302.9,0.853,100.0,0.01209,0.02165,19,Nguy hiểm
7.97,114.3,238.7,0.37,56.4,0.00756,0.00055,20,Tốt
11.31,109.3,143.1,0.379,114.3,0.18025,0.0339,509,Nguy hiểm
7.95,175.9,203.3,0.986,1134.4,0.01325,0.00099,3,Nguy hiểm
5.18,347.4,178.8,4.553,60.6,0.0009,0.00858,0,Kém
7.11,189.3,257.1,7.65,1067.6,0.00359,0.01654,9,Nguy hiểm
7.16,218.4,733.4,0.077,70.7,0.01444,0.00115,10,Trung bình
6.91,117.0,206.6,0.078,65.1,0.01355,0.00024,145,Trung bình
7.98,132.4,90.2,1.026,54.7,0.00419,0.00038,25,Tốt
5.31,426.6,2000.8,1.828,773.8,0.03914,0.00105,14,Kém
8.01,84.7,255.1,1.227,106.8,0.00032,0.00135,19,Tốt
7.09,711.4,321.0,4.237,793.2,0.00164,0.00336,17,Kém
8.57,86.5,101.4,0.07,75.1,0.00477,0.00079,5,Trung bình
9.71,200.9,316.6,0.944,49.8,0.04094,0.00616,561,Kém
11.98,176.0,369.6,1.768,642.8,0.00639,0.0004,20,Nguy hiểm
7.55,565.9,1902.0,4.504,155.5,0.00091,0.00627,59,Kém
7.74,365.2,332.9,0.026,273.3,0.00695,4e-05,12,Trung bình
8.1,179.8,217.5,1.12,47.1,0.00523,0.00067,14,Tốt
8.18,165.2,113.1,0.439,104.5,0.00455,8e-05,7,Tốt
7.43,196.5,177.4,0.958,285.0,0.00471,0.00274,165,Trung bình
7.0,159.0,911.8,0.058,160.1,0.00154,0.0009,7,Trung bình
7.64,207.9,366.9,1.743,83.4,0.00681,1e-05,20,Tốt
7.78,310.4,853.7,4.124,92.0,0.00138,0.00051,2,Trung bình
9.87,109.6,86.7,1.165,812.3,0.02643,0.00083,24,Kém
7.08,175.1,117.7,1.621,70.1,0.00213,0.00124,3,Tốt
7.32,136.0,260.7,3.237,83.3,0.00277,0.00046,147,Trung bình
4.78,177.4,810.7,0.827,404.7,0.00525,0.0013,2,Nguy hiểm
6.85,127.9,882.9,4.603,71.6,0.02716,0.00517,471,Kém
8.03,131.0,826.9,0.406,158.6,0.00178,4e-05,159,Trung bình
8.05,172.5,494.3,0.751,50.5,0.00693,0.00112,16,Tốt
7.2,83.4,476.4,1.984,105.5,0.00609,0.00053,14,Tốt
5.18,523.6,354.7,1.398,152.4,0.02219,0.00128,806,Kém
7.63,148.6,222.7,0.34,115.4,0.00143,0.00116,19,Tốt
6.4,169.8,262.9,0.411,179.1,0.12326,0.00134,14,Nguy hiểm
5.19,157.2,159.2,4.481,112.2,0.00206,0.02678,23,Nguy hiểm
8.18,204.2,385.0,0.345,213.3,0.0048,0.00128,13,Tốt
7.87,326.9,465.7,1.942,186.1,0.00271,0.00256,11,Trung bình
6.1,215.4,153.1,1.106,177.8,0.00785,0.00093,150,Trung bình
7.46,173.3,2650.8,9.897,375.0,0.00323,0.02203,17,Nguy hiểm
8.92,419.8,340.3,1.1,57.9,0.00096,0.00056,7,Trung bình
8.18,135.9,183.7,1.159,63.8,0.00742,0.00017,18,Tốt
5.45,211.6,1704.2,1.259,676.4,0.02348,0.0001,1,Kém
4.43,95.0,191.4,8.644,510.4,0.00707,0.00072,2163,Nguy hiểm
9.69,159.3,266.5,1.721,64.1,0.02814,0.00456,2,Kém
8.04,123.9,413.2,1.645,214.1,0.00689,0.00011,13,Tốt
7.42,142.7,425.8,0.504,212.9,0.00166,0.00026,7,Tốt
7.0,175.4,1743.4,0.066,139.8,0.00112,0.00792,233,Kém
7.69,82.4,406.2,0.401,208.2,0.01054,0.00352,11,Trung bình
7.82,153.9,189.4,1.288,134.5,0.00782,0.00043,19,Tốt
7.81,150.3,324.0,9.468,1352.2,0.0948,0.00134,11,Nguy hiểm
10.28,196.5,354.9,1.062,132.4,0.01993,0.00523,478,Kém
9.8,563.2,447.9,1.538,387.6,0.00361,0.00889,0,Kém
7.4,174.7,230.0,0.806,58.0,0.00632,0.00112,7,Tốt
11.56,201.9,415.9,1.758,155.8,0.02031,0.00114,7,Nguy hiểm
6.79,611.8,231.1,1.303,1358.6,0.01168,0.0008,3023,Nguy hiểm
9.06,98.2,280.6,3.985,175.6,0.00083,0.00071,20,Trung bình
7.02,106.1,120.7,1.809,79.5,0.0077,0.00234,149,Trung bình
4.5,170.9,403.8,6.274,1354.2,0.00612,0.00466,7,Nguy hiểm
7.1,174.2,472.1,0.994,1136.1,0.09166,0.00137,115,Nguy hiểm
6.97,809.4,93.6,1.019,199.6,0.00641,0.02808,102,Nguy hiểm
7.43,198.1,452.2,1.083,46.8,0.00432,0.00013,5,Tốt
7.49,553.8,2185.4,0.915,641.7,0.01136,0.00145,726,Kém
7.46,172.4,98.9,4.407,158.9,0.03421,0.00658,620,Kém
7.23,195.4,388.4,0.081,87.2,0.00336,0.0032,164,Trung bình
9.76,685.8,358.9,4.742,151.8,0.01148,0.00553,15,Kém
7.24,712.4,314.6,4.236,826.6,0.04456,0.00106,20,Kém
11.44,214.8,246.7,4.72,144.8,0.00737,0.00072,21,Nguy hiểm
7.95,113.9,824.4,0.71,331.9,0.01376,0.00111,22,Trung bình
6.75,99.2,2366.8,1.399,1206.0,0.01812,0.0206,15,Nguy hiểm
7.53,166.2,997.4,0.324,295.5,0.00047,0.00041,15,Trung bình
7.84,679.6,277.6,4.888,166.5,0.02345,0.00816,2,Kém
6.81,135.9,292.1,0.481,218.0,0.0072,0.00662,4159,Nguy hiểm
4.14,408.4,338.1,0.414,99.2,0.00622,0.00142,1,Nguy hiểm
8.15,600.1,128.7,4.564,125.6,0.02865,0.00066,558,Kém
6.81,217.5,907.4,1.652,82.5,0.00623,0.0028,24,Trung bình
6.15,165.9,882.9,0.36,188.7,0.00164,0.00109,14,Trung bình
9.69,171.1,274.9,4.593,198.2,0.0418,0.00117,171,Kém
6.8,185.1,140.0,0.056,386.4,0.00422,0.00368,23,Trung bình
7.35,337.1,409.6,7.562,111.5,0.00404,0.00078,13,Nguy hiểm
7.07,618.0,1898.1,1.247,88.0,0.02423,0.00052,684,Kém
7.47,145.9,96.3,0.752,126.6,0.00411,0.00048,21,Tốt
8.64,122.3,748.2,0.911,53.6,0.00549,0.00114,19,Trung bình
4.87,191.6,436.9,4.296,146.4,0.00669,0.0007,22,Nguy hiểm
7.82,89.0,177.4,0.823,282.7,0.0118,0.00066,23,Trung bình
8.09,193.2,420.8,1.502,74.5,0.00358,0.0034,102,Trung bình
9.65,115.4,147.2,3.606,205.3,0.06198,0.00101,65,Nguy hiểm
7.47,339.8,116.3,1.999,172.1,0.00225,0.00223,24,Trung bình
5.1,81.7,334.3,1.821,151.2,0.03341,0.00884,353,Kém
5.22,108.8,192.6,0.845,313.5,0.03624,0.00543,8,Kém
7.53,203.6,757.7,0.061,132.9,0.00712,0.00079,58,Trung bình
7.37,174.3,329.4,1.497,214.6,0.00611,4e-05,11,Tốt
7.69,144.0,212.2,0.642,73.9,0.00562,0.00045,22,Tốt
3.97,167.1,321.0,0.832,400.2,0.00244,0.00123,4,Nguy hiểm
7.24,90.6,162.7,1.829,105.1,0.0047,0.00073,12,Tốt
7.66,109.2,226.7,1.768,1269.2,0.03136,0.00129,8,Nguy hiểm
7.07,129.7,198.8,0.396,93.8,0.00713,0.00046,8,Tốt
6.77,197.0,391.9,1.668,1127.8,0.01363,0.00027,17,Nguy hiểm
6.82,585.0,102.3,4.693,1194.1,0.00097,4e-05,19,Nguy hiểm
4.44,557.3,2112.8,6.149,126.9,0.0041,0.00142,16,Nguy hiểm
8.81,144.0,453.7,1.24,123.8,0.077,0.00017,19,Nguy hiểm
4.31,944.7,482.1,0.403,95.0,0.00264,0.04999,1849,Nguy hiểm
7.83,151.2,196.4,0.302,47.5,0.00742,0.00132,24,Tốt
5.11,148.2,154.1,1.978,165.4,0.03454,0.00672,853,Kém
7.2,97.1,335.1,0.605,62.7,0.00732,0.00084,22,Tốt
5.35,640.6,1891.3,0.511,41.8,0.00376,0.00048,835,Kém
7.97,86.6,991.0,0.773,127.2,0.00374,0.00376,19,Trung bình
7.41,414.0,312.0,0.608,313.6,0.01384,0.00118,1,Trung bình
7.79,216.2,319.7,0.495,164.3,0.00043,0.00135,4,Tốt
6.93,118.8,317.4,0.65,52.6,0.00743,0.00056,25,Tốt
6.94,513.8,1634.4,0.344,102.9,0.03183,0.0007,24,Kém
8.83,192.4,909.4,1.435,266.4,0.00407,0.00147,10,Trung bình
8.74,186.1,488.4,4.275,579.5,0.00193,0.00795,797,Kém
7.63,215.6,426.3,0.502,146.4,0.00155,0.00073,11,Tốt
7.54,167.5,413.9,1.524,47.2,0.00293,6e-05,0,Tốt
7.72,542.4,461.9,9.309,52.3,0.00629,0.01566,498,Nguy hiểm
7.69,596.8,499.0,0.876,773.7,0.19575,0.00084,102,Nguy hiểm
7.86,705.4,380.8,0.776,640.0,0.04361,0.00078,781,Kém
7.67,663.7,242.7,1.279,208.0,0.02774,0.00094,739,Kém
5.22,155.9,1949.4,1.811,104.5,0.04497,0.00023,3,Kém
7.86,170.1,950.5,0.398,203.4,0.0051,0.00338,24,Trung bình
7.78,208.3,148.0,1.781,100.7,0.00413,0.00121,8,Tốt
8.14,102.5,1749.4,0.531,620.8,0.00165,0.00847,20,Kém
7.54,204.9,91.6,0.673,184.3,0.00176,8e-05,4,Tốt
7.98,219.6,939.4,4.876,769.5,0.03154,0.00757,8,Kém
10.22,87.4,97.1,0.58,104.9,0.09305,0.00108,20,Nguy hiểm
7.17,184.1,871.3,1.876,381.0,0.00283,0.00028,165,Trung bình
10.14,89.5,1910.1,0.585,126.1,0.00797,0.00034,601,Kém
7.45,178.6,846.2,0.929,353.2,0.013,0.00098,13,Trung bình
7.09,113.4,294.7,0.351,101.2,0.00387,0.00106,15,Tốt
7.93,172.8,333.9,1.328,48.6,0.00386,0.00103,14,Tốt
6.92,88.2,352.7,0.083,98.1,0.00125,0.00287,21,Trung bình
5.23,115.8,2809.5,1.815,53.2,0.01399,0.00136,3755,Nguy hiểm
9.72,582.1,290.8,4.815,67.7,0.00348,0.00044,578,Kém
7.06,594.4,185.3,1.918,683.1,0.00078,0.00887,651,Kém
6.37,216.0,797.4,1.473,209.3,0.00421,0.00017,141,Trung bình
7.25,188.1,431.7,1.324,197.1,0.00422,0.00062,8,Tốt
7.6,125.0,405.1,0.665,82.7,0.00086,0.00124,0,Tốt
7.99,413.0,248.2,1.97,358.2,0.01324,0.00136,4,Trung bình
8.2,129.9,338.6,1.941,410.4,0.01233,0.00105,105,Trung bình
5.25,154.7,1611.0,4.329,116.8,0.03237,0.00032,23,Kém
7.01,89.0,1950.2,4.666,153.8,0.04135,0.00469,1,Kém
7.52,110.3,146.4,1.865,86.9,0.01057,0.00084,59,Trung bình
7.03,178.0,212.3,9.596,136.5,0.01125,0.00065,23,Nguy hiểm
6.96,172.1,287.0,0.967,825.8,0.01621,0.00758,24,Kém
5.12,567.1,1971.2,1.108,642.5,0.00442,5e-05,16,Kém
10.06,85.2,177.3,1.681,343.9,0.00719,0.0057,311,Kém
5.27,98.6,477.8,1.208,777.2,0.03194,0.00114,549,Kém
8.09,823.3,110.7,0.738,83.9,0.0122,0.04798,2101,Nguy hiểm
8.12,316.9,487.8,0.559,70.4,0.00587,0.00233,17,Trung bình
9.65,533.1,117.1,1.414,218.9,0.01645,0.00042,20,Kém
7.39,129.3,191.5,0.84,1211.3,0.15589,0.00021,14,Nguy hiểm
6.86,350.8,288.0,1.489,398.4,0.00705,0.00022,96,Trung bình
11.41,217.9,721.6,4.164,411.1,0.00545,0.00012,23,Nguy hiểm
11.5,308.5,110.3,9.953,97.2,0.00221,0.00122,4,Nguy hiểm
6.34,357.8,489.2,1.259,108.9,0.00309,0.00141,17,Trung bình
6.75,180.7,92.9,4.296,619.0,0.01927,8e-05,832,Kém
7.07,185.9,972.2,1.504,112.7,0.01201,0.00309,22,Trung bình
6.79,166.4,465.2,1.474,161.1,0.00687,0.00062,11,Tốt
7.44,110.2,344.9,0.732,80.4,0.00374,0.00067,1,Tốt
8.95,403.0,163.1,1.554,82.6,0.19854,0.00044,314,Nguy hiểm
8.19,94.5,459.5,1.883,212.9,0.00561,0.00114,12,Tốt
7.77,201.3,499.8,1.675,116.4,0.00498,0.00125,18,Tốt
7.59,80.6,479.4,1.923,100.4,0.00381,0.00121,22,Tốt
7.46,346.3,1865.6,1.55,710.4,0.00695,0.0082,7,Kém
7.03,570.6,225.7,0.482,621.4,0.00065,0.00806,15,Kém
11.04,127.2,94.6,1.955,59.2,0.00422,0.00259,3,Nguy hiểm
9.7,690.0,169.9,0.307,572.3,0.00437,0.00141,123,Kém
8.17,329.3,424.4,3.373,210.7,0.00064,0.0009,7,Trung bình
7.94,308.5,215.0,8.085,123.7,0.04417,0.00056,2,Nguy hiểm
7.35,197.5,121.2,1.693,155.0,0.00487,0.00043,2,Tốt
10.86,892.0,204.8,1.866,65.4,0.00705,0.00117,13,Nguy hiểm
8.12,155.9,148.1,0.973,214.7,0.00356,0.00063,10,Tốt
6.92,147.0,766.2,1.15,370.2,0.00044,0.00125,5,Trung bình
7.38,132.1,195.6,1.832,151.6,0.0056,1e-05,19,Tốt
7.17,185.2,153.0,0.874,85.3,0.00551,0.00379,103,Trung bình
6.93,136.4,185.4,1.807,296.7,0.00226,0.00064,1857,Nguy hiểm
7.47,165.3,89.4,1.171,130.4,0.00166,0.00048,13,Tốt
5.23,124.1,330.5,0.51,80.3,0.03377,0.00573,696,Kém
9.75,697.4,1970.0,3.51,121.8,0.00332,0.00077,24,Kém
6.83,155.7,185.2,0.699,1129.0,0.00154,0.02568,7,Nguy hiểm
6.78,201.8,497.8,1.635,201.8,0.01121,0.0029,117,Trung bình
7.6,593.3,1996.8,0.69,213.4,0.00689,0.00856,409,Kém
7.61,163.2,2149.7,4.885,201.4,0.01328,0.00025,566,Kém
7.13,137.3,346.6,1.454,141.2,0.00654,0.00135,16,Tốt
8.12,423.2,195.3,0.557,125.4,0.00382,0.00253,72,Trung bình
7.3,167.7,465.4,9.34,166.3,0.00296,0.00013,2800,Nguy hiểm
7.24,191.5,309.0,3.509,99.9,0.00504,0.03235,7,Nguy hiểm
7.73,208.2,89.5,3.238,164.3,0.17123,0.00148,14,Nguy hiểm
7.62,116.5,118.4,1.262,149.4,0.00519,0.00025,24,Tốt
7.63,557.2,189.0,0.744,138.0,0.03905,0.00523,21,Kém
7.19,81.5,1799.3,4.49,392.6,0.02328,0.00879,19,Kém
6.73,145.1,409.7,3.218,137.4,0.0021,0.00357,19,Trung bình
8.07,401.5,235.9,0.965,60.5,0.00262,0.00356,18,Trung bình
7.11,421.6,1089.7,1.975,102.5,0.01162,0.00086,21,Trung bình
7.98,163.6,230.3,0.552,213.3,0.0051,0.00072,21,Tốt
6.98,144.9,227.7,9.045,753.3,0.00789,0.00569,5,Nguy hiểm
7.8,328.6,1061.9,1.229,152.5,0.01187,6e-05,9,Trung bình
10.01,82.6,268.8,1.966,64.5,0.01065,0.04798,4995,Nguy hiểm
6.84,109.0,795.1,0.08,100.7,0.00195,0.00318,22,Trung bình
6.76,183.2,489.1,1.727,147.2,0.00367,0.00087,16,Tốt
6.86,314.1,951.2,0.829,191.5,0.0043,0.00231,8,Trung bình
7.03,98.2,220.6,1.25,95.8,0.00372,0.00283,135,Trung bình
6.97,83.1,267.2,1.894,85.7,0.00601,0.00057,3,Tốt
9.94,91.8,392.3,0.795,823.2,0.00798,0.00781,309,Kém
7.59,351.7,326.3,3.388,405.2,0.00407,0.00124,16,Trung bình
9.77,151.4,1791.0,0.416,771.2,0.00097,0.00054,734,Kém
9.65,214.4,1800.6,1.36,691.2,0.00665,0.00695,144,Kém
7.66,428.5,499.3,1.478,156.4,0.00744,0.0027,13,Trung bình
7.39,872.9,96.0,0.337,178.0,0.00791,0.00021,1546,Nguy hiểm
7.33,638.4,229.9,1.561,59.9,0.02938,0.00027,655,Kém
7.9,336.2,293.9,0.062,185.2,0.0025,0.00095,153,Trung bình
8.99,192.2,412.8,1.463,277.7,0.01145,0.0011,24,Trung bình
6.0,170.8,495.5,3.202,331.8,0.00377,0.00025,8,Trung bình
6.16,519.7,1869.1,0.612,152.1,0.01829,0.00607,19,Kém
7.6,139.9,169.4,0.811,210.8,0.00283,8e-05,18,Tốt
7.94,185.8,488.6,0.49,114.4,0.00189,0.00128,4,Tốt
6.32,125.3,914.1,8.693,112.0,0.00745,0.0013,2,Nguy hiểm
7.92,158.8,318.5,4.897,68.9,2e-05,0.00144,4848,Nguy hiểm
5.13,86.1,1682.4,0.377,295.0,0.02568,0.00679,17,Kém
7.97,529.0,2127.8,1.918,519.8,0.00363,0.0066,115,Kém
7.9,139.2,141.1,1.23,47.5,0.0017,0.00135,19,Tốt
5.22,154.8,1676.6,1.049,419.8,0.00139,0.00817,214,Kém
9.8,85.6,2142.7,1.543,262.8,0.02928,0.00116,839,Kém
6.81,104.3,400.7,1.365,72.3,0.00273,0.00056,12,Tốt
7.03,130.4,349.3,1.823,185.7,0.00186,0.00033,17,Tốt
7.22,138.0,130.9,1.861,120.1,0.00206,0.00039,4,Tốt
7.83,330.4,161.5,0.776,1352.5,0.00115,0.00034,14,Nguy hiểm
5.22,135.9,483.7,4.911,106.1,0.02918,0.00066,595,Kém
6.71,405.5,254.6,1.271,156.3,0.00085,0.0023,155,Trung bình
7.86,186.4,415.0,0.402,136.4,0.00546,0.00115,10,Tốt
10.07,670.2,341.3,0.925,569.2,0.00291,0.0014,661,Kém
6.16,214.8,1710.0,0.486,72.2,0.00467,0.00639,464,Kém
6.82,129.7,243.4,1.247,140.8,0.00366,0.00134,24,Tốt
7.54,708.2,210.9,0.969,195.6,0.10785,0.0015,101,Nguy hiểm
8.19,176.5,201.5,4.795,1057.4,0.00145,0.00023,25,Nguy hiểm
9.78,174.4,311.5,1.94,75.7,0.14479,0.00146,7,Nguy hiểm
4.02,841.5,195.4,1.287,158.3,0.00121,0.0048,146,Nguy hiểm
6.82,667.7,1954.7,1.387,840.0,0.00425,0.00064,519,Kém
7.57,103.6,260.7,1.643,172.9,0.00517,0.0009,11,Tốt
4.44,124.6,384.0,1.596,65.2,0.00661,0.01575,11,Nguy hiểm
7.87,97.7,355.0,0.532,190.5,0.00471,0.00067,23,Tốt
8.76,111.4,187.8,0.055,216.2,0.00157,0.00036,18,Trung bình
7.85,694.0,1915.8,1.522,167.3,0.00233,0.00025,828,Kém
6.98,110.1,426.4,1.11,112.8,0.00271,0.00104,17,Tốt
8.8,193.1,156.0,8.913,1227.5,0.00186,0.00117,7,Nguy hiểm
7.16,324.2,369.0,3.805,195.9,0.0069,0.00347,12,Trung bình
7.2,601.5,155.6,1.079,567.0,0.00439,0.00679,14,Kém
7.46,386.9,796.9,0.404,107.9,0.00085,0.00331,16,Trung bình
7.02,194.5,294.1,0.877,103.3,0.00462,0.0012,16,Tốt
7.76,375.1,869.5,1.723,417.6,0.00175,0.00044,24,Trung bình
7.81,612.9,2076.7,1.803,110.6,0.00697,0.00663,16,Kém
11.4,122.9,258.3,0.36,1375.6,0.00254,0.00046,22,Nguy hiểm
6.75,343.9,303.3,0.68,271.4,0.00797,0.00096,13,Trung bình
3.63,624.1,2707.7,0.411,120.7,0.00352,0.00255,24,Nguy hiểm
8.93,92.9,320.0,0.052,399.3,0.00638,0.00087,24,Trung bình
8.0,147.4,135.9,1.796,58.0,0.00536,0.00141,24,Tốt
8.13,590.4,1696.3,1.107,107.4,0.01791,0.00087,98,Kém
6.91,183.2,220.0,6.355,316.4,0.0719,4e-05,466,Nguy hiểm
8.95,177.0,249.6,0.561,176.1,0.00109,0.00127,111,Trung bình
10.08,197.3,167.1,3.226,842.9,0.03216,0.00643,4,Kém
5.12,539.8,2041.0,0.864,676.0,0.00181,0.00014,22,Kém
7.15,196.2,256.7,1.804,121.7,0.00563,0.00118,2,Tốt
9.69,104.7,85.4,4.806,542.6,0.01197,0.00587,9,Kém
8.18,99.3,370.4,4.793,111.4,0.02852,0.02516,7,Nguy hiểm
7.15,162.4,261.8,0.328,47.5,0.00209,8e-05,6,Tốt
7.12,394.4,329.4,0.544,374.0,0.0141,0.0001,22,Trung bình
6.27,180.8,860.6,0.395,45.3,0.00424,0.00023,23,Trung bình
11.58,602.1,404.4,8.29,175.9,0.00497,0.0055,16,Nguy hiểm
7.23,113.8,201.6,1.657,40.7,0.00642,0.00135,22,Tốt
6.87,162.1,286.2,0.559,197.7,0.00654,0.00146,12,Tốt
10.18,642.6,1845.8,4.501,135.7,0.00185,0.00138,17,Kém
7.33,116.3,160.0,1.519,58.2,0.0038,0.0008,24,Tốt
6.44,313.0,103.9,0.735,50.5,0.00045,0.00013,21,Trung bình
10.13,353.6,481.7,1.856,561.1,0.00718,0.00603,559,Kém
3.56,112.5,336.6,1.371,804.9,0.00115,0.00033,5,Nguy hiểm
5.41,214.0,329.2,4.797,67.9,0.01329,0.00102,420,Kém
6.71,351.5,308.4,1.669,1116.4,0.00744,0.0007,4797,Nguy hiểm
8.14,143.3,173.1,1.591,195.1,0.00046,0.00142,12,Tốt
7.6,654.0,478.6,4.74,535.1,0.04016,0.00098,16,Kém
8.0,178.9,451.3,0.381,74.4,0.0053,0.01416,74,Nguy hiểm
7.61,127.0,199.7,1.911,204.9,0.00753,0.00049,24,Tốt
7.65,145.2,106.6,1.327,196.4,0.00239,0.00147,8,Tốt
6.03,397.5,418.3,1.931,207.7,0.09577,0.04384,18,Nguy hiểm
7.05,614.7,214.7,1.927,761.4,0.04444,0.00073,373,Kém
6.94,108.9,1964.6,1.257,81.7,0.00428,0.00776,734,Kém
7.95,178.9,269.4,1.098,160.6,0.01129,0.00115,177,Trung bình
7.14,121.9,260.5,1.737,49.7,0.00639,0.00047,3,Tốt
7.4,166.1,359.5,1.984,76.0,0.00499,0.00046,9,Tốt
6.9,137.6,92.8,0.687,169.5,0.01416,0.00314,89,Trung bình
7.96,103.3,157.9,1.623,105.0,0.00142,0.00146,21,Tốt
5.39,582.8,1904.0,0.392,175.6,0.00098,0.00075,742,Kém
7.41,191.7,884.3,0.893,52.3,0.00253,0.00067,114,Trung bình
11.48,202.6,213.3,1.681,195.5,0.00065,0.00018,1254,Nguy hiểm
6.74,145.4,2581.1,0.046,1336.4,3e-05,0.00082,98,Nguy hiểm
6.9,208.6,317.0,1.639,179.1,0.00465,0.0002,5,Tốt
6.87,668.3,1629.0,0.83,677.8,0.00522,0.00079,379,Kém
7.63,201.5,329.0,1.105,159.7,0.00613,0.0014,6,Tốt
7.87,376.5,951.6,0.64,128.2,0.00675,4e-05,109,Trung bình
7.23,533.2,821.7,0.4,129.4,0.00701,0.00611,305,Kém
6.88,205.1,124.3,0.651,100.1,0.00135,0.00014,16,Tốt
7.34,124.9,418.8,0.482,147.1,0.00417,0.0,5,Tốt
6.72,84.6,218.9,1.453,62.9,0.00112,0.00034,11,Tốt
8.66,192.5,228.4,1.102,109.0,0.01125,0.00093,9,Trung bình
6.98,206.6,337.0,1.217,110.1,0.00661,0.00133,2,Tốt
6.92,994.9,150.4,1.348,292.9,0.14798,0.00013,3765,Nguy hiểm
7.45,195.1,893.2,0.077,200.0,0.00297,0.00064,137,Trung bình
8.18,176.2,463.0,3.777,64.7,0.00544,0.00351,17,Trung bình
11.93,832.4,310.5,8.013,217.7,0.00786,0.0008,25,Nguy hiểm
7.94,340.2,494.9,1.346,409.8,0.00441,7e-05,15,Trung bình
7.36,177.4,972.0,1.905,218.5,0.01402,0.00032,116,Trung bình
7.05,173.8,198.3,0.577,358.1,0.00542,0.00247,7,Trung bình
6.32,206.5,301.6,1.403,337.2,0.00777,0.00279,24,Trung bình
8.01,206.7,477.4,1.197,77.5,0.0004,0.00137,4,Tốt
7.28,211.3,1086.5,1.485,148.6,0.00521,0.00336,18,Trung bình
7.66,85.0,257.1,0.507,68.6,0.00342,0.00027,10,Tốt
8.07,174.5,130.2,1.165,55.1,0.00533,0.00078,7,Tốt
3.88,141.3,456.4,5.355,1212.3,0.01107,0.00132,10,Nguy hiểm
7.6,81.9,1863.4,0.501,180.5,0.03932,0.00787,2,Kém
7.54,130.3,714.3,1.166,173.4,0.00619,0.00297,81,Trung bình
8.93,382.2,82.7,4.345,1091.4,0.00157,0.00134,15,Nguy hiểm
6.04,125.1,802.5,1.837,98.6,0.00269,0.00107,20,Trung bình
8.04,629.2,330.9,4.212,282.3,0.00236,0.00625,390,Kém
9.74,151.7,2169.6,0.861,533.4,0.00129,0.00813,21,Kém
8.15,403.6,230.4,0.612,51.2,0.00563,0.02747,23,Nguy hiểm
6.07,149.6,154.5,5.883,589.8,0.00173,0.00099,15,Nguy hiểm
7.66,195.2,489.6,1.186,190.5,0.00149,0.00035,1,Tốt
7.0,206.5,1720.2,6.88,77.9,0.00564,0.00078,831,Nguy hiểm
6.91,211.0,1025.5,1.038,286.1,0.00044,0.00032,156,Trung bình
8.57,133.4,84.8,9.038,1211.6,0.00287,0.00307,6,Nguy hiểm
7.7,125.4,1025.9,1.075,386.1,0.00562,0.00089,146,Trung bình
7.38,142.7,429.1,0.928,215.9,0.00288,0.00084,18,Tốt
6.97,96.2,139.8,0.878,142.8,0.00612,0.00114,19,Tốt
5.11,622.4,324.0,1.527,669.8,0.00462,0.00562,166,Kém
8.05,312.6,213.3,0.783,269.9,0.00746,0.00051,20,Trung bình
8.03,92.4,122.5,1.656,187.3,0.00358,0.00063,3,Tốt
8.12,641.8,311.9,4.818,534.5,0.00195,0.00504,16,Kém
7.97,183.0,277.1,0.034,106.0,0.01087,0.00046,1,Trung bình
5.43,328.1,197.7,1.199,1086.2,0.00194,0.00134,11,Nguy hiểm
11.34,139.6,253.2,1.335,115.1,0.01983,0.00237,5,Nguy hiểm
6.86,138.1,379.5,0.069,342.4,0.00607,0.00048,162,Trung bình
6.81,100.5,392.6,1.718,165.4,0.04026,0.00835,213,Kém
7.65,635.7,1737.8,1.774,173.1,0.03637,0.00012,9,Kém
6.9,90.6,438.7,1.249,82.9,0.00641,0.00145,3,Tốt
6.43,106.8,247.5,0.633,180.3,0.01272,0.0005,163,Trung bình
8.71,394.3,469.6,1.651,42.7,0.00629,0.00319,8,Trung bình
7.81,90.2,499.2,0.818,101.9,0.00107,0.0,9,Tốt
8.1,133.8,870.7,1.445,63.5,0.01175,0.0037,3,Trung bình
7.52,162.0,81.3,0.777,202.4,0.00073,0.0008,22,Tốt
7.84,159.7,2895.7,1.49,1277.5,0.00244,0.00093,818,Nguy hiểm
11.16,425.4,368.5,4.596,84.9,0.003,0.00634,15,Nguy hiểm
7.48,189.4,343.9,3.835,158.9,0.01282,0.00135,7,Trung bình
7.7,107.7,184.5,4.5,178.1,0.0064,0.00104,2770,Nguy hiểm
3.58,133.0,1970.6,1.45,170.1,0.0162,0.04936,15,Nguy hiểm
5.12,559.5,93.2,1.368,100.2,6e-05,0.00053,889,Kém
6.38,212.3,320.7,1.37,143.4,0.0059,0.0011,127,Trung bình
11.64,353.9,2055.4,7.316,118.8,0.00352,0.00111,4,Nguy hiểm
7.24,213.4,786.3,1.458,42.0,0.00336,0.00053,141,Trung bình
7.6,195.2,399.9,1.917,175.5,0.00052,0.00042,21,Tốt
7.05,611.0,398.5,4.564,643.9,0.01447,0.00093,5,Kém
11.45,192.6,364.1,0.508,72.1,0.00126,0.00052,1219,Nguy hiểm
7.7,130.7,181.4,5.731,42.9,0.00041,0.02466,391,Nguy hiểm
7.5,212.3,1550.0,0.758,168.6,0.03602,0.0025,342,Kém
6.96,93.9,375.4,1.063,151.2,0.08465,0.00025,1499,Nguy hiểm
5.41,127.0,454.0,6.968,166.0,0.00025,0.04301,1981,Nguy hiểm
7.69,90.7,256.2,0.57,97.5,0.00274,0.00053,14,Tốt
7.64,516.5,144.5,0.912,146.1,0.04392,0.00618,786,Kém
7.34,129.2,230.0,1.791,97.5,0.00064,0.00221,126,Trung bình
7.91,100.6,310.4,1.761,187.8,0.00257,0.0,20,Tốt
8.16,383.3,282.9,4.735,99.1,0.00426,0.01717,1391,Nguy hiểm
6.88,413.3,109.7,0.943,213.6,0.01159,0.00028,16,Trung bình
7.33,632.2,1625.5,1.159,154.3,0.00084,0.00062,452,Kém
7.09,201.6,458.9,1.778,134.3,0.00629,0.00078,1,Tốt
7.33,165.6,247.5,1.634,120.3,0.00235,0.00134,14,Tốt
9.93,540.5,342.0,4.34,151.8,0.00089,0.00592,5,Kém
7.06,171.8,2946.3,1.389,1301.7,0.00385,0.00373,12,Nguy hiểm
7.31,901.8,277.1,1.836,60.1,0.17751,0.0066,1638,Nguy hiểm
7.26,421.8,1081.3,1.147,85.2,0.00199,0.00077,25,Trung bình
3.77,837.0,237.3,1.967,1267.1,0.00074,4e-05,3808,Nguy hiểm
8.03,404.1,237.4,1.743,60.0,0.00154,0.00225,8,Trung bình
7.82,656.6,1714.2,1.277,709.6,0.03899,0.00053,2,Kém
8.13,191.7,420.9,0.632,95.5,0.00741,0.00077,24,Tốt
8.11,192.0,440.2,0.664,123.2,0.00334,0.00082,11,Tốt
3.52,151.8,399.3,1.631,1275.9,0.00341,0.00015,3983,Nguy hiểm
4.28,170.8,332.7,1.079,146.5,0.00275,0.001,3506,Nguy hiểm
6.07,325.3,412.3,0.999,49.1,0.01305,0.00035,25,Trung bình
4.69,81.4,319.0,1.698,191.9,0.05808,0.00055,6,Nguy hiểm
4.08,131.9,359.1,8.934,93.8,0.00727,0.00125,17,Nguy hiểm
7.2,120.5,262.7,0.533,195.4,0.0009,0.00124,5,Tốt
8.96,420.0,910.4,0.312,129.4,0.007,0.00084,1579,Nguy hiểm
7.25,100.7,422.6,0.041,326.7,0.00238,0.0012,126,Trung bình
7.39,423.2,948.4,0.485,144.1,0.00578,0.00046,6,Trung bình
9.64,316.6,182.4,1.233,829.3,0.02578,0.00138,734,Kém
7.98,158.4,106.7,1.769,115.8,0.01213,0.00272,10,Trung bình
7.26,149.9,301.6,1.295,210.6,0.00489,0.00068,2,Tốt
7.72,153.4,934.4,3.543,260.7,0.00602,0.00071,6,Trung bình
10.29,113.2,450.8,0.553,53.1,0.02736,0.00774,57,Kém
11.5,94.3,988.1,3.563,1272.2,0.00321,0.00075,6,Nguy hiểm
7.83,87.9,375.4,0.506,168.2,0.00036,0.00093,18,Tốt
7.8,108.5,822.1,9.492,297.1,0.02162,0.00101,21,Nguy hiểm
5.4,84.5,2099.9,4.774,301.3,0.00329,0.00112,714,Kém
7.24,217.5,914.0,1.674,318.6,0.00373,0.00065,9,Trung bình
8.06,186.6,381.6,1.283,184.1,0.00353,0.00141,16,Tốt
7.61,110.2,282.6,1.33,94.5,0.00555,0.00105,6,Tốt
5.44,632.2,3098.1,0.666,100.0,0.08253,0.00129,22,Nguy hiểm
8.16,186.3,143.3,1.87,163.4,0.00709,0.00071,1,Tốt
5.42,666.3,124.4,1.47,617.2,4e-05,0.00805,0,Kém
8.08,628.0,1606.5,4.33,116.5,0.03565,0.00075,21,Kém
10.3,702.7,1607.4,4.574,185.7,0.00432,0.00104,13,Kém
5.16,214.7,277.1,4.286,71.8,0.00714,0.00368,411,Kém
7.99,117.9,303.2,0.996,201.5,0.004,0.00142,21,Tốt
5.26,107.8,179.7,1.019,521.9,0.04489,0.00538,3,Kém
5.16,210.5,391.1,0.932,62.5,0.01926,0.0011,483,Kém
7.59,98.0,283.1,0.869,116.9,0.00739,0.0004,22,Tốt
11.87,646.6,955.2,1.494,1170.7,0.00328,0.00033,3,Nguy hiểm
10.82,701.2,2070.2,1.191,196.5,0.01268,0.00121,17,Nguy hiểm
5.15,175.6,307.2,0.364,163.1,0.13444,0.00032,7,Nguy hiểm
7.52,101.9,449.7,1.132,42.5,0.00162,0.00091,22,Tốt
4.61,361.1,2550.0,0.03,186.2,0.00635,0.00127,21,Nguy hiểm
7.05,167.5,445.4,1.281,126.4,0.0025,7e-05,7,Tốt
8.01,137.4,123.6,1.509,282.9,0.00193,0.00141,55,Trung bình
7.6,173.6,791.5,1.285,89.9,0.0134,0.00301,15,Trung bình
7.02,381.4,421.2,4.251,180.3,0.01701,0.0004,843,Kém
8.03,129.2,219.3,1.92,80.1,0.00689,0.00055,12,Tốt
6.86,90.6,1004.0,1.166,52.3,0.01314,0.00133,107,Trung bình
7.46,643.7,1894.9,1.516,735.4,0.00516,0.00051,18,Kém
8.06,172.1,153.1,1.86,194.8,0.00565,0.00029,16,Tốt
6.9,679.3,1601.6,4.901,68.2,0.00622,0.00813,12,Kém
6.94,156.6,97.4,1.129,200.9,0.00395,0.00118,25,Tốt
6.96,549.0,434.5,1.429,165.8,0.04424,0.00075,442,Kém
6.86,130.8,234.7,1.501,1199.3,0.01313,0.00144,1341,Nguy hiểm
6.97,166.6,3037.6,1.168,165.4,0.02429,0.01547,124,Nguy hiểm
6.92,171.6,431.9,0.761,176.7,0.00386,0.00058,25,Tốt
7.79,182.6,169.0,1.564,191.0,0.00589,0.00097,23,Tốt
7.34,91.2,896.7,1.283,282.2,0.01126,0.00078,6,Trung bình
5.1,213.6,173.1,0.875,614.1,0.00291,0.00882,22,Kém
7.06,100.5,184.1,0.624,152.6,0.00234,0.00058,15,Tốt
7.97,105.4,203.3,3.234,308.1,0.00212,0.00013,10,Trung bình
8.98,86.2,456.4,1.23,339.2,0.00559,0.00268,13,Trung bình
6.78,161.2,1065.9,0.077,282.5,0.00201,0.0004,11,Trung bình
7.09,391.7,316.9,0.058,197.3,0.00254,0.00073,24,Trung bình
9.84,159.5,1632.5,1.118,75.5,0.01314,0.00055,790,Kém
7.04,210.5,716.5,0.775,341.1,0.01172,0.00141,9,Trung bình
8.04,204.8,471.4,1.415,145.6,0.00308,0.00076,2,Tốt
7.11,145.0,273.9,0.039,332.5,7e-05,0.00034,3,Trung bình
8.68,378.6,406.4,1.461,50.3,0.00233,0.00316,2,Trung bình
7.5,128.9,303.5,1.021,368.9,0.01374,0.0035,16,Trung bình
8.56,909.1,472.9,1.712,1237.0,0.10756,0.00063,16,Nguy hiểm
7.94,370.8,1088.0,1.284,160.2,0.00237,0.00044,176,Trung bình
11.69,212.4,1751.2,1.84,129.8,0.09377,0.00258,17,Nguy hiểm
8.03,122.8,495.7,1.011,62.9,0.01336,0.00281,166,Trung bình
8.08,553.4,1589.4,0.724,671.1,0.03334,0.00095,21,Kém
7.97,160.7,306.6,0.873,178.7,0.00056,0.00096,16,Tốt
7.05,98.5,172.7,0.315,80.1,0.00064,0.00119,24,Tốt
7.29,193.5,184.9,0.767,726.9,0.03581,0.00638,4,Kém
7.52,212.8,339.9,0.886,96.1,0.00296,0.00107,21,Tốt
8.07,555.9,1976.3,4.514,749.1,0.00334,0.001,1,Kém
7.17,203.8,236.8,0.51,807.1,0.02339,0.0009,530,Kém
9.78,121.6,251.7,4.854,779.7,0.00185,0.0073,1,Kém
8.09,163.0,114.7,0.411,300.0,0.00464,0.00223,4,Trung bình
7.9,209.3,822.1,0.028,44.9,0.0037,0.00077,14,Trung bình
7.54,106.4,783.7,3.16,211.7,0.00242,0.00147,6,Trung bình
11.91,144.1,419.8,0.996,765.5,0.00462,0.00142,1,Nguy hiểm
8.73,195.0,107.7,3.685,105.8,0.01109,0.00022,19,Trung bình
8.16,336.7,1031.5,0.812,119.3,0.01145,0.00015,9,Trung bình
7.97,98.5,1021.4,0.495,322.9,0.00434,0.00078,122,Trung bình
9.62,112.8,1933.7,0.95,1276.8,0.00426,0.00102,385,Nguy hiểm
5.27,179.1,759.9,1.959,533.3,0.03917,0.00023,441,Kém
7.55,159.1,358.4,0.379,183.6,0.00033,2e-05,15,Tốt
7.74,544.2,103.7,0.389,273.9,0.02292,0.00718,283,Kém
7.24,145.5,2025.3,1.925,210.6,0.1865,0.00074,3,Nguy hiểm
5.24,653.6,269.6,1.8,411.2,0.00763,0.00693,24,Kém
7.8,995.9,335.3,1.806,78.4,0.12997,0.00116,13,Nguy hiểm
6.71,133.8,146.2,1.923,110.3,0.00369,9e-05,8,Tốt
7.66,173.7,224.6,0.077,148.9,0.01277,0.00048,4,Trung bình
3.97,215.4,2961.0,0.995,151.8,0.00752,0.00141,14,Nguy hiểm
8.08,555.5,2068.8,0.064,196.4,0.02505,0.00611,7,Kém
8.97,399.2,483.6,0.756,75.4,0.00394,0.00145,55,Trung bình
6.81,167.9,427.7,1.143,178.7,0.00461,0.00019,7,Tốt
7.2,152.2,402.2,1.952,182.0,0.00342,0.00131,13,Tốt
7.22,640.6,94.2,1.94,358.0,0.0254,0.00873,272,Kém
7.4,580.0,249.8,4.65,666.5,0.00477,0.00102,433,Kém
6.2,111.2,416.6,0.531,78.9,0.0121,0.0024,21,Trung bình
7.37,92.4,1698.6,1.959,158.1,0.00732,0.00591,386,Kém
8.93,148.0,427.2,1.999,112.4,0.00384,0.00071,72,Trung bình
6.92,164.0,496.5,0.745,42.0,0.00542,7e-05,14,Tốt
7.89,216.2,413.1,0.912,207.9,0.00101,0.00031,13,Tốt
6.42,416.4,269.6,5.877,50.8,0.00634,0.02841,17,Nguy hiểm
7.73,210.5,336.4,1.263,52.1,0.00457,0.0009,13,Tốt
6.11,87.1,1072.1,0.76,132.9,0.00253,0.00067,14,Trung bình
7.39,114.0,856.3,1.402,98.9,0.00098,0.00299,6,Trung bình
6.92,513.2,1615.0,0.312,619.4,0.00143,1e-05,657,Kém
9.62,692.9,945.7,0.711,73.5,0.00286,0.0083,10,Kém
5.37,170.5,90.6,0.797,690.8,0.00477,0.00892,24,Kém
8.19,176.2,365.3,0.694,109.6,0.00489,7e-05,7,Tốt
7.01,135.5,405.9,0.757,335.6,0.00315,0.00231,3,Trung bình
7.47,177.2,354.8,7.422,196.8,0.00362,0.00084,638,Nguy hiểm
7.34,133.0,1043.6,0.781,323.9,0.01219,0.00062,17,Trung bình
8.04,128.6,2074.6,1.183,659.3,0.00616,0.00677,5,Kém
10.23,524.5,258.9,1.45,46.5,0.00179,0.00122,422,Kém
7.95,138.6,108.3,0.879,102.7,0.00172,0.00056,13,Tốt
6.1,112.2,175.8,0.797,193.7,0.01825,0.00681,866,Kém
3.5,84.4,376.9,0.429,1113.1,0.00346,0.00123,24,Nguy hiểm
11.5,568.4,303.1,1.586,83.1,0.00125,0.03499,535,Nguy hiểm
7.58,319.5,3135.4,1.615,1280.1,0.18365,0.00034,13,Nguy hiểm
6.86,190.0,190.4,9.044,1068.4,0.01198,0.00105,21,Nguy hiểm
10.24,518.3,444.3,1.071,768.2,0.00666,0.00897,11,Kém
7.6,114.6,129.7,1.118,130.4,0.00639,0.00075,23,Tốt
7.71,161.3,156.3,1.261,77.5,0.00496,0.00142,4,Tốt
9.93,88.9,1645.3,1.246,190.5,0.02282,0.005,117,Kém
10.21,152.7,1074.7,0.746,1117.6,0.00119,0.00073,2156,Nguy hiểm
11.27,138.3,2019.5,0.532,1214.2,0.02944,0.00093,7,Nguy hiểm
7.43,163.2,896.5,4.006,329.7,0.00465,0.00101,12,Trung bình
8.02,581.6,1548.3,0.303,574.9,0.00648,0.0006,496,Kém
8.2,540.8,387.5,1.259,743.7,0.00187,0.00014,309,Kém
9.72,622.2,236.4,0.825,71.6,0.003,0.00461,2,Kém
6.39,155.8,1967.9,4.777,122.5,0.00726,0.00049,879,Kém
7.17,81.9,474.3,3.689,329.9,0.00737,0.00091,161,Trung bình
7.41,216.4,262.6,3.291,190.3,0.00789,0.00015,3713,Nguy hiểm
7.05,605.1,306.6,1.754,129.3,0.03162,0.00736,8,Kém
7.73,210.1,190.1,0.365,73.6,0.0014,0.00127,10,Tốt
11.47,115.4,2026.5,1.513,163.3,0.00737,0.00077,106,Nguy hiểm
10.17,544.5,344.5,1.22,393.8,0.00228,0.00801,3,Kém
7.73,207.2,115.1,1.268,87.7,0.00028,0.00081,3,Tốt
8.03,125.3,217.3,1.526,609.4,0.00304,0.00463,285,Kém
6.14,358.5,255.4,1.409,75.2,0.00634,0.00112,4,Trung bình
7.3,891.5,88.2,1.337,1355.3,0.05874,0.00086,498,Nguy hiểm
6.87,137.3,143.7,4.457,525.9,0.00066,0.00713,236,Kém
11.63,129.1,152.1,9.24,145.8,0.00606,0.03178,1,Nguy hiểm
6.34,120.9,1075.7,1.85,319.3,0.00393,0.00093,23,Trung bình
5.36,106.1,358.7,1.587,209.8,0.10659,0.00024,19,Nguy hiểm
6.89,194.9,868.9,1.057,177.6,0.00635,0.04909,2024,Nguy hiểm
8.07,127.5,1886.9,4.623,201.8,0.00249,0.00276,718,Kém
7.73,128.5,499.4,0.884,52.7,0.00665,0.00124,10,Tốt
4.63,192.6,93.0,4.605,143.1,0.00692,0.00353,16,Nguy hiểm
7.48,193.0,128.7,0.573,117.2,0.00797,0.00141,25,Tốt
8.68,92.5,983.6,0.565,141.3,0.00425,0.00039,1,Trung bình
10.11,201.3,443.7,4.578,396.9,0.00078,0.00852,6,Kém
6.29,124.2,354.9,4.146,84.7,0.01372,0.00125,10,Trung bình
6.81,705.3,492.8,0.853,94.1,0.075,0.00251,3,Nguy hiểm
7.52,81.5,909.5,1.164,186.1,0.0042,0.00012,80,Trung bình
7.67,156.0,1037.4,0.559,369.1,0.00798,0.00051,1468,Nguy hiểm
7.88,382.8,1915.3,1.011,831.9,0.00534,0.00492,571,Kém
7.65,208.8,1097.5,0.666,92.4,0.0111,0.00111,7,Trung bình
8.1,176.6,223.7,1.541,345.8,0.00674,0.00074,88,Trung bình
8.8,81.5,374.2,1.753,413.4,0.01057,0.00149,6,Trung bình
7.7,215.0,308.7,0.72,151.3,5e-05,0.00128,5,Tốt
6.94,158.2,289.5,1.279,47.9,0.00164,0.00135,3,Tốt
7.15,214.7,205.1,0.448,49.4,0.00024,0.00109,3,Tốt
7.09,134.4,309.0,0.671,77.0,0.00263,0.00016,15,Tốt
7.8,104.4,1577.9,4.655,583.8,0.01847,0.00116,11,Kém
7.35,513.1,395.3,4.313,195.2,0.03965,0.00104,756,Kém
7.29,118.4,367.3,0.742,708.3,0.00312,0.03428,24,Nguy hiểm
7.81,663.4,324.0,4.466,62.6,0.01299,0.00841,20,Kém
10.02,590.3,411.1,4.749,705.4,0.00733,0.00149,21,Kém
7.16,429.0,374.2,0.668,276.3,0.00296,0.00237,3,Trung bình
6.91,137.5,228.0,1.89,80.0,0.00416,0.00085,3,Tốt
8.19,137.4,133.6,1.982,297.0,0.00231,0.00109,154,Trung bình
7.88,102.6,1070.9,0.653,40.5,0.13831,0.00028,23,Nguy hiểm
5.31,125.7,1794.2,0.661,50.3,0.04467,0.00036,745,Kém
6.77,714.4,2786.9,6.286,122.6,0.00374,8e-05,138,Nguy hiểm
7.2,133.5,138.8,1.7,134.2,0.18164,0.015,17,Nguy hiểm
9.06,181.9,395.5,1.867,190.4,0.00216,0.00041,95,Trung bình
7.18,96.0,1776.9,4.943,70.3,0.04276,0.00636,0,Kém
8.05,178.9,284.9,0.74,64.7,0.00471,0.00095,3,Tốt
8.01,90.1,99.6,4.509,288.4,0.0218,0.00728,709,Kém
8.84,124.8,789.8,0.435,183.4,0.01179,0.00067,6,Trung bình
8.17,109.7,789.2,0.981,124.8,0.00601,0.00149,91,Trung bình
4.14,166.6,256.0,4.917,45.5,0.1213,0.02623,7,Nguy hiểm
5.22,195.3,249.7,4.388,131.4,0.00256,0.00871,467,Kém
7.54,116.8,89.8,0.822,154.6,0.00151,0.00107,12,Tốt
8.17,207.2,406.9,3.637,199.8,0.00752,0.00117,109,Trung bình
7.63,217.1,414.5,1.809,61.4,0.00663,0.00053,16,Tốt
5.35,139.5,1593.3,0.808,166.6,0.02282,0.00059,14,Kém
8.09,93.1,980.1,0.335,173.3,0.00201,0.00376,8,Trung bình
6.89,162.4,195.2,1.21,102.1,0.00166,0.00069,8,Tốt
7.6,587.6,470.0,0.939,82.2,0.03857,0.00721,15,Kém
7.33,95.7,1867.5,1.69,57.6,0.00403,0.00088,4403,Nguy hiểm
7.52,151.3,473.0,0.5,168.8,0.00687,0.00093,25,Tốt
7.35,125.5,491.7,0.71,118.8,0.00501,8e-05,5,Tốt
6.93,600.5,1867.7,4.867,650.0,0.00458,0.00056,0,Kém
7.64,593.8,231.9,4.334,783.2,0.01724,0.00039,19,Kém
7.18,98.0,265.1,0.379,161.8,0.00097,0.00088,4,Tốt
6.92,204.0,444.7,1.015,1391.5,0.00184,0.00366,147,Nguy hiểm
7.51,95.2,1885.5,4.557,779.2,0.03379,0.00296,13,Kém
5.33,589.3,376.4,1.389,89.6,0.03339,7e-05,11,Kém
7.62,982.9,298.5,1.077,103.5,0.12666,0.00464,6,Nguy hiểm
7.78,774.8,235.5,8.612,183.1,0.00637,0.00136,293,Nguy hiểm
6.37,109.8,996.1,3.9,53.1,0.00553,0.00056,5,Trung bình
6.32,106.9,283.8,0.539,363.4,0.00407,0.01981,259,Nguy hiểm
7.76,131.0,433.9,1.182,609.0,0.00313,0.02598,10,Nguy hiểm
7.07,334.0,229.8,4.665,573.2,0.03949,0.00101,469,Kém
7.9,402.5,1008.2,1.172,325.1,0.00635,0.00089,4,Trung bình
6.71,139.3,1845.9,0.074,735.2,0.04232,0.00523,18,Kém
8.59,85.6,342.5,1.884,114.5,0.01351,0.00113,14,Trung bình
6.82,113.5,108.1,1.802,157.9,0.00505,3e-05,10,Tốt
10.27,80.2,353.8,4.363,556.7,0.00752,0.00142,256,Kém
7.97,181.7,389.9,0.03,111.3,0.00379,0.00259,16,Trung bình
7.79,190.9,206.3,0.951,47.6,0.00595,0.00042,15,Tốt
7.45,168.0,107.5,1.903,177.9,0.00042,0.00084,13,Tốt
11.76,157.3,240.6,0.85,1271.0,0.00721,0.00142,780,Nguy hiểm
5.42,405.2,463.8,4.291,191.1,0.00545,0.00048,337,Kém
7.28,627.9,1810.4,1.956,105.0,0.03562,0.00856,24,Kém
6.25,183.4,1016.8,1.568,65.2,0.01053,0.00064,3,Trung bình
6.4,113.6,166.2,3.324,157.0,0.00729,0.00222,15,Trung bình
7.35,708.7,468.0,4.627,665.9,0.00721,0.00052,95,Kém
7.09,180.7,364.5,1.017,182.0,0.00507,0.00107,0,Tốt
11.87,179.4,1943.6,1.197,1065.4,0.00308,0.00221,24,Nguy hiểm
10.02,120.5,156.1,0.778,830.5,0.01998,0.00068,14,Kém
7.12,128.6,167.1,0.752,160.9,0.01182,0.00106,99,Trung bình
9.98,651.3,102.5,0.891,145.6,0.00234,0.00898,675,Kém
7.19,621.3,1691.8,0.326,158.1,0.00213,0.00331,358,Kém
7.87,195.2,291.6,0.545,102.7,0.00317,0.00121,1,Tốt
7.78,206.1,99.1,9.317,98.3,0.00526,0.00273,2,Nguy hiểm
6.77,119.2,436.0,9.591,143.2,0.00089,0.00058,4667,Nguy hiểm
10.21,118.4,448.7,1.46,151.3,0.12483,0.00146,94,Nguy hiểm
7.29,157.4,173.8,1.624,209.0,0.00754,0.00014,3,Tốt
8.02,185.8,137.7,0.674,186.2,0.00617,0.00128,12,Tốt
7.65,206.8,2122.2,4.628,535.8,0.01601,0.00114,1,Kém
7.18,97.6,730.6,1.148,186.5,0.03504,0.00556,236,Kém
7.97,544.5,817.0,0.786,765.1,0.03037,0.00016,634,Kém
7.17,91.5,282.7,1.333,213.9,0.00568,0.00037,9,Tốt
6.91,138.5,2213.6,9.534,81.4,0.00347,0.00141,17,Nguy hiểm
11.5,137.6,3091.9,1.235,270.3,0.00041,0.00114,172,Nguy hiểm
6.82,203.0,215.2,1.788,170.7,0.00348,0.00149,15,Tốt
6.99,173.4,251.6,1.478,662.3,0.02732,0.00789,401,Kém
8.19,385.2,280.8,3.246,383.1,0.00578,0.00029,2,Trung bình
6.34,144.2,2035.5,4.613,704.0,0.03718,0.00116,17,Kém
6.86,215.8,206.3,4.879,1340.1,0.00637,0.00063,10,Nguy hiểm
7.64,129.6,2555.5,0.036,72.9,0.13677,0.00038,538,Nguy hiểm
7.09,174.4,466.2,1.977,46.2,0.00695,0.00069,1,Tốt
7.98,85.0,342.9,0.969,378.0,0.00027,0.00374,1,Trung bình
6.83,544.5,167.7,4.855,686.7,0.00739,0.00026,517,Kém
6.77,97.7,344.1,1.497,173.5,0.008,0.00051,18,Tốt
6.14,389.0,110.7,0.594,86.7,0.00383,0.00148,66,Trung bình
6.79,191.1,185.5,0.478,178.5,0.01267,0.00335,11,Trung bình
8.12,113.9,175.8,1.155,73.2,0.00693,6e-05,8,Tốt
6.8,989.5,137.4,0.88,96.5,0.102,0.001,145,Nguy hiểm
7.64,164.0,288.4,7.2,1173.9,0.00265,0.00112,24,Nguy hiểm
6.23,166.5,1520.0,1.473,168.2,0.01144,0.0334,17,Nguy hiểm
7.71,209.9,348.4,0.914,49.4,0.00373,0.00087,7,Tốt
7.23,811.7,108.0,7.28,162.1,0.00199,0.04772,2,Nguy hiểm
7.83,100.6,1847.3,1.001,213.2,0.0016,0.01523,4906,Nguy hiểm
6.15,198.6,432.7,0.838,112.7,0.00298,0.00372,9,Trung bình
7.45,166.6,440.1,0.055,546.3,0.02878,0.00081,562,Kém
7.24,100.5,175.9,0.573,158.0,0.00261,0.00121,16,Tốt
5.11,199.3,2158.4,1.722,594.0,0.00614,0.00467,13,Kém
5.12,88.0,2047.2,0.921,126.6,0.03531,0.00066,879,Kém
9.02,202.9,154.4,0.363,61.1,0.00078,0.00302,20,Trung bình
7.75,128.9,301.8,1.806,168.4,0.00462,0.00114,1,Tốt
7.64,213.3,133.1,8.52,345.5,0.00375,0.00085,346,Nguy hiểm
8.04,141.3,196.2,0.047,165.2,0.00041,0.00136,2864,Nguy hiểm
7.54,158.7,185.6,1.676,186.3,0.01398,3e-05,3051,Nguy hiểm
7.0,204.1,245.2,1.028,189.2,0.00046,0.00038,7,Tốt
6.25,323.2,729.4,1.834,45.8,0.00494,0.00019,21,Trung bình
7.42,91.4,398.7,1.438,138.0,0.00542,0.0008,15,Tốt
7.88,564.6,172.7,1.053,793.2,0.00694,0.00621,564,Kém
7.58,195.0,85.3,0.747,52.4,0.00313,0.00138,20,Tốt
7.93,354.3,108.1,0.902,364.0,0.19807,0.00372,24,Nguy hiểm
7.95,197.8,944.5,0.629,392.2,0.00025,0.00254,3,Trung bình
5.29,218.2,81.3,1.407,575.1,0.00461,0.00755,5,Kém
8.03,789.3,105.6,0.07,1154.8,0.01169,0.00011,20,Nguy hiểm
10.83,376.5,353.3,0.732,185.4,0.00287,0.00073,23,Nguy hiểm
5.27,83.9,331.5,9.78,93.0,0.00767,0.00107,15,Nguy hiểm
6.75,185.7,393.2,0.559,105.1,0.0059,0.00096,24,Tốt
5.43,574.8,497.7,1.637,50.8,0.00338,0.00736,22,Kém
7.23,186.5,420.9,1.637,183.5,0.00103,0.00041,6,Tốt
7.96,197.9,386.1,1.082,191.6,0.00244,0.00135,16,Tốt
6.81,206.5,1524.3,1.228,705.5,0.01995,0.00541,90,Kém
7.14,134.0,225.2,1.791,106.2,0.00722,0.00053,5,Tốt
7.55,174.6,373.1,3.866,187.7,0.0046,0.00273,1,Trung bình
6.75,108.8,953.1,1.133,195.5,0.00737,0.00278,2,Trung bình
10.78,152.1,793.3,0.972,663.2,0.0988,0.00073,14,Nguy hiểm
11.23,120.1,282.1,0.821,140.2,0.00461,0.00087,525,Nguy hiểm
7.53,101.0,2835.6,0.961,1250.8,0.04028,0.00049,12,Nguy hiểm
7.52,705.0,1900.2,1.237,107.3,0.00797,0.00796,7,Kém
7.94,81.6,113.9,0.518,146.5,0.00655,0.00087,5,Tốt
7.56,200.8,186.9,1.001,161.4,0.0018,0.00141,4,Tốt
6.91,106.0,337.2,0.473,54.1,0.00602,0.00083,13,Tốt
9.07,201.3,186.9,0.053,119.8,0.0038,0.0005,112,Trung bình
11.93,175.7,119.7,4.756,135.7,0.0052,0.001,727,Nguy hiểm
5.27,202.0,373.0,0.677,203.7,0.02995,0.00772,4,Kém
7.05,522.5,227.6,0.621,396.9,0.04169,0.00572,349,Kém
6.29,92.2,1061.9,0.9,167.0,0.00578,0.00135,1,Trung bình
7.59,113.6,255.1,1.46,159.0,0.00118,0.00079,2,Tốt
8.05,199.2,125.4,1.24,132.0,0.00165,0.00089,2,Tốt
7.6,407.2,1098.4,0.531,84.0,0.00583,8e-05,84,Trung bình
6.18,107.2,314.6,4.337,809.7,0.03953,0.00147,25,Kém
6.17,94.1,394.3,9.417,294.2,0.00672,0.00083,3731,Nguy hiểm
5.42,521.9,306.0,0.964,94.3,0.00378,0.00074,876,Kém
7.89,641.8,346.2,4.552,52.0,0.01056,0.00689,546,Kém
7.48,336.1,145.3,1.66,288.3,0.00237,0.00023,11,Trung bình
9.91,102.3,445.4,1.636,661.4,0.00139,0.00129,721,Kém
7.8,134.6,3128.6,0.99,47.5,0.00278,0.04204,8,Nguy hiểm
7.49,384.0,802.7,1.55,217.2,0.00039,0.0008,172,Trung bình
6.7,130.1,319.3,4.666,204.9,0.02816,0.0368,20,Nguy hiểm
7.17,388.9,421.7,0.038,195.1,0.01328,0.0006,24,Trung bình
8.55,164.4,345.0,4.813,135.9,0.16806,0.0266,2,Nguy hiểm
7.69,89.4,161.3,1.267,181.5,0.00103,0.00116,9,Tốt
9.99,204.2,121.3,1.07,844.6,0.12151,0.00057,3,Nguy hiểm
9.62,106.2,1869.0,0.387,642.0,0.00744,0.00035,844,Kém
7.75,179.1,228.8,1.36,144.2,0.00525,0.00138,9,Tốt
6.1,98.4,250.8,0.565,413.1,0.00622,0.00291,8,Trung bình
8.11,408.1,2013.1,1.022,808.0,0.03443,2e-05,562,Kém
7.3,111.6,214.9,1.709,56.7,0.00488,0.00033,16,Tốt
7.59,217.1,317.9,0.842,201.8,0.00117,0.00127,18,Tốt
5.2,566.5,1560.5,0.861,680.1,0.00785,0.00248,24,Kém
5.29,603.6,126.5,0.445,67.8,0.00623,0.0048,16,Kém
7.38,103.0,232.2,4.599,86.7,0.00149,0.01941,17,Nguy hiểm
6.93,135.4,2125.2,0.369,797.6,0.00461,0.00789,263,Kém
7.07,128.9,410.4,1.555,1219.9,0.00314,0.00131,4496,Nguy hiểm
9.93,634.1,336.5,1.908,77.3,0.00129,0.00119,896,Kém
7.9,155.2,1720.0,6.257,78.1,0.00214,0.02075,8,Nguy hiểm
6.98,565.8,2155.7,1.796,135.2,0.0143,0.02552,25,Nguy hiểm
9.97,210.9,2111.9,4.621,103.1,0.02026,0.00139,20,Kém
8.09,796.2,386.2,0.921,47.6,0.00535,0.03852,1,Nguy hiểm
8.94,152.0,827.6,1.053,349.3,0.00047,0.00047,8,Trung bình
6.23,206.5,233.6,1.827,293.2,0.01147,0.00037,10,Trung bình
7.94,206.2,1727.3,6.766,138.2,0.00263,0.00032,0,Nguy hiểm
7.98,117.8,879.6,3.638,80.4,0.00373,0.00063,24,Trung bình
8.17,128.0,364.6,1.217,198.5,0.00783,0.00026,15,Tốt
7.81,165.7,245.0,0.872,202.8,0.00384,0.00032,17,Tốt
7.11,157.9,304.4,6.225,1211.9,4e-05,0.03107,12,Nguy hiểm
9.85,699.6,145.3,1.162,152.8,0.0253,0.00148,429,Kém
8.09,210.8,176.1,3.374,360.5,0.00453,0.00231,7,Trung bình
7.04,195.4,473.0,1.93,89.1,0.0008,0.0007,1,Tốt
7.92,160.6,1728.9,4.762,1234.6,0.00267,0.0036,13,Nguy hiểm
6.87,517.4,471.0,1.56,294.4,0.00638,0.00043,1972,Nguy hiểm
7.37,630.9,1785.4,1.219,214.9,0.01676,0.00585,11,Kém
6.91,340.5,117.7,0.082,136.3,0.0073,0.00053,172,Trung bình
7.52,142.8,280.6,1.233,217.9,0.00606,0.00149,18,Tốt
9.7,198.9,287.6,4.55,106.2,0.0323,0.00822,7,Kém
7.11,317.8,238.2,1.602,284.7,0.0119,0.00018,24,Trung bình
6.98,315.2,943.9,1.764,44.5,0.0077,0.04661,23,Nguy hiểm
7.1,128.8,94.9,0.752,1150.4,0.13181,0.00105,1716,Nguy hiểm
7.19,173.6,492.5,0.035,142.2,0.00468,0.00074,4896,Nguy hiểm
5.32,606.5,293.4,1.018,602.7,0.02577,0.00369,22,Kém
6.74,546.3,2133.2,0.392,192.7,0.00748,0.00603,23,Kém
5.15,219.4,94.1,0.525,164.8,0.00257,0.00848,382,Kém
6.41,182.6,204.8,1.663,298.4,0.00295,0.00107,14,Trung bình
9.83,213.6,125.9,4.46,42.0,0.01069,0.00041,766,Kém
8.74,130.6,229.5,1.812,110.9,0.00695,0.00238,14,Trung bình
7.24,327.0,2257.3,0.885,123.1,0.16099,0.00132,2151,Nguy hiểm
8.19,797.8,445.5,0.641,1287.0,0.00795,0.00069,1,Nguy hiểm
7.2,214.1,1723.1,4.726,603.9,0.00311,0.00719,20,Kém
7.89,405.1,191.5,1.544,302.1,0.00696,9e-05,6,Trung bình
6.41,99.0,446.8,3.397,126.1,0.00331,0.01358,21,Nguy hiểm
6.75,162.0,918.3,0.931,116.3,0.00066,0.00032,89,Trung bình
8.03,390.4,230.7,1.765,360.7,0.00399,0.00044,7,Trung bình
7.06,171.7,1012.4,1.257,185.8,0.01107,7e-05,4,Trung bình
7.47,212.6,295.3,0.919,77.5,0.00465,0.00112,13,Tốt
10.71,975.3,200.8,1.214,63.7,0.0123,0.04634,9,Nguy hiểm
8.04,85.4,1609.5,1.382,566.1,0.01106,0.03005,12,Nguy hiểm
6.4,130.8,93.6,0.569,138.6,0.00763,0.00363,78,Trung bình
7.24,322.7,242.9,4.644,79.0,0.03551,0.00565,705,Kém
7.59,327.8,232.9,1.597,385.6,0.00428,0.00148,13,Trung bình
7.13,183.8,1996.2,0.913,402.4,0.00363,0.00644,385,Kém
6.84,393.3,210.0,1.738,89.7,0.01133,0.00104,132,Trung bình
8.14,193.2,402.2,0.563,92.8,0.00251,0.00115,4,Tốt
7.38,80.5,92.3,0.74,99.8,0.0075,0.00037,21,Tốt
7.52,164.6,1697.8,0.953,566.3,0.00617,0.00097,850,Kém
10.03,93.9,454.5,4.597,65.1,0.01442,0.00075,696,Kém
6.8,165.4,1752.5,1.052,623.5,0.00784,0.00632,390,Kém
6.89,415.7,138.6,1.754,87.0,0.01068,0.00143,18,Trung bình
7.34,120.0,266.9,1.207,153.6,0.01071,0.00078,98,Trung bình
7.17,144.4,371.9,9.021,74.4,0.00745,0.0047,3,Nguy hiểm
8.75,166.8,287.0,4.131,150.2,0.00487,3e-05,2,Trung bình
7.44,137.0,201.7,1.517,46.9,0.00676,0.00048,20,Tốt
7.4,115.5,448.9,0.03,154.7,0.00174,0.00144,2584,Nguy hiểm
9.04,192.6,225.4,1.444,179.5,0.01361,0.00252,3162,Nguy hiểm
4.16,324.2,326.9,1.522,132.9,0.00087,0.03999,4578,Nguy hiểm
10.18,217.4,1612.4,4.46,568.4,0.00664,1e-05,170,Kém
5.15,368.5,211.3,1.613,1383.6,0.00125,0.00095,453,Nguy hiểm
8.97,399.3,221.3,0.793,67.6,0.00701,0.00347,14,Trung bình
3.99,742.1,133.6,1.502,178.8,0.07173,0.04233,0,Nguy hiểm
8.71,89.2,255.4,0.051,161.6,0.00611,0.00016,174,Trung bình
4.73,84.1,426.5,0.877,185.0,0.00094,0.0009,1935,Nguy hiểm
6.74,329.5,914.6,0.534,203.8,0.00781,0.00283,10,Trung bình
7.48,144.9,418.9,1.702,343.3,0.0019,0.00366,95,Trung bình
5.33,134.5,351.5,1.166,61.1,0.03021,0.00527,610,Kém
7.9,107.6,451.3,0.577,131.6,0.00275,0.00066,7,Tốt
10.19,103.5,2113.3,1.441,40.3,0.02644,0.00149,828,Kém
6.93,152.4,473.7,0.748,86.1,0.00429,0.00085,21,Tốt
7.81,741.9,1522.5,1.741,113.5,0.00489,0.02413,1973,Nguy hiểm
7.18,176.1,82.1,0.852,180.4,0.00512,9e-05,18,Tốt
8.14,145.3,270.2,0.817,176.1,0.0043,0.00115,9,Tốt
7.55,100.3,405.4,0.725,143.7,0.02095,0.00865,848,Kém
7.66,98.1,264.0,0.817,189.6,0.00197,0.0011,8,Tốt
7.65,511.3,1652.7,3.6,821.7,0.00446,0.00011,12,Kém
7.18,112.4,160.5,1.498,207.1,0.02586,0.04468,2902,Nguy hiểm
7.24,145.7,367.6,0.692,146.8,0.00428,0.0007,4,Tốt
9.81,107.3,2159.3,0.9,189.0,0.11105,0.00689,12,Nguy hiểm
7.16,106.1,87.6,1.655,396.7,0.00751,0.00234,168,Trung bình
6.97,106.5,368.6,3.764,296.6,0.00449,0.0003,169,Trung bình
6.91,182.6,277.7,0.365,209.4,0.00714,0.00075,25,Tốt
7.88,162.1,1909.8,4.544,593.6,0.00341,0.00021,429,Kém
7.0,167.9,116.9,0.658,137.7,0.00209,0.00045,5,Tốt
6.72,160.8,435.6,1.359,132.4,0.0173,0.01653,24,Nguy hiểm
8.09,532.1,1762.9,1.761,791.5,0.03225,0.00058,0,Kém
7.01,183.6,442.9,1.169,60.7,0.00396,0.00085,4,Tốt
7.17,396.0,363.6,5.894,1108.0,0.00091,0.01771,22,Nguy hiểm
5.28,88.3,2096.6,0.366,598.0,0.03464,0.00032,16,Kém
6.45,176.1,1691.1,4.936,678.9,0.00455,0.00706,14,Kém
6.81,103.1,1947.8,1.368,180.2,0.00134,0.00451,628,Kém
7.06,110.7,1546.3,1.69,650.9,0.03485,0.00125,885,Kém
7.41,559.2,199.2,4.828,790.2,0.00628,0.00065,579,Kém
7.1,762.7,2384.5,0.58,58.0,0.177,0.00847,18,Nguy hiểm
7.86,159.1,301.6,4.006,41.9,0.01203,0.00115,20,Trung bình
7.32,176.6,947.4,0.877,143.8,0.01195,9e-05,5,Trung bình
6.87,128.4,1927.3,0.079,71.1,0.00484,0.00531,395,Kém
5.13,93.4,1731.7,4.939,157.4,0.00276,0.0008,832,Kém
7.31,89.2,152.5,8.545,63.8,0.04012,0.04217,4,Nguy hiểm
7.09,541.3,123.7,4.217,592.9,0.0077,0.00496,13,Kém
7.21,81.4,1819.0,7.299,152.4,0.0061,0.03669,18,Nguy hiểm
7.73,212.4,1643.6,1.232,693.1,0.04181,0.00087,22,Kém
9.7,174.1,368.8,4.518,799.4,0.00359,0.00041,501,Kém
7.29,124.5,228.0,1.457,190.1,0.00191,0.00067,6,Tốt
6.44,191.6,140.2,1.676,219.7,0.00282,0.00107,114,Trung bình
7.29,209.6,284.5,4.414,118.8,0.01182,0.03275,8,Nguy hiểm
7.33,214.4,466.0,1.951,100.7,0.00589,0.00091,20,Tốt
7.23,173.2,478.7,0.433,105.9,0.01052,0.00876,1917,Nguy hiểm
7.54,409.9,398.4,1.489,71.7,0.01447,0.00031,156,Trung bình
7.17,201.8,494.6,0.826,207.3,0.00193,0.00148,6,Tốt
7.59,101.2,438.0,0.567,123.5,0.00143,0.00046,8,Tốt
8.06,174.5,238.5,1.358,194.7,0.00475,0.00014,1,Tốt
5.36,637.3,289.8,0.306,106.0,0.00505,0.00607,18,Kém
4.35,148.8,151.1,0.035,99.2,0.01156,0.00131,117,Nguy hiểm
8.0,165.2,282.2,1.751,207.2,0.00533,0.00034,11,Tốt
9.81,516.0,1551.3,1.492,212.2,0.00092,0.00827,11,Kém
6.78,160.2,254.1,1.711,88.0,0.00217,0.00101,9,Tốt
9.61,651.4,285.2,4.774,185.0,0.01292,0.00025,19,Kém
7.73,93.6,466.9,0.906,112.2,0.00142,0.00097,16,Tốt
8.03,81.0,393.3,0.759,86.9,0.00547,0.00078,5,Tốt
7.31,210.2,1074.4,1.289,1121.8,0.01113,0.00106,24,Nguy hiểm
8.04,98.8,210.1,0.69,414.8,0.00544,0.001,61,Trung bình
6.97,178.7,169.3,1.98,1189.4,0.04219,0.00141,5,Nguy hiểm
8.03,199.1,380.7,1.609,168.5,0.00766,0.00145,22,Tốt
6.17,198.6,2945.2,1.381,786.0,0.00479,0.04093,6,Nguy hiểm
7.1,168.9,169.1,3.574,142.5,0.01077,0.00092,18,Trung bình
7.52,114.0,1581.3,4.827,208.0,0.03765,0.00254,6,Kém
7.45,155.8,1592.1,4.444,119.8,0.00459,0.00637,232,Kém
8.19,151.0,354.5,7.791,140.4,0.05836,0.00074,18,Nguy hiểm
5.25,688.2,1788.0,1.353,64.6,0.00065,0.01362,7,Nguy hiểm
7.1,108.0,2193.2,1.194,46.2,0.00377,0.00637,398,Kém
8.2,173.9,335.3,4.676,630.6,0.19635,0.00143,411,Nguy hiểm
6.74,422.3,298.4,1.296,379.0,0.01178,0.00131,4,Trung bình
7.94,357.3,220.6,4.657,88.2,0.01725,0.005,530,Kém
7.69,89.9,734.8,0.956,339.4,0.00226,0.00062,19,Trung bình
6.39,166.7,797.9,0.993,163.6,0.00315,0.00085,106,Trung bình
6.8,96.2,450.1,1.178,156.3,0.00738,0.00063,14,Tốt
7.84,926.7,153.1,9.997,49.0,0.02776,0.04396,20,Nguy hiểm
7.12,181.4,362.6,4.292,143.7,0.00162,0.00011,4465,Nguy hiểm
8.06,125.6,229.7,8.959,134.5,0.01281,0.00097,87,Nguy hiểm
7.32,102.8,304.4,1.923,60.3,0.00164,0.00136,6,Tốt
7.68,423.5,99.6,0.606,392.6,0.00562,0.00116,138,Trung bình
8.92,123.6,388.8,1.851,109.9,0.01388,9e-05,7,Trung bình
4.58,129.2,2856.5,7.907,167.0,0.00432,0.0449,19,Nguy hiểm
8.89,167.7,133.1,4.822,1253.3,0.00347,0.00066,3,Nguy hiểm
8.16,151.6,253.2,1.989,148.3,0.00563,0.00065,24,Tốt
6.94,169.1,396.7,1.69,136.7,0.01199,0.00256,10,Trung bình
6.09,384.3,1007.8,1.535,176.3,0.00763,0.00025,10,Trung bình
7.35,101.7,253.1,1.688,209.1,0.00188,0.00051,19,Tốt
6.92,155.5,486.4,0.765,193.0,0.01218,0.00294,1,Trung bình
9.02,121.2,351.3,0.064,42.8,0.00324,0.00078,17,Trung bình
7.18,151.7,2025.0,1.656,102.7,0.04456,0.00696,1650,Nguy hiểm
10.98,206.6,2236.4,1.529,1305.5,0.00722,0.00064,21,Nguy hiểm
3.44,155.6,254.0,9.096,47.2,0.04168,0.00124,8,Nguy hiểm
7.59,150.3,182.0,1.295,80.3,0.00441,0.00104,9,Tốt
7.62,180.9,166.9,0.441,126.3,0.00603,0.00045,4,Tốt
8.0,126.7,2572.9,3.567,132.3,0.12119,0.00373,7,Nguy hiểm
7.39,146.0,2755.2,4.753,1178.4,0.001,0.04337,8,Nguy hiểm
7.29,160.3,414.2,1.071,105.7,0.0062,0.00059,4,Tốt
6.99,139.2,424.2,0.02,184.2,0.00504,0.00136,92,Trung bình
5.22,594.7,1704.9,0.466,198.5,0.00479,0.00017,13,Kém
7.11,559.9,1729.9,1.422,748.4,0.0064,0.00247,18,Kém
7.94,207.8,396.1,0.591,42.0,0.00011,0.00149,3,Tốt
6.77,626.1,249.9,4.718,191.8,0.00435,0.00692,399,Kém
7.03,703.7,204.8,0.988,361.1,0.04025,0.00614,716,Kém
8.12,138.2,272.6,0.343,150.5,0.00276,0.00123,8,Tốt
6.97,94.2,339.6,0.03,377.4,0.00721,0.00127,143,Trung bình
6.92,126.0,1519.7,4.312,776.2,0.0036,0.00145,298,Kém
9.89,392.8,1511.8,1.529,52.7,0.01731,0.00036,267,Kém
9.78,541.0,1903.6,1.355,590.7,0.00393,0.00029,6,Kém
8.01,84.8,103.2,1.735,194.0,0.00359,0.00099,1,Tốt
9.64,705.2,1699.4,1.213,89.6,0.00424,0.0009,2,Kém
7.6,127.7,108.9,1.628,206.5,0.00777,9e-05,19,Tốt
7.7,124.3,437.8,1.118,92.9,0.00678,0.00027,22,Tốt
6.02,127.4,214.0,0.419,63.3,0.0058,0.00079,61,Trung bình
5.23,407.4,1806.6,4.736,158.8,0.00156,0.00684,10,Kém
7.45,158.5,187.4,0.816,168.5,0.0025,0.00054,0,Tốt
8.14,216.5,1028.9,0.786,64.0,0.00645,0.00345,11,Trung bình
7.8,218.3,277.6,1.282,188.5,0.0043,0.00126,2,Tốt
8.1,589.7,115.0,4.654,197.7,0.03357,0.0013,459,Kém
7.83,131.1,352.9,1.524,80.8,0.00591,0.00062,20,Tốt
11.48,140.3,117.3,1.83,308.3,0.00393,0.00142,3,Nguy hiểm
7.96,209.0,88.3,0.741,1201.7,0.07906,0.00048,4,Nguy hiểm
5.34,583.0,1569.0,0.352,207.4,0.00779,0.00476,7,Kém
9.74,639.5,932.2,1.298,521.9,0.02434,0.00062,1,Kém
7.42,89.7,160.7,1.178,170.1,0.07584,0.04344,14,Nguy hiểm
7.98,584.8,1696.4,1.164,194.5,0.00557,0.00494,10,Kém
7.73,122.8,82.2,1.633,96.1,0.00784,0.00076,17,Tốt
6.86,714.2,1649.2,4.508,155.9,0.00417,0.0013,775,Kém
5.4,650.7,2020.1,0.059,79.4,0.03048,0.00125,0,Kém
8.17,152.4,2154.1,9.378,76.7,0.01185,6e-05,5,Nguy hiểm
9.64,674.6,1731.3,1.966,739.6,0.00253,0.00027,173,Kém
6.25,157.6,430.5,1.287,127.2,0.00782,0.00342,4,Trung bình
8.19,145.7,420.6,0.826,61.9,0.00765,0.00058,24,Tốt
8.11,81.5,974.4,3.799,176.4,0.00034,0.00125,160,Trung bình
6.79,107.9,819.4,1.327,325.5,0.01202,0.00031,14,Trung bình
11.23,164.1,399.5,1.691,62.4,0.14404,0.00074,19,Nguy hiểm
8.89,203.7,377.3,1.07,149.5,0.01368,0.00129,99,Trung bình
4.23,172.9,474.9,7.067,76.0,0.00459,0.01842,746,Nguy hiểm
6.13,126.2,430.6,1.423,41.5,0.00688,0.0023,3,Trung bình
8.72,365.3,218.0,1.698,188.2,0.00217,0.00069,161,Trung bình
7.63,910.2,249.6,1.074,763.7,0.09703,0.03852,8,Nguy hiểm
6.74,183.3,407.5,1.563,58.8,0.0035,0.00019,8,Tốt
7.91,555.2,1679.6,0.832,513.7,0.00293,0.00585,24,Kém
7.29,530.8,142.0,1.262,639.4,0.02144,0.00829,12,Kém
6.2,398.0,317.3,1.343,372.3,0.00157,0.00077,12,Trung bình
6.3,103.0,358.5,1.568,589.2,0.1176,0.00048,4968,Nguy hiểm
7.49,143.7,289.1,1.258,200.1,0.00067,0.00086,6,Tốt
10.99,608.7,274.8,1.395,54.2,0.00617,0.00516,133,Nguy hiểm
6.76,382.0,483.4,4.91,543.6,0.0369,0.00101,0,Kém
6.78,128.8,419.5,0.893,203.9,0.00784,0.00066,19,Tốt
6.4,133.1,121.6,0.367,296.6,0.01061,0.00092,1,Trung bình
7.36,168.3,439.9,1.998,104.4,0.00217,0.00098,4,Tốt
8.77,85.4,369.8,1.435,152.3,0.01136,0.00337,16,Trung bình
6.84,356.7,466.6,0.026,197.0,0.00363,0.00098,17,Trung bình
7.09,197.3,496.2,1.363,156.8,0.00777,0.00127,5,Tốt
6.8,102.2,290.6,0.626,744.0,0.00185,0.04191,16,Nguy hiểm
9.81,143.3,2052.7,4.789,55.5,0.00172,6e-05,821,Kém
7.37,662.7,320.2,9.689,154.4,0.15576,0.00113,8,Nguy hiểm
7.74,208.7,316.0,0.747,104.2,0.00343,4e-05,20,Tốt
7.11,159.2,314.5,0.451,196.6,0.0053,0.00119,12,Tốt
7.94,109.9,234.3,1.578,150.8,0.00165,0.00091,2,Tốt
8.82,80.4,240.5,1.723,365.0,0.01423,0.00067,10,Trung bình
7.32,418.0,99.5,0.375,156.8,0.00797,0.00329,142,Trung bình
7.64,219.3,438.1,1.852,103.1,0.00528,0.00086,8,Tốt
7.55,348.5,452.7,0.752,134.4,0.00364,0.00238,4,Trung bình
7.92,160.8,80.6,3.439,1385.5,0.00226,0.00067,2183,Nguy hiểm
7.13,113.2,202.3,0.688,142.0,0.00585,0.0014,13,Tốt
7.89,130.1,157.9,0.418,162.0,0.00659,0.00067,19,Tốt
7.18,118.9,155.5,0.465,155.0,0.00271,0.0005,24,Tốt
7.43,156.8,361.5,1.474,120.2,0.00632,0.00013,11,Tốt
8.17,103.6,1058.6,1.455,326.8,0.00052,0.00034,20,Trung bình
7.82,147.3,292.9,1.604,143.5,0.00662,1e-05,21,Tốt
7.11,149.1,867.8,0.052,191.9,0.00763,0.00021,15,Trung bình
6.14,146.8,195.2,0.065,297.3,0.00023,0.00012,24,Trung bình
7.92,106.0,137.0,0.065,73.4,0.01441,0.00083,95,Trung bình
7.29,144.3,414.7,0.053,189.7,0.01108,0.00141,20,Trung bình
5.17,308.4,470.1,0.339,603.7,0.0304,0.00524,5,Kém
7.84,614.3,95.9,0.682,848.8,0.00597,0.0047,873,Kém
7.77,398.3,278.9,1.774,204.8,0.00602,0.00094,138,Trung bình
5.44,193.8,204.8,1.794,69.3,0.01863,0.00729,786,Kém
10.97,185.4,1006.9,0.046,51.7,0.00713,1e-05,1837,Nguy hiểm
8.17,171.5,451.0,0.676,208.0,0.00314,0.0009,16,Tốt
8.12,121.5,220.6,0.576,365.6,0.01118,0.00048,21,Trung bình
7.17,216.8,337.2,1.435,41.5,0.0061,0.00144,13,Tốt
10.15,574.9,316.5,1.791,74.3,0.00665,0.00851,750,Kém
6.71,203.9,379.5,4.55,198.7,0.00377,0.04825,8,Nguy hiểm
5.31,682.2,258.4,0.473,618.6,0.0123,0.00147,16,Kém
7.68,512.6,153.3,0.437,82.8,0.00597,0.006,511,Kém
7.8,351.0,282.3,0.021,169.4,0.00265,0.00139,117,Trung bình
9.09,113.0,330.3,0.988,407.6,0.00211,0.00331,7,Trung bình
5.44,136.6,1516.1,1.853,209.7,0.03618,0.00095,6,Kém
8.79,381.4,358.5,0.965,271.3,0.00463,0.00144,20,Trung bình
7.53,154.2,112.6,1.166,199.9,0.00249,0.00146,3,Tốt
6.45,414.3,812.5,0.47,198.3,0.00791,0.00106,15,Trung bình
7.83,211.4,199.1,0.613,45.1,0.00464,0.00145,0,Tốt
7.79,83.5,298.3,8.819,286.3,0.00446,0.00069,9,Nguy hiểm
3.77,172.5,127.9,0.869,1062.1,0.00043,0.00086,20,Nguy hiểm
7.89,119.2,126.8,0.724,123.2,0.00526,0.00037,18,Tốt
6.86,126.8,358.6,1.322,77.0,0.00312,0.00136,17,Tốt
7.63,208.5,147.8,0.344,299.9,0.01432,0.00046,7,Trung bình
7.66,123.2,2151.0,3.541,552.3,0.04431,0.00145,685,Kém
7.27,719.3,192.6,0.407,643.6,0.01701,0.00651,142,Kém
5.29,133.2,183.7,1.369,780.9,0.00079,0.00565,252,Kém
9.02,362.0,774.2,1.087,209.7,0.0074,0.00105,6,Trung bình
9.69,648.2,1835.2,1.903,217.1,0.02559,0.00085,23,Kém
7.1,412.8,344.0,1.254,93.1,0.00416,0.00039,137,Trung bình
7.92,205.6,447.4,0.817,203.6,0.00145,0.00106,13,Tốt
7.14,161.2,349.7,1.729,203.3,0.00539,0.00136,25,Tốt
7.61,342.5,419.3,3.262,187.9,0.01074,0.00087,22,Trung bình
7.43,161.5,2544.4,0.522,398.3,0.01061,0.04115,14,Nguy hiểm
6.91,843.7,1888.6,7.554,558.3,0.00304,0.00054,16,Nguy hiểm
6.78,110.8,229.7,1.819,189.5,0.00673,0.00095,0,Tốt
7.31,118.8,454.6,1.019,92.6,0.00437,0.00139,2,Tốt
7.45,86.9,131.2,1.19,751.7,0.00411,0.00495,579,Kém
7.33,215.6,417.3,1.402,113.9,0.00371,0.00104,15,Tốt
7.28,551.2,427.0,1.159,545.7,0.02764,0.00046,367,Kém
7.74,178.5,219.2,0.829,272.9,0.00523,0.00099,125,Trung bình
6.85,343.3,210.9,1.745,1089.1,0.01146,0.0008,3,Nguy hiểm
5.21,560.2,93.7,4.474,702.6,0.00156,0.0015,3,Kém
6.26,118.3,788.6,3.195,99.8,0.00436,7e-05,19,Trung bình
7.94,679.3,1794.0,1.846,169.1,0.0045,0.00511,410,Kém
5.24,111.0,956.7,4.927,146.8,0.03899,0.00055,580,Kém
6.96,661.1,261.6,0.716,98.4,0.0351,0.00136,870,Kém
7.77,341.0,440.9,3.468,76.8,0.00103,0.00295,15,Trung bình
7.3,151.4,113.2,0.708,131.1,0.00689,0.00106,0,Tốt
7.11,192.2,266.3,0.715,319.3,0.01253,0.00097,15,Trung bình
7.23,538.8,343.9,4.472,1099.2,0.00102,0.00607,0,Nguy hiểm
6.85,128.9,448.4,1.863,165.4,0.00315,0.00074,17,Tốt
6.24,192.1,434.3,0.36,200.3,0.01424,0.00139,16,Trung bình
8.05,700.1,1086.8,4.877,124.4,0.0251,0.00113,5,Kém
7.13,114.5,488.4,1.579,120.8,0.00517,0.00013,14,Tốt
6.91,564.2,316.5,4.164,1142.4,0.0873,0.00036,24,Nguy hiểm
7.16,88.4,343.4,1.378,92.4,0.00497,0.00065,20,Tốt
10.2,650.3,495.4,0.364,674.2,0.00623,0.00283,5,Kém
7.15,587.6,326.5,0.457,540.8,0.02083,0.00238,2,Kém
8.08,184.2,2081.0,4.869,764.6,0.03915,0.00041,17,Kém
7.02,146.3,164.7,1.477,219.8,0.00584,0.00123,5,Tốt
6.88,719.0,1716.8,1.606,45.4,0.01406,0.00588,13,Kém
10.01,186.3,96.3,0.55,848.9,0.01877,0.0013,283,Kém
7.91,99.4,180.9,1.115,89.9,0.00331,0.00046,17,Tốt
8.1,117.3,293.8,0.541,123.0,0.00382,0.00086,7,Tốt
6.96,138.4,160.5,0.363,121.2,0.0001,0.00142,6,Tốt
7.5,567.7,3006.4,7.747,116.4,0.02967,0.0001,20,Nguy hiểm
6.15,121.7,382.7,1.456,268.3,0.0065,0.00334,13,Trung bình
7.06,102.3,238.9,1.36,209.4,0.0072,0.00137,22,Tốt
7.58,132.8,382.0,1.257,102.6,0.00184,0.00073,14,Tốt
8.13,206.9,453.5,1.109,104.2,0.01103,0.0031,5,Trung bình
7.34,151.3,208.8,1.932,189.9,0.0026,0.00079,17,Tốt
7.19,412.7,383.0,1.563,208.7,0.0118,0.00138,13,Trung bình
7.56,166.0,2539.8,4.897,162.0,0.00321,0.0437,103,Nguy hiểm
7.56,110.1,1061.0,0.075,134.1,0.00716,0.0006,103,Trung bình
7.68,192.5,143.9,1.679,209.2,0.00477,0.00066,0,Tốt
7.61,95.7,210.8,6.016,115.9,0.07552,0.00014,20,Nguy hiểm
8.16,97.8,449.8,1.558,92.6,0.00217,0.00058,3,Tốt
7.15,184.5,83.8,1.507,79.8,0.00348,0.00118,11,Tốt
10.19,142.7,281.0,4.604,749.4,0.0005,0.00471,18,Kém
10.16,91.1,854.4,0.352,1380.1,0.00333,5e-05,2621,Nguy hiểm
6.85,184.6,151.3,1.73,677.9,0.04478,0.00837,22,Kém
6.87,159.8,144.4,0.712,89.3,0.00265,0.00054,24,Tốt
6.74,219.3,1751.1,0.57,53.1,0.13223,0.0008,11,Nguy hiểm
7.8,695.5,299.9,8.922,1380.5,0.00054,0.00091,19,Nguy hiểm
7.3,182.2,964.7,0.058,70.4,0.0118,0.00134,24,Trung bình
7.29,137.6,294.3,0.399,57.6,0.0056,0.00036,11,Tốt
7.2,412.8,438.0,0.061,288.0,0.00101,0.00016,23,Trung bình
8.1,105.4,146.9,0.695,118.8,0.00461,0.0001,22,Tốt
9.95,214.2,1933.6,4.735,100.8,0.03253,4e-05,17,Kém
8.13,148.3,186.1,0.614,100.6,0.00126,0.00116,5,Tốt
12.0,153.5,421.8,7.693,55.2,0.00434,0.00069,20,Nguy hiểm
10.3,577.1,1014.1,4.54,153.4,0.03277,0.00069,3,Kém
6.75,393.6,438.7,3.592,209.5,0.01357,0.00028,4,Trung bình
7.1,199.8,471.6,1.049,55.9,0.00203,0.0014,15,Tốt
8.12,84.4,396.6,1.525,178.8,0.00719,0.0001,1,Tốt
7.76,335.7,448.9,1.461,57.1,0.01138,0.0005,5,Trung bình
6.87,163.6,229.5,1.825,194.9,0.00797,0.00017,24,Tốt
7.73,184.9,187.0,0.946,56.6,0.00027,7e-05,18,Tốt
7.26,103.4,194.5,0.514,85.5,0.00414,0.00137,16,Tốt
7.44,189.7,467.5,1.229,205.3,0.00616,0.00031,8,Tốt
6.94,559.0,1097.7,4.497,46.3,0.00758,0.00767,12,Kém
5.36,160.8,455.0,4.772,58.1,0.03395,0.00794,6,Kém
7.26,152.4,853.9,0.445,343.3,0.00378,0.0014,24,Trung bình
7.91,219.4,858.1,1.767,164.5,0.00149,0.00105,85,Trung bình
8.0,129.2,355.2,0.486,194.8,0.00728,0.00147,23,Tốt
8.06,143.0,234.4,0.761,337.7,0.00447,0.00222,6,Trung bình
11.96,110.8,411.4,0.031,183.2,0.00186,0.00014,18,Nguy hiểm
7.23,194.1,117.9,0.594,105.0,0.01354,0.00284,125,Trung bình
7.02,199.5,399.6,1.357,121.8,0.00257,0.00067,2,Tốt
7.9,415.7,470.3,3.305,100.0,0.00158,0.00128,107,Trung bình
8.75,106.3,323.9,1.361,329.8,0.00653,0.00039,25,Trung bình
7.33,179.7,189.2,4.429,759.0,0.01436,0.00014,706,Kém
7.48,82.6,448.7,1.212,203.3,0.00795,0.0007,17,Tốt
6.94,172.9,213.2,4.057,364.3,0.00537,0.00144,130,Trung bình
6.19,205.0,166.3,1.422,82.0,0.00343,0.00288,23,Trung bình
5.16,581.4,219.0,8.957,179.4,0.00198,0.00121,14,Nguy hiểm
8.16,153.2,342.0,1.753,1208.3,0.00709,0.00691,9,Nguy hiểm
7.66,663.6,89.4,4.4,366.9,0.00034,0.00635,10,Kém
10.88,110.2,178.8,8.778,86.8,0.03657,0.02954,14,Nguy hiểm
7.1,88.0,1069.2,0.703,131.0,0.01313,0.00046,14,Trung bình
10.13,539.7,347.2,0.535,770.8,0.01203,0.00793,10,Kém
6.32,143.7,941.9,1.865,166.3,0.01405,0.00103,6,Trung bình
7.62,162.5,1949.3,1.915,563.2,0.00474,0.00471,22,Kém
5.12,98.6,292.1,0.711,56.0,0.03097,0.00022,892,Kém
7.01,108.0,92.6,1.428,67.8,0.00166,0.00074,23,Tốt
7.92,207.3,229.1,0.344,381.6,0.01205,0.00084,17,Trung bình
8.17,608.8,988.6,4.329,202.8,0.04004,0.00122,15,Kém
4.04,91.5,471.0,7.238,1111.0,0.00714,0.00142,442,Nguy hiểm
6.93,141.2,107.4,1.954,193.4,0.01977,0.00862,845,Kém
7.19,122.2,370.8,0.592,113.6,0.00548,0.00056,22,Tốt
10.94,110.1,405.8,7.175,166.0,0.04071,0.00068,3177,Nguy hiểm
7.19,86.2,111.0,0.786,83.3,0.00252,3e-05,0,Tốt
7.25,138.7,142.1,1.678,171.2,0.00668,0.0014,17,Tốt
5.14,593.6,1973.6,1.737,61.6,0.00583,0.0008,839,Kém
8.76,105.6,330.5,1.323,79.7,0.01448,0.00256,5,Trung bình
7.01,170.6,438.4,4.119,1089.7,0.00625,8e-05,4352,Nguy hiểm
7.0,144.8,232.8,7.159,532.6,0.00055,2e-05,117,Nguy hiểm
7.55,391.7,483.1,1.981,330.9,0.00699,0.00066,8,Trung bình
7.55,90.0,2197.9,1.263,162.7,0.03549,0.00832,8,Kém
8.16,164.5,187.0,1.171,190.0,0.00314,0.00092,6,Tốt
7.78,184.8,359.2,1.423,90.9,0.00719,0.00127,16,Tốt
7.68,145.3,231.9,3.264,75.4,0.19838,0.00717,21,Nguy hiểm
7.64,157.7,335.0,1.461,72.8,0.00069,0.0004,17,Tốt
7.16,187.3,478.9,7.021,212.3,0.15642,0.00016,2,Nguy hiểm
7.02,163.4,1967.2,0.382,526.6,0.02051,0.00053,609,Kém
7.08,134.2,467.9,1.292,98.1,0.01343,0.00264,129,Trung bình
10.81,813.0,172.6,3.944,199.2,0.01265,0.00111,9,Nguy hiểm
6.39,107.7,794.5,0.549,112.9,0.0121,0.0015,16,Trung bình
7.2,145.8,1915.5,0.036,616.4,0.04308,0.00122,455,Kém
7.35,187.3,238.0,0.309,99.1,0.00041,0.00141,11,Tốt
6.72,183.6,754.1,4.027,63.1,0.01379,0.00057,4,Trung bình
11.02,201.0,156.4,0.623,1288.5,0.00786,0.00272,114,Nguy hiểm
5.11,81.1,332.7,8.778,46.8,0.0069,0.00038,2447,Nguy hiểm
6.93,154.6,90.4,7.798,144.9,0.01213,0.00091,121,Nguy hiểm
7.82,182.2,354.7,1.233,88.4,0.00444,0.00067,13,Tốt
9.89,421.5,158.4,0.474,763.3,0.0228,0.00037,761,Kém
6.95,579.1,802.0,0.446,125.2,0.00739,0.0086,421,Kém
5.38,684.8,304.4,0.34,117.7,0.00167,0.0067,602,Kém
6.85,328.7,949.7,0.067,136.2,0.00478,0.00044,18,Trung bình
9.72,212.4,1758.0,1.98,142.0,0.02492,0.00744,20,Kém
4.11,205.4,270.5,0.51,795.6,0.00669,0.0003,1771,Nguy hiểm
6.96,219.3,198.5,1.509,102.2,0.00673,0.0011,15,Tốt
7.02,97.7,147.8,1.701,260.8,0.0008,0.00073,151,Trung bình
6.87,111.1,251.4,1.37,120.8,0.00656,0.00067,19,Tốt
7.37,91.7,93.3,1.358,96.8,0.00744,0.0002,19,Tốt
6.77,152.7,956.2,0.42,282.6,0.00576,0.00268,6,Trung bình
7.67,165.7,498.1,0.999,92.5,0.00156,0.00076,4,Tốt
8.2,184.3,272.8,1.054,154.5,0.00716,0.00136,2,Tốt
6.87,763.2,1841.1,0.328,207.8,0.17417,0.00123,4065,Nguy hiểm
8.01,175.5,305.6,1.059,74.5,0.00436,0.00083,17,Tốt
7.4,188.2,1945.2,1.27,154.4,0.04209,0.00128,234,Kém
10.84,86.2,273.9,1.017,1308.8,0.00385,0.00149,2151,Nguy hiểm
9.07,146.2,174.2,8.973,1282.5,0.00174,0.00055,12,Nguy hiểm
7.17,140.1,117.9,8.828,1135.0,0.01375,0.00129,275,Nguy hiểm
7.29,111.6,353.6,0.044,180.9,0.01449,0.00088,83,Trung bình
6.93,346.0,287.8,1.876,1334.1,0.00167,0.01692,1,Nguy hiểm
6.84,207.2,85.1,1.702,173.3,0.00599,0.00106,2,Tốt
7.6,142.2,165.7,0.027,306.3,0.00223,0.00035,8,Trung bình
7.03,117.8,265.3,0.06,104.1,0.0017,0.00365,1723,Nguy hiểm
7.4,82.0,1531.0,0.395,576.7,0.00307,0.0084,18,Kém
7.48,319.6,1011.0,1.657,126.0,0.00597,0.00082,10,Trung bình
7.78,552.4,140.5,1.872,556.6,0.00756,0.00566,9,Kém
7.42,104.4,254.7,0.771,146.5,0.00098,0.00027,21,Tốt
6.22,105.8,426.5,4.708,798.2,0.00092,0.00037,851,Kém
7.47,594.1,2127.0,0.743,173.1,0.00061,0.00662,19,Kém
7.91,529.5,400.2,0.527,186.0,0.0287,0.00059,603,Kém
7.3,196.0,737.0,0.057,67.2,0.00723,0.00083,24,Trung bình
8.02,147.0,277.3,0.592,130.2,0.00357,0.00094,4,Tốt
7.53,86.2,301.8,0.447,1200.6,0.01249,0.00081,3236,Nguy hiểm
7.39,145.0,409.6,0.327,95.9,0.00648,3e-05,20,Tốt
9.79,116.9,188.1,0.605,578.6,0.00217,4e-05,360,Kém
8.63,323.0,164.9,1.085,40.1,0.00485,0.00016,16,Trung bình
6.71,183.3,182.5,1.111,354.1,0.00526,0.00373,25,Trung bình
6.2,83.7,758.9,6.006,78.0,0.00349,0.00301,23,Nguy hiểm
8.56,80.2,190.4,0.568,273.1,0.00298,0.00064,72,Trung bình
7.15,686.7,764.2,4.286,107.1,0.00442,0.03635,24,Nguy hiểm
7.78,330.5,2039.9,4.304,179.9,0.00125,0.00092,283,Kém
6.98,128.8,497.5,4.733,754.6,0.03341,0.00022,740,Kém
5.19,136.0,733.5,1.36,204.2,0.00111,0.00079,4416,Nguy hiểm
7.25,91.2,308.3,0.048,1357.3,0.1535,0.01508,1,Nguy hiểm
6.12,563.5,153.0,0.328,594.7,0.0273,0.0011,22,Kém
7.67,89.7,907.9,0.073,130.7,0.00137,0.00233,1,Trung bình
7.65,206.8,1090.3,1.936,337.7,0.00495,0.00094,99,Trung bình
3.58,175.6,2426.0,1.574,153.6,0.00192,0.00128,12,Nguy hiểm
8.18,516.9,1677.7,1.602,717.1,0.00761,0.00612,166,Kém
7.26,592.4,2055.6,4.884,144.0,0.01715,0.00067,5,Kém
10.15,155.3,157.9,0.787,43.4,0.00788,0.04571,6,Nguy hiểm
8.8,366.5,426.5,0.887,105.0,0.00453,0.00065,9,Trung bình
7.58,178.9,126.3,4.92,1352.4,0.00202,0.00066,23,Nguy hiểm
7.95,159.2,153.3,1.894,79.6,0.00413,0.00034,2,Tốt
10.09,108.8,1679.5,1.782,829.8,0.02948,0.00086,12,Kém
7.83,518.2,135.0,0.787,689.7,0.00585,0.00776,826,Kém
5.22,689.9,1520.2,1.167,65.1,0.02141,0.00142,65,Kém
8.96,185.7,1045.7,7.555,204.2,0.00041,0.00098,19,Nguy hiểm
5.21,568.3,393.7,1.052,192.0,0.02457,0.00491,22,Kém
7.96,219.3,3135.7,1.166,217.7,0.19549,0.00033,8,Nguy hiểm
5.14,132.1,346.2,3.616,59.9,0.02928,0.00897,11,Kém
7.68,167.8,1779.2,0.529,152.3,0.02174,0.00641,866,Kém
7.43,193.9,331.8,1.71,152.2,0.00108,0.00034,7,Tốt
8.11,120.5,90.8,1.526,105.5,0.00313,8e-05,1,Tốt
11.61,130.8,393.2,0.073,88.4,0.00169,0.0014,2,Nguy hiểm
6.24,80.3,387.5,0.498,1081.6,0.00253,0.00138,16,Nguy hiểm
7.36,112.0,336.7,0.963,192.1,0.00657,0.00012,21,Tốt
7.86,355.6,1006.8,1.691,193.2,0.00778,0.00019,21,Trung bình
8.69,131.5,436.3,0.505,413.0,0.00587,0.00103,165,Trung bình
5.11,673.2,1570.9,1.602,294.9,0.04311,0.0015,1,Kém
7.4,868.1,164.7,3.969,1115.7,0.00331,0.00117,64,Nguy hiểm
7.37,608.6,144.2,1.866,209.4,0.02717,0.00091,435,Kém
8.07,198.3,811.2,7.791,153.1,0.00208,0.03548,21,Nguy hiểm
6.02,131.5,373.8,1.174,66.5,0.17351,3e-05,19,Nguy hiểm
7.51,659.8,1802.7,1.315,104.8,0.01121,3e-05,877,Kém
7.69,107.1,237.1,0.024,70.6,0.01279,0.00112,154,Trung bình
8.57,128.3,934.9,3.618,193.8,0.00065,0.00103,5,Trung bình
6.89,201.0,307.3,0.539,1143.8,0.00064,0.00352,12,Nguy hiểm
7.63,392.9,285.3,0.35,114.9,0.00174,0.00376,22,Trung bình
7.26,388.0,444.8,3.789,78.8,0.00768,0.00034,83,Trung bình
7.47,194.3,173.6,0.832,214.9,0.00322,0.00043,22,Tốt
4.55,179.4,296.5,9.008,98.2,0.00643,0.00104,0,Nguy hiểm
11.26,839.3,342.0,4.53,166.0,0.00442,0.00063,23,Nguy hiểm
6.85,127.6,392.5,1.857,313.7,0.01133,0.00033,19,Trung bình
11.73,682.3,462.3,9.239,64.2,0.00454,0.00538,8,Nguy hiểm
7.95,185.0,349.6,4.262,641.0,0.02624,0.00043,480,Kém
7.51,124.8,357.9,1.268,204.1,0.00552,0.00091,13,Tốt
6.44,165.0,262.2,0.947,309.5,0.00138,0.00033,3,Trung bình
9.04,129.6,114.3,0.066,342.1,0.00588,0.00015,3,Trung bình
7.55,210.5,217.8,1.264,205.9,0.00181,0.00064,17,Tốt
7.75,168.4,2894.6,0.72,123.0,0.01249,0.0472,1,Nguy hiểm
7.44,404.9,248.4,1.085,214.9,0.00792,0.00349,6,Trung bình
8.0,140.5,115.8,1.869,641.2,0.01747,0.00528,159,Kém
7.81,202.0,360.3,8.952,785.4,0.00085,0.00013,1156,Nguy hiểm
8.78,195.9,166.1,1.456,408.3,0.00033,0.0001,12,Trung bình
6.93,206.2,208.1,1.394,62.8,0.00056,0.00262,101,Trung bình
8.06,217.7,286.2,0.358,203.6,0.00314,0.00041,2,Tốt
7.93,388.2,293.7,0.032,282.2,0.00374,0.00048,16,Trung bình
9.03,159.7,392.5,0.558,81.1,0.11166,0.00089,22,Nguy hiểm
8.92,152.2,315.7,3.612,388.7,0.00758,0.00127,3,Trung bình
7.89,604.6,453.1,1.296,56.0,0.04259,0.00136,674,Kém
11.55,375.8,476.4,0.444,99.6,0.00726,0.00091,6,Nguy hiểm
7.9,140.1,232.1,0.952,413.2,0.00165,0.03359,1682,Nguy hiểm
7.89,617.5,396.7,9.634,1294.6,0.00025,0.00097,1595,Nguy hiểm
7.82,179.1,2192.2,6.68,159.5,0.00782,0.00063,554,Nguy hiểm
7.76,173.5,406.7,1.283,291.5,0.01447,0.00373,2,Trung bình
5.19,700.4,107.2,4.912,198.1,0.00731,0.00037,105,Kém
6.11,403.2,447.0,1.846,191.3,0.00706,0.00109,105,Trung bình
7.68,202.6,209.7,1.63,184.0,8e-05,0.00079,16,Tốt
7.94,158.4,99.1,0.461,206.2,0.00559,0.00337,100,Trung bình
9.8,198.7,195.7,0.871,805.1,0.00707,3e-05,336,Kém
8.83,171.2,243.7,0.026,150.4,0.00073,0.00038,21,Trung bình
7.22,124.3,153.9,0.754,1334.9,0.00323,0.00647,4,Nguy hiểm
6.79,570.0,2028.2,1.108,542.3,0.0107,0.00559,5,Kém
7.35,133.1,212.1,0.038,157.1,0.002,0.00328,105,Trung bình
7.68,92.5,427.4,0.517,153.3,0.00209,0.00141,21,Tốt
7.09,158.9,168.5,0.899,69.8,0.00254,0.00098,22,Tốt
6.1,306.7,296.2,3.109,178.2,0.00615,0.00059,22,Trung bình
8.98,317.1,1090.1,1.007,171.1,0.00474,0.00043,19,Trung bình
5.42,129.2,222.2,1.194,773.1,0.02171,0.00043,11,Kém
7.12,93.7,278.9,1.098,83.7,0.00162,0.00091,12,Tốt
10.05,153.3,160.5,0.794,191.8,0.00262,0.00635,604,Kém
6.83,151.0,483.5,0.066,303.4,0.00144,0.00141,15,Trung bình
7.66,210.5,103.5,1.525,53.4,0.00678,0.00083,10,Tốt
7.23,163.5,411.8,0.375,106.0,0.00114,0.00093,18,Tốt
6.87,370.9,220.8,0.912,174.5,0.01117,0.00125,7,Trung bình
7.33,144.5,301.4,5.552,157.5,0.1183,0.00341,3041,Nguy hiểm
7.11,211.5,368.7,0.079,96.8,0.00361,0.01784,340,Nguy hiểm
7.53,188.3,290.4,1.174,81.9,0.00375,0.00057,23,Tốt
3.55,327.7,431.4,1.654,88.5,0.00397,0.00128,23,Nguy hiểm
7.15,219.4,877.7,7.304,151.6,0.00437,0.00102,1,Nguy hiểm
10.08,609.1,363.4,1.833,818.8,0.00465,0.00275,0,Kém
8.17,332.8,182.0,1.506,289.1,0.01082,4e-05,17,Trung bình
7.64,119.3,464.0,1.604,147.2,0.00399,0.00104,6,Tốt
8.83,122.7,948.7,1.911,177.7,0.00522,0.00231,17,Trung bình
7.87,118.7,182.5,0.99,158.8,0.00593,0.00046,2,Tốt
5.2,629.8,1701.9,1.012,116.2,0.01687,0.00013,7,Kém
5.22,631.7,1039.6,0.472,534.9,0.00171,0.00517,12,Kém
6.2,179.1,2199.2,7.822,63.6,0.14543,0.00113,3,Nguy hiểm
8.03,323.0,1070.0,1.784,96.3,0.00388,0.02249,67,Nguy hiểm
8.15,134.7,747.3,1.773,200.2,0.00089,0.00374,15,Trung bình
8.11,219.3,138.7,1.146,66.7,0.00028,0.00063,22,Tốt
6.91,573.8,1932.7,1.088,126.4,0.02978,0.00493,24,Kém
5.33,574.0,384.3,1.18,846.4,0.00634,0.00082,4,Kém
8.15,134.3,1825.1,0.429,602.3,0.04006,0.0052,10,Kém
5.15,701.2,869.5,1.038,124.6,0.00092,0.00718,864,Kém
7.37,599.7,105.8,4.812,627.1,0.00404,0.00053,330,Kém
9.69,182.2,182.0,4.31,839.1,0.04494,0.00031,22,Kém
7.6,116.9,831.0,1.16,333.4,0.00021,0.00094,3,Trung bình
7.51,87.7,224.5,1.87,136.5,0.00146,0.00023,16,Tốt
7.85,127.8,3172.2,0.417,592.8,0.01836,0.02177,6,Nguy hiểm
7.1,377.1,215.7,0.439,346.7,0.00125,0.00149,95,Trung bình
7.44,97.5,2581.8,1.277,153.6,0.00394,0.00493,3382,Nguy hiểm
7.59,387.7,721.7,0.444,49.5,0.00347,0.00143,13,Trung bình
3.58,644.9,171.3,1.429,100.3,0.12759,0.00149,5,Nguy hiểm
11.92,169.8,468.3,1.464,109.0,0.00084,0.02159,9,Nguy hiểm
8.93,128.1,124.6,1.833,317.4,7e-05,0.00084,0,Trung bình
6.88,163.3,466.4,1.824,53.9,0.00617,0.00089,24,Tốt
5.34,107.0,2049.4,0.475,669.3,0.00455,0.00109,146,Kém
8.05,110.3,420.4,1.868,370.0,0.0122,0.00122,2,Trung bình
7.83,414.6,95.7,0.912,167.4,0.00547,0.00235,66,Trung bình
7.83,116.1,467.2,0.648,145.8,0.19577,0.03617,20,Nguy hiểm
7.65,539.3,2188.0,4.705,759.5,0.00622,0.0011,6,Kém
7.72,108.1,335.2,1.182,62.4,0.00335,0.00128,23,Tốt
9.09,342.2,206.4,1.565,197.0,0.0021,0.00053,25,Trung bình
7.97,182.4,250.6,1.723,1051.1,0.00763,0.00142,67,Nguy hiểm
10.25,663.4,1513.1,1.656,53.0,0.00611,0.00543,6,Kém
7.05,307.3,1071.0,1.145,126.7,0.00705,0.00109,10,Trung bình
6.42,111.3,132.7,4.102,194.9,0.00194,0.00265,3,Trung bình
7.7,178.4,1840.3,1.395,85.9,0.03669,0.0032,844,Kém
7.08,180.5,407.2,0.58,67.3,0.02659,0.02987,23,Nguy hiểm
7.84,396.8,218.2,4.683,155.0,0.00651,0.00623,1907,Nguy hiểm
8.67,86.5,784.6,0.058,112.4,0.00174,0.00089,17,Trung bình
6.78,826.1,336.4,4.641,1389.9,0.00551,0.00104,128,Nguy hiểm
7.93,160.7,240.1,1.261,404.9,0.01349,0.00101,153,Trung bình
7.57,160.1,334.9,1.575,64.0,0.00401,0.00113,19,Tốt
5.26,97.3,1857.6,1.179,555.9,0.00487,0.00792,1,Kém
6.77,854.0,180.0,1.547,356.9,0.00317,0.04102,11,Nguy hiểm
7.39,189.6,273.8,1.365,203.3,0.00635,0.00035,20,Tốt
7.66,210.9,106.8,0.704,385.1,0.00051,0.00086,167,Trung bình
7.32,94.0,385.9,4.589,111.4,0.12124,0.00129,18,Nguy hiểm
7.36,119.9,313.8,1.809,182.0,0.00473,0.00052,13,Tốt
7.01,169.3,300.6,8.418,148.3,0.01256,0.01465,19,Nguy hiểm
8.14,92.6,413.7,1.052,141.9,0.00237,0.00073,22,Tốt
7.77,215.9,427.0,1.706,73.9,0.00688,0.0015,11,Tốt
6.71,160.9,170.8,3.187,281.4,0.00423,0.00021,114,Trung bình
6.76,392.5,454.2,4.183,207.6,0.01239,0.00145,16,Trung bình
7.47,144.3,918.4,1.858,185.4,0.00563,0.00065,3487,Nguy hiểm
7.14,671.1,92.3,0.676,808.9,0.02366,0.00817,21,Kém
6.81,192.8,189.4,1.2,85.3,0.00037,0.00017,0,Tốt
7.04,151.5,193.5,0.322,200.4,0.00236,0.00018,8,Tốt
7.14,671.7,178.3,1.514,415.0,0.01334,0.03767,2,Nguy hiểm
7.22,185.7,462.5,1.444,1296.4,0.00139,0.00339,10,Nguy hiểm
8.03,81.1,344.2,1.544,116.6,0.00237,0.00096,24,Tốt
8.13,100.2,336.1,0.039,73.8,0.00323,0.00029,74,Trung bình
7.2,653.2,493.4,0.802,347.7,0.0076,0.04304,516,Nguy hiểm
6.98,215.3,1593.9,1.898,201.2,0.00744,0.00816,794,Kém
5.37,531.5,1519.6,1.212,198.1,0.01297,0.00096,840,Kém
7.21,95.5,909.3,1.274,122.1,0.00369,0.03076,171,Nguy hiểm
7.07,523.5,495.6,0.821,741.7,0.02166,0.00016,408,Kém
7.89,97.6,350.2,0.707,1247.2,0.01236,0.00115,2,Nguy hiểm
9.03,380.9,332.8,1.122,110.4,0.00572,0.00128,17,Trung bình
7.34,405.0,178.9,7.017,1360.0,0.01975,0.00059,17,Nguy hiểm
5.18,131.9,245.8,4.698,604.5,0.00626,0.00075,513,Kém
8.12,142.6,483.4,1.994,128.0,0.00687,0.00105,16,Tốt
7.59,599.6,1749.6,0.426,716.9,0.03487,0.00076,9,Kém
6.88,715.0,322.2,3.542,1167.8,0.0384,0.00085,9,Nguy hiểm
6.9,206.4,96.2,1.976,143.2,0.00731,0.00116,7,Tốt
6.99,176.1,416.9,1.461,152.3,0.00118,0.00082,8,Tốt
7.06,672.5,251.1,4.71,46.7,0.01323,0.00487,4,Kém
6.29,96.5,231.8,0.893,419.3,0.00587,0.01378,3539,Nguy hiểm
6.74,719.1,1596.3,1.234,670.7,0.02383,0.00285,13,Kém
7.41,680.0,180.7,1.155,545.8,0.00373,0.00472,8,Kém
9.0,201.0,101.4,0.448,91.4,0.01126,0.00019,61,Trung bình
7.62,149.4,114.4,0.486,177.1,0.00641,0.00106,22,Tốt
6.71,384.1,245.9,1.259,194.2,0.01077,7e-05,23,Trung bình
7.05,158.4,387.5,1.224,139.2,0.00553,0.00139,4,Tốt
6.43,120.2,243.5,1.141,333.6,0.00067,0.00147,60,Trung bình
7.47,93.3,772.1,7.497,801.2,0.00126,0.00042,3652,Nguy hiểm
8.01,206.5,329.4,0.815,204.0,0.00305,0.00142,6,Tốt
6.14,394.3,159.7,0.831,100.3,0.00306,0.00265,16,Trung bình
7.9,394.4,109.6,1.8,192.3,0.0057,0.00297,2,Trung bình
5.2,81.2,452.6,1.306,807.1,0.00669,0.00755,11,Kém
10.16,102.2,359.1,6.414,151.2,0.01116,0.00034,6,Nguy hiểm
7.47,194.2,1833.7,0.502,201.5,0.00465,0.00535,504,Kém
6.72,704.1,448.3,4.766,184.9,0.00366,0.00281,321,Kém
8.75,163.7,324.3,1.559,108.0,0.0112,0.00091,8,Trung bình
7.72,353.4,2081.5,0.884,97.7,0.02219,0.009,374,Kém
7.28,94.1,487.3,0.402,68.0,0.00214,0.00076,24,Tốt
5.3,537.0,159.7,1.419,72.8,0.15726,0.00034,678,Nguy hiểm
7.92,98.5,206.3,1.344,172.6,0.00361,0.00127,23,Tốt
9.62,190.7,413.2,4.331,196.4,0.00272,0.005,136,Kém
8.06,705.4,170.7,8.44,153.7,0.10822,0.00142,4987,Nguy hiểm
6.4,676.8,458.2,4.284,173.7,0.00099,0.00528,16,Kém
7.9,150.2,740.9,1.92,364.6,0.0006,0.00017,150,Trung bình
8.13,146.8,2509.3,1.726,154.3,0.00569,0.00077,2471,Nguy hiểm
7.69,210.9,494.2,0.463,208.0,0.0038,0.00035,12,Tốt
7.44,171.6,130.5,0.054,143.1,0.01188,0.04657,719,Nguy hiểm
7.79,149.0,364.9,1.544,204.2,0.00124,0.00053,13,Tốt
6.0,120.3,159.6,1.63,66.6,2e-05,0.00282,17,Trung bình
5.36,95.4,1756.3,1.78,94.0,0.0383,0.00014,15,Kém
7.99,192.3,356.8,1.185,116.1,0.00522,0.00059,22,Tốt
7.39,665.1,142.2,1.861,839.1,0.00709,0.00535,10,Kém
7.35,373.5,178.8,0.408,158.7,0.00071,0.00259,20,Trung bình
7.19,117.6,230.4,0.681,40.4,0.00498,0.00065,9,Tốt
8.82,386.5,442.4,0.793,159.7,0.00757,0.00125,112,Trung bình
8.0,165.8,394.0,1.01,78.0,0.00134,0.00083,16,Tốt
8.83,195.4,937.1,0.778,92.8,0.0019,0.00095,13,Trung bình
7.81,162.4,330.3,1.871,136.9,0.00696,0.00056,16,Tốt
7.12,365.7,329.9,4.555,210.7,0.03987,0.00141,394,Kém
10.98,128.0,116.3,1.959,126.6,0.01408,0.0008,72,Nguy hiểm
8.08,537.9,1549.9,1.805,64.3,0.02927,0.00597,5,Kém
9.85,171.0,387.0,4.322,718.3,0.00735,0.00057,225,Kém
6.15,370.5,367.3,3.373,138.7,2e-05,0.00059,23,Trung bình
7.74,360.2,141.1,3.222,388.7,0.00445,0.00029,13,Trung bình
6.9,101.5,485.3,0.382,149.4,0.00129,0.00083,19,Tốt
8.04,114.1,960.8,0.059,152.9,0.00631,0.00144,115,Trung bình
9.98,367.1,81.3,4.755,55.2,0.00433,0.00611,758,Kém
6.38,179.2,2088.7,0.725,397.0,0.0002,9e-05,1497,Nguy hiểm
7.61,210.8,279.1,4.49,73.6,0.03482,0.00642,283,Kém
7.58,84.2,117.4,1.275,123.6,0.00281,0.00062,0,Tốt
10.14,555.9,1982.9,1.93,750.2,0.0028,0.00042,8,Kém
4.4,577.4,471.5,0.486,97.5,0.00556,0.00036,1954,Nguy hiểm
8.02,134.9,866.7,1.406,646.7,0.06623,0.00121,24,Nguy hiểm
7.54,116.5,359.7,4.805,150.8,0.03113,0.0077,524,Kém
7.87,111.7,194.8,1.65,76.6,0.00156,0.00142,14,Tốt
7.12,165.9,220.5,1.076,183.4,0.00256,0.00132,22,Tốt
8.04,120.6,262.5,1.317,198.0,0.00206,0.00128,0,Tốt
10.07,513.7,425.8,4.177,61.7,0.00252,0.00615,15,Kém
7.23,109.3,316.0,0.855,53.8,0.00141,6e-05,22,Tốt
9.95,515.7,396.5,4.289,745.3,0.0025,0.00139,6,Kém
8.1,363.4,1671.4,4.489,650.7,0.00762,0.00092,847,Kém
9.67,204.9,1599.3,0.551,165.4,0.00788,0.00866,2,Kém
7.68,638.9,1546.7,1.587,45.0,0.0078,0.00741,3,Kém
7.84,115.2,420.1,0.544,154.2,0.00709,0.00137,24,Tốt
7.14,159.8,117.1,0.87,156.8,0.00614,0.00277,3414,Nguy hiểm
8.02,141.2,245.8,1.298,393.7,0.00424,0.00018,143,Trung bình
6.95,994.5,287.2,0.336,1184.6,0.00398,0.00043,9,Nguy hiểm
5.16,561.7,306.8,3.265,205.8,0.00644,0.00763,231,Kém
7.28,213.4,451.0,0.777,160.2,0.0128,0.00149,80,Trung bình
8.03,220.0,403.4,1.024,102.7,0.00775,0.00043,19,Tốt
6.83,180.2,714.0,4.69,515.2,0.04376,0.00113,734,Kém
9.08,181.6,2836.1,0.805,1298.2,0.00523,0.00788,8,Nguy hiểm
6.85,563.3,295.6,4.811,162.7,0.00319,0.00826,142,Kém
8.1,113.2,456.5,1.684,130.8,0.0037,0.0008,8,Tốt
7.52,173.3,232.3,1.931,87.4,0.007,4e-05,3,Tốt
5.3,708.1,972.4,1.37,182.9,0.01679,0.00736,10,Kém
7.15,198.5,98.4,1.998,40.4,0.00394,0.0002,5,Tốt
7.84,330.4,491.8,1.679,58.7,0.01064,0.00141,2,Trung bình
8.0,920.5,2130.1,0.934,1096.4,0.00702,0.0076,10,Nguy hiểm
7.02,109.8,495.1,1.906,143.2,0.0071,0.00089,6,Tốt
6.79,677.3,452.6,1.595,213.3,0.00527,0.009,377,Kém
6.81,139.5,327.4,1.925,137.9,0.0065,0.00097,1,Tốt
7.75,335.6,364.9,1.182,287.0,0.00687,0.0036,15,Trung bình
7.99,189.3,320.4,0.701,215.7,0.00461,0.00044,3,Tốt
6.13,176.5,472.8,4.292,1171.5,0.00105,0.00694,15,Nguy hiểm
9.76,157.5,2456.3,1.358,196.3,0.00224,0.00141,4568,Nguy hiểm
7.01,219.0,230.4,4.488,574.9,0.01923,0.00033,448,Kém
6.8,194.7,115.1,1.961,90.3,0.00576,0.00053,11,Tốt
7.25,187.8,126.7,0.703,383.3,0.01237,0.00122,162,Trung bình
4.12,413.0,136.4,0.352,194.4,0.00564,0.01113,139,Nguy hiểm
7.77,83.6,457.6,1.446,61.9,0.0007,0.001,11,Tốt
6.72,122.4,427.4,1.606,159.0,0.00782,0.00019,11,Tốt
7.7,596.3,453.4,1.8,43.5,0.00141,0.00032,1746,Nguy hiểm
7.96,577.7,171.4,4.256,156.4,0.02146,0.0062,1,Kém
5.41,104.2,1907.2,1.815,351.7,0.0413,0.00072,252,Kém
7.15,84.9,2831.1,0.895,166.0,0.12586,0.01916,16,Nguy hiểm
7.74,119.0,161.2,0.574,128.3,0.00728,7e-05,20,Tốt
7.21,157.8,96.7,6.106,666.8,0.00499,0.00756,17,Nguy hiểm
7.8,119.7,143.1,1.358,103.0,0.00471,0.00145,24,Tốt
5.38,85.0,2003.0,8.656,49.2,0.00224,0.00102,23,Nguy hiểm
6.94,158.0,405.8,0.921,73.3,0.00505,7e-05,10,Tốt
5.18,182.3,173.6,6.588,325.5,0.01759,0.00075,3,Nguy hiểm
7.51,181.1,323.1,1.224,102.9,9e-05,0.00102,10,Tốt
9.81,717.6,1802.6,1.628,42.1,0.02002,0.00084,18,Kém
5.24,217.2,1784.9,0.077,97.8,0.00423,0.0007,629,Kém
7.98,144.0,202.3,1.727,50.5,0.00172,0.00133,13,Tốt
7.79,134.4,464.7,4.421,838.0,0.02189,0.00798,23,Kém
8.13,891.3,250.9,1.474,165.7,0.09341,0.04852,126,Nguy hiểm
8.0,408.5,346.2,1.23,68.1,0.02727,0.01507,1172,Nguy hiểm
7.44,404.9,448.7,4.216,303.8,0.00408,0.00017,1398,Nguy hiểm
7.67,139.0,325.7,1.093,196.4,0.0031,0.00063,13,Tốt
8.06,121.7,241.9,0.604,218.0,0.00437,0.00038,4,Tốt
7.63,313.8,488.2,6.452,1362.6,0.00763,0.00119,19,Nguy hiểm
7.68,216.0,187.0,0.956,276.3,0.00606,0.00224,0,Trung bình
7.48,197.6,494.4,1.981,98.3,0.00633,0.00021,24,Tốt
6.9,99.0,1029.1,1.545,137.2,0.00424,0.00331,12,Trung bình
4.49,355.3,453.4,1.451,1105.9,0.0121,0.00148,7,Nguy hiểm
7.35,180.3,831.8,0.826,266.1,0.00028,0.00319,24,Trung bình
7.49,218.4,177.0,0.589,133.0,0.00273,0.0005,19,Tốt
8.12,139.2,724.6,1.583,126.1,0.01394,0.00368,8,Trung bình
7.98,157.8,444.7,1.415,117.4,0.01134,0.00222,147,Trung bình
7.53,199.9,446.2,1.405,127.9,0.00427,0.00139,20,Tốt
7.94,135.7,382.3,1.422,218.6,0.00611,0.00012,6,Tốt
8.16,112.6,384.5,0.07,118.8,0.00692,0.00277,74,Trung bình
10.2,208.3,338.6,0.608,415.3,0.01684,0.00467,4,Kém
7.06,195.3,419.3,0.52,343.8,0.00619,0.03276,15,Nguy hiểm
8.1,138.5,380.7,0.342,79.9,0.00372,0.00081,13,Tốt
7.48,138.2,401.6,0.759,121.6,0.00525,0.00115,22,Tốt
7.6,84.0,258.4,0.824,183.3,0.00119,0.00034,15,Tốt
8.09,129.6,181.9,1.226,82.2,0.00443,0.01182,259,Nguy hiểm
4.14,684.8,230.9,1.153,110.3,0.0014,0.03473,2,Nguy hiểm
8.14,128.7,2781.2,0.609,208.1,0.01783,0.04413,2,Nguy hiểm
7.15,214.4,496.3,1.488,129.5,0.00761,0.00142,1,Tốt
10.15,201.8,1751.2,4.941,117.1,0.01303,0.00863,6,Kém
7.07,407.0,822.6,0.568,69.4,0.00288,0.0002,22,Trung bình
7.41,147.4,168.7,1.692,276.6,0.0055,0.00334,15,Trung bình
7.92,854.9,345.0,1.107,92.1,0.00029,0.00092,2048,Nguy hiểm
5.44,191.4,885.5,0.424,847.2,0.00619,0.00559,5,Kém
7.09,199.5,195.9,0.964,257.3,0.00141,0.00223,116,Trung bình
7.9,94.7,846.9,0.977,199.9,0.01288,0.00016,149,Trung bình
6.02,86.6,1958.3,0.378,113.0,0.02801,0.00124,878,Kém
7.42,375.3,2188.5,1.637,200.3,0.00702,0.02881,1,Nguy hiểm
11.47,112.5,179.1,1.946,63.4,0.00447,0.03157,3072,Nguy hiểm
5.16,194.6,2025.1,1.16,110.7,0.04017,0.00722,22,Kém
8.04,414.7,2101.8,4.372,641.4,0.04006,0.00015,12,Kém
7.01,121.9,982.7,1.134,91.4,0.00609,0.00304,76,Trung bình
6.74,125.5,1081.9,1.11,329.4,0.00562,0.00019,1,Trung bình
7.59,377.7,102.7,1.098,127.1,0.01291,6e-05,14,Trung bình
11.92,84.1,2409.2,1.812,52.1,0.00098,0.00145,16,Nguy hiểm
7.4,120.3,135.3,1.621,143.0,0.00547,0.00049,15,Tốt
7.27,513.8,90.4,1.487,701.2,0.00024,0.0002,281,Kém
7.77,577.5,1036.6,1.353,137.9,0.02111,0.0062,709,Kém
7.96,171.4,190.8,1.114,154.7,0.00684,0.00019,15,Tốt
4.23,111.6,449.4,1.532,151.6,0.13522,8e-05,880,Nguy hiểm
6.85,826.2,266.1,5.493,152.9,0.01338,0.0009,900,Nguy hiểm
6.44,191.1,95.0,0.836,386.7,0.00318,0.00131,12,Trung bình
7.67,193.3,487.4,1.275,130.2,0.00086,0.00094,9,Tốt
7.26,345.3,940.1,0.92,212.1,0.00162,0.00029,21,Trung bình
6.05,218.9,127.0,1.457,187.0,0.00028,0.00235,10,Trung bình
10.1,554.9,312.9,0.89,296.5,0.00515,0.00743,381,Kém
7.25,84.4,179.7,1.513,1090.2,0.00474,0.00602,17,Nguy hiểm
8.55,178.1,1811.0,4.619,77.0,0.02934,0.0086,22,Kém
7.21,121.3,149.1,1.463,60.2,0.0018,0.0001,16,Tốt
7.14,167.2,1517.0,5.82,163.1,0.02414,0.00093,2092,Nguy hiểm
6.84,386.2,478.8,1.64,289.3,0.00457,0.00112,121,Trung bình
7.95,203.1,282.3,1.01,57.0,0.00667,0.00112,22,Tốt
6.77,144.2,297.5,0.655,40.0,0.00561,0.00064,4,Tốt
8.15,121.8,292.2,0.506,131.6,0.00346,0.00014,0,Tốt
9.82,712.7,1994.5,4.447,143.6,0.0068,0.00021,7,Kém
6.98,139.6,344.5,0.414,72.5,0.00289,0.00142,2,Tốt
7.46,208.9,165.9,0.517,172.5,0.01076,0.00369,91,Trung bình
4.14,219.1,80.1,1.769,160.3,0.00218,0.00125,160,Nguy hiểm
8.17,665.7,356.0,4.917,109.7,0.03129,0.00627,16,Kém
8.02,102.7,1715.1,4.725,299.6,0.00632,0.0055,20,Kém
7.83,158.8,455.1,0.074,114.0,0.12727,0.00116,3,Nguy hiểm
8.18,670.0,861.9,6.202,127.7,0.00756,0.02143,14,Nguy hiểm
6.16,424.5,83.0,1.913,167.2,0.00418,0.00055,13,Trung bình
7.13,167.8,182.3,1.431,216.0,0.00141,0.00065,6,Tốt
7.92,87.8,277.5,0.963,110.0,0.00674,0.001,6,Tốt
9.78,545.0,1564.5,0.404,203.4,0.0042,0.00862,169,Kém
7.29,115.2,435.0,1.986,145.3,0.00569,0.00049,4,Tốt
7.9,363.7,1587.7,4.312,62.5,1e-05,0.0073,466,Kém
4.21,110.3,270.3,1.905,85.7,0.07408,5e-05,20,Nguy hiểm
3.57,131.4,494.8,4.211,354.1,0.00761,0.00056,177,Nguy hiểm
7.25,208.8,254.7,1.603,189.7,0.00094,0.00041,18,Tốt
9.61,189.8,1626.7,1.247,49.5,0.01891,0.00852,159,Kém
6.4,175.7,264.7,1.736,407.6,0.00031,0.00021,18,Trung bình
5.11,216.5,1511.5,0.59,510.4,0.01866,0.00277,15,Kém
7.59,146.8,443.6,0.348,96.9,0.00296,0.00033,14,Tốt
5.14,170.4,1906.8,0.335,171.8,0.0063,0.001,253,Kém
6.9,100.8,110.9,0.403,100.5,0.00278,0.00133,4,Tốt
7.69,92.9,482.8,0.039,121.0,0.00689,0.00244,6,Trung bình
7.74,107.6,105.0,9.163,91.5,0.02635,0.00099,10,Nguy hiểm
7.37,101.6,259.4,1.591,115.1,0.00741,0.00065,11,Tốt
7.51,85.3,152.4,1.443,354.2,0.00574,0.00227,3635,Nguy hiểm
7.97,120.6,1026.2,3.667,165.4,0.00074,0.00051,59,Trung bình
8.08,166.6,213.3,1.813,90.5,0.00677,0.00025,5,Tốt
10.27,167.6,283.0,0.042,159.9,0.03757,0.0058,504,Kém
6.86,192.8,126.9,1.907,167.2,0.00702,0.00115,11,Tốt
3.47,319.2,142.2,0.455,105.3,0.17353,0.00342,15,Nguy hiểm
9.9,115.1,2045.3,0.546,110.0,0.00376,0.00018,604,Kém
7.91,646.3,402.7,0.067,40.9,0.00736,0.00807,3454,Nguy hiểm
7.75,92.0,1076.2,1.431,203.6,0.0138,0.00049,12,Trung bình
7.3,96.6,268.1,0.805,85.3,0.00644,0.00047,11,Tốt
8.15,153.1,81.4,0.932,142.7,0.00233,0.00084,17,Tốt
7.21,713.2,266.7,1.108,366.7,0.0078,0.03874,750,Nguy hiểm
8.04,386.7,99.5,1.767,310.2,0.00636,0.00126,60,Trung bình
8.61,340.9,347.6,1.065,311.3,0.00171,0.00136,6,Trung bình
7.65,185.4,393.0,8.901,134.0,0.03659,0.00121,11,Nguy hiểm
7.28,127.3,138.9,0.064,68.5,0.01115,0.00375,18,Trung bình
7.93,124.9,84.8,1.807,151.2,0.00176,0.00092,2,Tốt
7.52,203.5,2013.7,0.522,618.8,0.00666,0.00246,540,Kém
5.15,148.4,1512.3,4.733,218.6,0.0052,0.00099,802,Kém
7.68,610.7,1577.7,4.635,213.8,0.00646,0.0006,784,Kém
8.14,128.0,288.9,0.854,133.4,0.00751,0.00119,23,Tốt
7.09,194.1,316.6,0.319,147.6,0.00038,0.00026,6,Tốt
5.28,116.3,156.9,1.223,314.7,0.01648,0.00036,697,Kém
7.66,340.7,434.9,3.519,82.0,0.00029,0.00258,5,Trung bình
6.74,170.4,119.3,7.678,146.5,0.00052,0.00079,1962,Nguy hiểm
10.14,593.6,332.0,4.359,141.4,0.00263,0.00268,836,Kém
6.98,211.5,252.2,0.899,196.6,0.00032,0.00038,6,Tốt
7.17,195.4,237.1,1.111,141.2,0.00034,0.00081,23,Tốt
7.5,365.5,484.8,0.338,158.0,0.00211,0.00343,6,Trung bình
10.07,591.0,280.3,0.326,576.5,0.0037,0.00035,64,Kém
5.32,628.0,1879.7,0.633,262.2,0.04388,0.00084,13,Kém
6.89,331.8,155.8,3.239,127.5,0.0052,0.0034,17,Trung bình
6.97,94.7,234.3,1.165,130.0,0.00343,0.00133,19,Tốt
7.31,158.5,157.9,1.334,52.7,0.00156,0.00062,24,Tốt
3.62,128.0,466.4,1.302,255.6,0.15083,0.00148,10,Nguy hiểm
6.2,212.4,198.8,0.036,52.2,0.00188,0.00362,15,Trung bình
6.72,118.6,141.6,1.781,185.8,0.00645,0.00124,19,Tốt
7.24,216.3,142.8,1.256,211.5,0.00536,2e-05,11,Tốt
8.1,360.0,1054.5,0.942,111.0,0.0014,0.00053,15,Trung bình
6.78,411.7,353.2,1.012,179.5,0.00087,0.00056,58,Trung bình
5.21,89.5,372.9,0.812,684.3,0.01214,0.00011,820,Kém
4.27,190.2,1715.7,0.37,327.2,0.00621,0.00056,24,Nguy hiểm
6.31,84.7,351.0,3.239,46.3,0.00024,0.04101,23,Nguy hiểm
8.57,138.2,127.3,3.592,115.6,0.00297,0.00085,14,Trung bình
7.08,96.2,1089.9,1.943,167.3,0.0121,0.00079,10,Trung bình
7.86,98.9,343.6,1.399,85.9,0.00528,0.00027,14,Tốt
7.22,85.4,310.2,1.331,66.5,0.00674,0.00133,14,Tốt
9.8,132.9,228.0,0.382,732.7,0.01601,0.00068,725,Kém
5.17,93.0,450.7,1.945,304.3,0.0015,0.00675,857,Kém
7.03,96.5,475.9,0.898,279.1,0.01377,0.00064,161,Trung bình
7.05,193.2,1759.1,1.661,580.2,0.03282,0.00252,1,Kém
8.18,554.3,1698.1,4.859,123.0,0.00581,0.00038,213,Kém
8.0,212.3,979.7,0.695,357.6,0.0036,0.0034,10,Trung bình
7.57,149.1,455.9,1.681,61.8,0.00799,0.00037,14,Tốt
7.52,163.7,175.7,0.043,139.4,0.0575,0.00694,15,Nguy hiểm
7.06,84.2,2192.3,1.078,95.5,0.00254,0.00246,2423,Nguy hiểm
6.86,405.9,376.8,4.836,51.6,0.02706,0.00816,469,Kém
10.0,554.9,201.5,3.393,191.2,0.03488,0.00036,570,Kém
7.52,112.3,1891.8,1.565,797.2,0.02631,0.00061,5,Kém
7.6,100.9,95.7,0.917,107.3,0.00783,0.00041,3,Tốt
7.2,124.0,414.4,3.452,59.2,0.00079,0.00279,23,Trung bình
7.51,90.2,359.6,3.965,48.0,0.00472,0.03192,25,Nguy hiểm
6.77,315.9,314.8,0.737,157.9,0.00143,0.00077,67,Trung bình
8.05,146.8,253.6,0.565,199.4,0.00355,0.00022,3,Tốt
8.99,144.0,253.5,1.198,124.8,0.09548,0.00034,1,Nguy hiểm
7.96,215.1,237.3,0.788,100.7,0.00691,0.00039,5,Tốt
6.26,84.6,473.6,0.951,141.1,0.0022,0.003,21,Trung bình
8.0,128.4,360.9,1.358,48.1,0.00678,8e-05,12,Tốt
10.21,129.7,436.0,4.348,333.1,0.00365,0.00725,1,Kém
8.71,206.5,225.0,8.03,1302.1,0.00305,8e-05,4449,Nguy hiểm
9.86,105.0,117.7,0.866,164.1,0.1372,0.04002,2844,Nguy hiểm
7.39,138.9,405.4,1.178,1080.3,0.00695,0.00558,18,Nguy hiểm
6.88,426.3,358.0,1.581,295.3,0.00647,0.02374,23,Nguy hiểm
5.17,117.6,233.3,1.65,646.4,0.00508,0.00822,235,Kém
7.22,214.9,91.2,0.024,72.7,0.00759,0.00372,162,Trung bình
7.68,148.5,392.2,1.982,1167.5,0.04077,0.02432,144,Nguy hiểm
5.4,365.8,212.6,4.659,586.1,0.02132,0.00097,1,Kém
7.47,101.3,120.0,1.264,86.6,8e-05,0.00104,3,Tốt
7.95,361.7,997.5,1.349,390.3,0.00713,0.0008,18,Trung bình
7.3,186.9,450.6,0.676,1050.6,0.01314,0.00068,1,Nguy hiểm
11.59,923.7,2064.4,0.987,135.3,0.15723,0.00141,10,Nguy hiểm
6.85,140.2,323.5,1.475,120.5,0.00423,0.00096,15,Tốt
9.93,205.2,1897.3,1.991,707.2,0.00549,0.00735,11,Kém
7.26,189.8,1579.5,3.118,765.6,0.02449,0.006,23,Kém
8.97,154.9,389.2,0.729,171.3,0.00666,0.00303,9,Trung bình
7.09,93.3,120.8,0.572,569.9,0.0066,0.00521,459,Kém
8.97,158.7,112.6,0.748,139.3,0.0034,0.00033,133,Trung bình
6.78,381.0,1042.2,0.973,129.0,0.00712,0.00247,2,Trung bình
6.32,327.3,988.6,0.613,115.3,0.00366,0.00091,4,Trung bình
7.15,939.3,156.3,7.511,845.7,0.08588,0.00142,0,Nguy hiểm
7.25,606.2,920.4,1.75,85.8,0.0361,0.00046,447,Kém
7.99,376.4,185.0,1.685,269.9,0.00352,0.00102,62,Trung bình
10.11,184.5,1753.1,0.468,154.3,0.00185,0.00486,304,Kém
7.94,193.4,238.7,0.754,68.0,0.00693,0.00131,7,Tốt
6.76,154.9,410.3,3.963,67.9,0.00401,0.00316,17,Trung bình
7.6,773.5,300.1,0.517,1173.9,0.00745,0.00098,4805,Nguy hiểm
7.54,131.5,202.4,0.338,77.6,0.00077,0.00062,17,Tốt
7.22,166.2,487.2,4.071,160.3,0.0023,0.0014,90,Trung bình
7.62,98.7,743.8,8.477,194.6,0.01376,0.00083,2442,Nguy hiểm
10.25,585.0,2160.4,4.477,219.5,0.00519,0.00037,12,Kém
7.96,198.1,383.8,0.582,109.2,0.01281,0.00272,5,Trung bình
5.34,425.5,463.4,4.445,71.3,0.01635,0.00823,10,Kém
7.91,100.0,232.5,0.524,202.6,0.00389,0.0001,24,Tốt
6.34,83.0,1093.5,0.311,48.6,0.00713,0.00089,70,Trung bình
9.01,584.0,260.7,5.597,218.7,0.00656,0.00094,3,Nguy hiểm
7.67,215.9,2996.3,1.375,596.3,0.02763,0.04132,9,Nguy hiểm
6.84,167.0,949.8,0.731,1346.7,0.00292,0.00043,10,Nguy hiểm
8.69,112.3,484.7,0.438,545.1,0.01727,0.00668,14,Kém
8.74,575.8,1684.6,0.488,83.5,0.00601,0.00866,7,Kém
7.35,144.6,175.5,0.087,255.3,0.00312,0.0004,125,Trung bình
5.12,645.4,410.1,4.732,103.9,0.02284,0.00016,3,Kém
8.05,865.6,283.9,0.786,109.8,0.00549,0.01998,83,Nguy hiểm
8.19,207.4,188.3,1.037,167.6,0.00752,0.00096,21,Tốt
9.79,622.7,1860.6,0.334,207.0,0.01163,0.00073,13,Kém
7.46,422.5,905.5,0.055,100.5,0.00614,6e-05,8,Trung bình
8.17,158.2,303.7,0.366,687.4,0.00431,0.00525,295,Kém
7.62,85.2,349.3,4.669,413.4,0.00682,0.04945,17,Nguy hiểm
5.16,103.6,2040.5,1.121,654.3,0.0059,0.00127,22,Kém
6.84,130.9,420.2,4.364,837.7,0.02304,0.0002,343,Kém
6.72,562.1,466.2,9.366,148.0,0.0021,0.001,3562,Nguy hiểm
9.66,143.2,1690.6,4.301,78.0,0.02523,0.00119,9,Kém
7.51,202.9,827.9,0.09,54.1,0.0076,8e-05,18,Trung bình
8.74,90.6,923.2,1.768,71.4,0.00678,0.00011,93,Trung bình
8.61,97.2,133.0,0.798,122.4,0.00513,0.00254,65,Trung bình
7.52,218.6,1010.0,1.097,1365.4,0.00441,0.00034,4970,Nguy hiểm
7.07,173.1,436.2,1.687,46.5,0.00275,0.00096,5,Tốt
7.84,190.3,822.1,8.304,1213.8,0.00366,0.00115,14,Nguy hiểm
7.4,183.9,121.2,1.668,155.3,0.05631,0.00052,1536,Nguy hiểm
10.0,118.4,337.3,1.306,1069.6,0.00713,0.00045,0,Nguy hiểm
8.18,380.2,485.7,6.326,152.0,0.00057,0.03954,4985,Nguy hiểm
8.05,617.9,372.7,0.87,44.1,0.00103,0.0003,3203,Nguy hiểm
8.08,660.0,1958.6,0.715,832.9,0.03453,0.00101,13,Kém
8.07,216.3,373.3,1.538,47.0,0.00388,0.00052,24,Tốt
7.3,136.2,275.9,1.156,1386.0,0.00084,0.00083,98,Nguy hiểm
7.16,108.5,354.6,1.149,1300.2,0.01264,0.00048,138,Nguy hiểm
6.78,183.3,1000.2,1.658,1082.4,0.03701,0.00079,18,Nguy hiểm
8.64,347.1,497.9,1.24,192.6,0.00796,0.00315,15,Trung bình
9.09,354.3,847.8,0.48,92.8,0.0037,0.00126,6,Trung bình
5.13,182.7,158.3,4.26,44.4,0.04367,0.00031,514,Kém
6.86,207.0,192.7,1.416,156.6,0.18285,0.0355,15,Nguy hiểm
5.43,113.3,1680.6,1.159,216.8,0.00148,0.00015,821,Kém
7.97,194.6,319.2,0.739,122.0,0.00622,0.0014,8,Tốt
9.02,160.9,1023.7,1.554,162.8,0.00493,0.00052,14,Trung bình
8.13,134.3,1099.1,3.648,117.7,0.00284,0.0003,5,Trung bình
7.34,213.8,377.1,1.063,57.3,0.0027,0.00097,3,Tốt
8.09,553.1,209.6,4.201,87.6,0.02303,0.0011,318,Kém
5.17,970.1,474.1,1.39,1286.5,0.00331,0.00084,118,Nguy hiểm
10.26,390.7,85.8,1.244,290.1,0.00232,0.03939,6,Nguy hiểm
7.85,923.5,271.8,1.487,197.5,0.00124,0.02892,3951,Nguy hiểm
8.6,82.5,383.9,0.025,216.1,0.0138,0.00119,25,Trung bình
7.02,184.7,185.1,0.694,153.4,0.00706,0.00063,12,Tốt
9.78,678.8,2044.3,1.918,712.1,0.00464,0.00319,20,Kém
7.33,584.2,344.4,0.703,845.6,0.00789,0.00695,300,Kém
3.9,81.4,348.5,4.495,152.2,0.0074,0.00842,169,Nguy hiểm
8.57,405.5,156.6,0.058,208.1,0.00271,0.00121,24,Trung bình
7.76,189.3,713.0,1.13,114.0,0.00034,0.00265,24,Trung bình
10.01,98.9,845.8,4.752,806.5,0.00654,0.00083,6,Kém
8.05,98.0,406.5,1.838,60.3,0.00094,0.00134,24,Tốt
7.72,355.8,732.0,0.43,69.4,0.0046,0.00062,12,Trung bình
9.69,187.6,1522.5,0.795,112.1,0.02009,0.00105,733,Kém
6.83,146.1,304.3,0.801,97.3,0.00304,1e-05,24,Tốt
7.28,110.9,251.0,1.965,64.6,0.00452,0.00115,13,Tốt
6.91,214.0,988.9,0.556,179.4,0.00453,0.00144,88,Trung bình
6.95,180.4,325.0,4.419,1080.5,0.00252,0.00042,9,Nguy hiểm
7.48,159.3,133.9,0.387,382.5,0.0009,0.00318,5,Trung bình
9.99,186.1,1812.2,0.851,82.3,0.00756,0.00837,24,Kém
7.03,99.0,407.9,1.93,125.8,0.14854,0.01911,2675,Nguy hiểm
7.95,92.0,104.9,1.632,213.1,0.01316,0.00349,16,Trung bình
10.09,596.8,2128.0,1.976,64.2,0.00318,0.00361,22,Kém
10.07,115.1,227.7,1.729,123.2,0.00356,0.00139,1838,Nguy hiểm
7.46,378.7,346.6,1.698,41.3,0.0116,0.00013,16,Trung bình
7.98,212.2,227.4,0.327,218.4,0.00089,0.00147,18,Tốt
7.38,162.5,478.9,0.716,73.7,0.0036,0.001,9,Tốt
7.07,92.3,313.4,0.921,593.6,0.02169,0.00592,771,Kém
5.29,154.9,1849.6,3.473,715.3,0.00442,0.00477,11,Kém
5.19,620.8,1875.9,0.048,44.4,0.0069,0.00793,15,Kém
7.17,116.4,322.8,1.488,205.1,0.00527,2e-05,14,Tốt
7.67,121.9,329.6,0.088,44.8,0.0014,0.00336,137,Trung bình
10.24,90.5,2030.4,4.874,204.5,0.0003,0.00613,16,Kém
10.2,541.8,257.7,0.353,69.1,0.0027,0.04735,16,Nguy hiểm
7.66,126.7,236.7,1.689,175.9,0.00512,0.0013,8,Tốt
7.37,92.4,215.7,6.785,1091.6,0.00416,0.00117,9,Nguy hiểm
6.98,169.7,243.2,1.605,362.9,0.01428,0.00077,9,Trung bình
7.96,103.3,987.1,1.254,336.6,0.00153,0.00034,16,Trung bình
10.29,525.9,161.4,4.907,210.1,0.00492,0.00107,499,Kém
5.28,187.2,1846.2,1.786,198.0,0.00394,0.00116,306,Kém
10.1,189.9,1855.3,0.801,309.7,0.00483,0.00563,845,Kém
6.22,112.4,138.4,0.654,53.8,0.00718,0.00254,14,Trung bình
7.92,82.4,186.9,0.069,58.5,0.00573,0.00236,25,Trung bình
8.6,595.1,1802.7,0.971,747.9,0.00269,0.00014,656,Kém
8.18,150.1,325.1,1.817,117.3,0.00435,0.00312,99,Trung bình
7.12,173.4,207.1,0.931,183.3,0.00634,0.00058,8,Tốt
7.9,186.0,446.8,1.706,214.3,0.00401,0.00126,6,Tốt
8.05,94.2,129.0,1.3,45.2,0.00319,0.00079,19,Tốt
8.16,170.8,409.8,3.582,62.7,0.00665,0.01464,2143,Nguy hiểm
7.35,192.8,198.9,0.845,179.2,0.00216,0.00091,17,Tốt
7.71,212.5,232.7,1.043,53.1,0.00464,0.00147,6,Tốt
6.93,180.6,436.8,1.265,155.5,0.00768,0.00059,25,Tốt
7.02,330.6,284.4,1.938,288.3,0.00402,0.00052,169,Trung bình
7.99,116.3,439.1,1.288,384.3,0.01222,0.00288,23,Trung bình
8.69,93.0,1604.4,4.568,128.4,0.00633,0.0069,242,Kém
4.18,206.3,470.8,4.099,135.5,0.00634,0.00043,11,Nguy hiểm
7.51,599.7,130.3,1.542,707.1,0.00616,0.00774,697,Kém
8.08,170.6,166.2,1.128,68.5,0.00179,0.00068,7,Tốt
6.04,163.8,928.8,1.992,98.3,0.00478,0.00367,16,Trung bình
8.0,82.6,383.8,1.016,72.0,0.10606,0.00351,457,Nguy hiểm
7.47,129.7,897.4,1.285,383.7,0.00602,0.0216,2,Nguy hiểm
11.41,159.1,452.0,1.182,167.1,0.00557,0.00025,322,Nguy hiểm
7.01,82.7,296.2,1.477,1234.2,0.00333,0.04515,744,Nguy hiểm
7.1,101.4,467.7,1.239,55.0,0.00167,0.00064,20,Tốt
8.19,129.1,1043.6,0.339,372.8,0.00272,0.00232,15,Trung bình
7.74,169.5,124.6,0.372,108.8,0.00488,4e-05,2,Tốt
8.17,563.9,1514.8,0.663,692.0,0.00339,0.00067,805,Kém
8.05,84.9,1057.1,9.073,1358.7,0.00126,0.00093,65,Nguy hiểm
7.82,623.3,1562.4,4.622,181.6,0.0064,0.00013,581,Kém
7.45,131.5,475.4,1.225,141.9,0.00094,9e-05,6,Tốt
3.89,85.5,275.0,9.731,181.6,0.15217,0.00016,111,Nguy hiểm
7.28,143.9,174.6,0.642,201.3,0.00492,0.00143,9,Tốt
9.96,140.3,1794.1,1.428,72.8,0.00397,0.0003,452,Kém
8.05,563.0,485.3,0.957,663.5,0.09942,0.00108,478,Nguy hiểm
6.8,609.5,163.2,0.954,111.3,0.13576,4e-05,10,Nguy hiểm
8.2,81.4,2512.3,8.555,1335.5,0.00073,0.00016,1783,Nguy hiểm
9.06,394.8,464.5,0.731,157.3,0.00432,0.00043,12,Trung bình
10.27,653.8,1022.9,1.117,180.6,0.02826,0.00014,248,Kém
7.27,423.7,106.5,1.832,293.5,0.01152,0.00118,11,Trung bình
8.77,211.9,181.8,1.871,343.3,0.00393,0.00084,13,Trung bình
7.5,644.7,85.2,3.959,1165.0,0.00091,0.00087,766,Nguy hiểm
6.95,177.6,1067.8,1.485,300.2,0.01174,0.00131,3,Trung bình
8.18,154.1,475.1,0.458,197.6,0.00561,0.00055,5,Tốt
8.95,85.5,210.3,3.553,168.2,0.00072,0.00344,16,Trung bình
5.11,100.2,2050.0,0.998,56.8,0.02012,2e-05,7,Kém
6.98,93.6,302.6,0.978,51.2,0.00693,0.00055,12,Tốt
7.09,694.5,2140.5,4.673,48.0,0.00528,0.00781,6,Kém
8.75,128.6,287.9,1.907,209.5,0.00406,0.00082,85,Trung bình
7.31,161.3,362.7,0.765,116.8,0.00172,0.00018,2,Tốt
7.41,107.7,306.9,0.775,107.5,0.00619,0.00032,23,Tốt
7.35,146.9,739.9,8.695,110.2,0.01353,0.00062,7,Nguy hiểm
6.43,172.7,482.7,0.561,120.2,0.00083,0.00316,8,Trung bình
6.82,527.3,332.0,0.579,1264.9,0.06568,0.00056,15,Nguy hiểm
10.24,419.8,346.6,4.373,69.8,0.00041,0.00784,458,Kém
7.93,532.0,272.1,1.231,691.6,0.00514,0.00032,758,Kém
9.05,398.8,1059.0,1.441,162.5,0.00153,0.00067,6,Trung bình
7.74,163.7,427.3,1.773,196.0,0.00465,0.00134,24,Tốt
7.04,91.1,1098.5,1.735,81.1,0.01326,0.00039,9,Trung bình
7.83,205.7,189.6,1.307,219.8,0.00586,0.0011,20,Tốt
8.85,119.0,163.1,1.434,270.7,0.01447,0.0008,16,Trung bình
6.33,701.1,2188.9,1.279,778.9,0.02615,0.00021,4,Kém
10.01,617.0,740.8,4.879,58.7,0.00074,0.00016,725,Kém
11.37,213.7,2220.3,1.665,61.5,0.02506,0.00083,61,Nguy hiểm
7.32,196.1,104.3,1.29,104.2,0.0032,0.00064,10,Tốt
6.99,213.7,280.7,1.241,611.3,0.0189,0.00697,24,Kém
6.99,119.5,296.9,1.088,62.9,0.00651,0.00042,11,Tốt
6.97,91.2,446.2,0.537,129.8,0.00303,0.00033,17,Tốt
7.34,88.0,137.9,1.228,217.9,0.00595,0.00109,2,Tốt
6.13,196.6,775.7,1.232,375.8,0.00103,0.00056,17,Trung bình
7.51,172.6,462.5,0.474,178.3,0.00673,0.00017,5,Tốt
5.36,186.6,454.4,1.588,791.8,0.0434,0.00149,24,Kém
8.06,179.5,2037.4,4.462,200.6,0.03892,0.00128,168,Kém
7.56,82.3,186.2,1.119,126.8,0.00565,0.00035,7,Tốt
7.76,85.7,304.7,1.779,309.1,0.01385,0.00014,2,Trung bình
4.31,720.8,428.2,5.978,84.4,0.00356,0.00115,329,Nguy hiểm
7.23,102.6,847.4,1.499,60.0,0.00648,0.00353,7,Trung bình
5.19,191.2,426.1,0.529,801.1,0.00154,0.0072,17,Kém
6.72,132.7,1984.8,1.375,204.5,0.00772,0.00668,375,Kém
7.07,190.6,342.9,0.899,103.6,0.00565,0.00126,19,Tốt
7.87,197.3,278.9,1.52,1339.8,0.00446,0.00586,10,Nguy hiểm
6.04,655.4,2163.5,4.619,122.4,0.00576,0.00114,374,Kém
6.8,115.5,203.2,1.981,64.3,0.14747,0.00055,176,Nguy hiểm
5.39,163.7,381.3,1.695,1241.1,0.03403,0.00017,2116,Nguy hiểm
5.4,145.8,369.0,0.491,737.3,0.04112,0.0001,25,Kém
6.86,152.3,264.7,1.735,177.6,0.00228,0.00135,13,Tốt
9.88,192.4,1852.6,0.989,631.0,0.04056,0.00097,23,Kém
8.98,145.8,308.8,1.315,99.3,0.01344,0.00294,25,Trung bình
7.31,103.0,345.9,0.05,291.8,0.0114,0.00087,24,Trung bình
11.76,791.9,456.1,0.684,129.8,0.00572,0.00556,11,Nguy hiểm
5.27,567.6,2066.1,0.819,367.9,0.0018,0.00075,13,Kém
6.88,114.2,3020.1,1.097,1207.5,0.00586,0.00361,21,Nguy hiểm
7.07,520.3,128.6,1.647,695.1,0.04182,0.00067,298,Kém
9.89,687.2,1659.3,4.219,46.3,0.00664,0.00092,180,Kém
8.05,622.0,1737.4,1.902,94.6,0.00455,0.007,447,Kém
9.77,529.3,1587.3,0.752,138.7,0.03937,0.00052,4,Kém
6.73,215.7,100.6,8.783,1075.9,0.00075,0.0006,20,Nguy hiểm
7.18,97.9,452.6,1.618,157.2,0.00602,0.00047,4,Tốt
7.14,315.6,272.6,1.896,1289.6,0.00582,0.00111,5,Nguy hiểm
7.69,413.3,288.3,0.068,146.4,0.00296,0.00366,22,Trung bình
6.97,98.1,842.5,0.06,46.0,0.00047,0.00127,10,Trung bình
7.33,601.4,1860.4,4.897,61.1,0.02514,0.00235,2,Kém
5.15,200.5,478.5,1.769,181.3,0.0055,0.0059,328,Kém
9.09,216.0,279.8,0.027,204.4,0.05914,0.00054,8,Nguy hiểm
7.66,216.7,969.5,0.083,145.1,0.00021,0.0014,19,Trung bình
7.32,197.0,330.4,0.315,1212.5,0.03643,0.00291,23,Nguy hiểm
7.21,429.2,230.7,0.49,173.4,0.00388,0.00082,62,Trung bình
7.74,83.0,111.0,1.713,117.9,0.00253,0.00063,24,Tốt
7.28,718.3,81.8,0.313,154.3,0.02696,0.00633,300,Kém
7.25,591.5,243.3,4.509,151.3,0.00564,0.00661,492,Kém
6.85,125.4,183.3,0.934,135.5,0.00366,0.0001,3,Tốt
7.22,755.9,313.0,1.972,1090.5,0.11116,0.00108,10,Nguy hiểm
7.83,154.2,975.5,1.658,418.0,0.00734,0.00146,21,Trung bình
8.58,315.4,288.8,1.775,179.9,0.00347,0.00113,7,Trung bình
6.74,155.5,959.0,0.066,296.7,0.0074,0.00135,22,Trung bình
9.73,192.3,427.6,4.44,219.5,0.00291,0.0087,896,Kém
10.18,709.7,1614.7,4.303,154.4,0.00464,0.00149,25,Kém
6.9,613.4,1540.0,0.838,81.4,0.0065,0.00779,18,Kém
6.8,109.5,343.3,7.63,89.1,0.00023,0.04658,65,Nguy hiểm
7.56,560.2,428.8,0.987,557.3,0.00445,0.00667,830,Kém
5.26,544.6,2019.6,1.971,157.0,0.00635,0.00571,165,Kém
7.26,183.0,434.9,1.826,121.5,0.00324,0.00143,16,Tốt
7.63,682.2,359.9,0.062,779.2,0.00688,0.00063,236,Kém
6.85,123.5,431.3,1.969,128.6,0.00116,0.00103,21,Tốt
8.07,166.6,382.3,3.183,380.2,0.00481,0.00274,18,Trung bình
7.02,313.8,1012.0,1.286,87.8,0.00523,0.00353,11,Trung bình
7.92,345.1,1047.8,1.201,387.3,0.00342,0.00066,12,Trung bình
7.0,148.0,465.5,1.283,141.1,0.00531,0.00083,14,Tốt
7.34,351.3,972.4,1.195,192.0,0.00195,0.00014,14,Trung bình
8.17,212.7,380.4,3.742,1240.6,0.00432,0.00069,4,Nguy hiểm
7.51,182.8,331.7,1.868,168.6,0.0234,0.00835,579,Kém
7.94,126.9,346.4,0.439,363.5,0.00076,0.01396,17,Nguy hiểm
9.76,157.0,483.0,4.509,627.2,0.00036,0.0007,474,Kém
6.73,82.1,1762.4,4.884,624.4,0.0121,0.00019,443,Kém
7.52,138.4,88.8,1.493,68.1,0.00331,0.00098,6,Tốt
7.13,201.0,377.0,1.491,42.2,0.00237,0.0007,6,Tốt
7.18,180.6,152.4,0.888,187.7,0.00585,0.00079,6,Tốt
7.8,125.6,471.0,0.878,128.2,0.00525,1e-05,6,Tốt
7.05,376.1,490.5,4.85,216.2,0.00438,0.00753,469,Kém
3.92,156.7,101.6,0.454,142.7,0.00085,0.00132,806,Nguy hiểm
7.72,413.1,183.5,3.25,82.4,0.01366,0.001,9,Trung bình
7.93,100.9,402.7,0.361,152.1,0.00177,6e-05,21,Tốt
6.72,160.6,96.8,1.917,1102.3,0.16659,0.00708,316,Nguy hiểm
8.59,171.6,88.6,3.462,69.5,0.00515,0.00014,74,Trung bình
7.88,549.8,2153.6,0.425,562.7,0.0136,0.00031,14,Kém
6.05,166.1,380.8,4.199,64.7,0.01423,0.00023,25,Trung bình
11.89,219.3,416.9,1.39,1309.9,0.00468,0.00084,2,Nguy hiểm
7.54,214.4,303.5,0.747,93.2,0.00396,0.00047,17,Tốt
7.16,150.5,340.3,1.141,76.6,0.0078,0.00147,9,Tốt
8.91,182.4,370.8,0.892,363.5,0.00228,0.00377,3,Trung bình
8.05,89.2,268.6,0.716,54.4,0.12284,0.00042,129,Nguy hiểm
7.11,348.4,155.2,1.132,259.8,0.01202,0.0013,2,Trung bình
5.13,153.2,177.1,0.437,626.7,0.01326,0.00667,1,Kém
7.02,89.0,279.0,3.626,192.7,0.00096,0.00317,22,Trung bình
8.69,512.3,480.8,0.969,104.8,0.1364,0.00081,1971,Nguy hiểm
8.09,99.5,472.4,1.966,73.4,0.00431,0.00037,10,Tốt
7.3,192.1,485.2,4.051,348.8,0.00475,0.00122,8,Trung bình
7.71,154.0,437.0,1.173,46.9,0.00448,0.00121,9,Tốt
8.62,424.4,345.1,5.876,128.6,0.00211,0.00142,3150,Nguy hiểm
8.97,356.3,499.9,1.791,307.6,0.00165,0.00033,18,Trung bình
7.12,96.8,202.2,1.48,148.2,0.00087,0.00095,7,Tốt
6.98,122.2,340.1,1.203,93.4,0.00775,0.00099,3,Tốt
6.9,91.2,1071.8,7.422,79.1,0.12979,0.00047,5,Nguy hiểm
7.2,416.7,163.4,1.462,154.7,0.00262,0.00053,144,Trung bình
7.94,118.9,292.3,3.195,70.8,0.00078,0.00094,3638,Nguy hiểm
7.32,844.7,333.7,7.478,148.4,0.00048,0.00072,16,Nguy hiểm
7.82,161.8,844.9,1.292,337.7,0.00247,0.00321,25,Trung bình
7.66,345.1,417.8,1.685,267.0,0.12103,0.00049,22,Nguy hiểm
8.84,338.8,197.0,1.89,156.4,0.00684,0.00131,5,Trung bình
7.87,389.1,418.7,1.724,417.6,0.00709,0.00052,15,Trung bình
6.27,424.8,86.4,0.699,154.3,0.00534,0.00141,117,Trung bình
7.31,217.5,318.9,1.631,69.3,0.00664,0.00077,1,Tốt
4.27,102.2,199.4,0.796,643.7,0.00354,0.03608,1,Nguy hiểm
5.31,597.7,306.2,3.262,586.8,0.00231,0.0005,2,Kém
7.81,101.1,90.0,1.771,156.2,0.00701,0.00126,1,Tốt
7.11,83.8,361.3,1.309,191.5,0.19983,0.02827,2,Nguy hiểm
7.43,195.5,2029.0,4.539,97.1,0.00229,0.00109,2425,Nguy hiểm
5.17,202.9,462.8,0.044,606.1,0.00037,9e-05,377,Kém
6.73,364.9,164.4,0.727,181.3,0.01412,0.00056,144,Trung bình
8.58,382.1,292.4,1.261,303.7,0.00321,0.00015,7,Trung bình
9.08,383.8,241.8,1.421,49.7,0.00299,0.00265,12,Trung bình
7.76,688.3,1822.0,4.643,555.6,0.00732,0.00012,19,Kém
7.25,167.9,370.7,1.967,62.0,0.0013,0.00021,25,Tốt
4.9,707.9,300.5,0.743,92.2,0.00757,0.00137,0,Nguy hiểm
6.01,184.5,225.6,1.233,380.2,0.00644,0.00226,17,Trung bình
7.86,171.4,877.6,1.44,72.5,0.00112,0.00277,13,Trung bình
6.71,196.4,126.8,1.662,152.5,0.00239,0.00044,19,Tốt
7.17,631.4,1733.8,3.232,756.3,0.00184,0.00077,0,Kém
5.26,596.7,2031.1,1.72,128.5,0.00248,0.00147,15,Kém
7.64,193.0,105.7,8.383,91.7,0.01172,0.00357,8,Nguy hiểm
7.31,128.2,125.9,1.411,202.9,0.00411,0.00061,20,Tốt
9.94,527.0,214.7,1.538,40.7,0.00081,0.00754,19,Kém
7.15,704.8,441.8,4.512,763.1,0.02953,0.00141,18,Kém
7.25,180.3,444.4,1.846,214.5,0.00196,0.00017,9,Tốt
4.65,402.5,197.1,1.277,757.3,0.14889,0.00075,2,Nguy hiểm
7.04,113.4,484.6,0.725,65.4,0.00036,0.0015,20,Tốt
7.92,159.8,270.7,1.134,169.7,0.00048,0.00122,5,Tốt
7.62,182.4,82.2,1.76,115.9,0.00024,0.00092,19,Tốt
5.2,694.5,1530.9,1.12,145.0,0.00735,0.00567,11,Kém
7.8,156.5,358.2,1.995,166.2,0.02593,0.00819,320,Kém
7.63,153.0,270.4,0.874,191.0,0.00514,0.00145,5,Tốt
7.44,151.7,412.6,4.185,67.0,0.00676,0.00112,3613,Nguy hiểm
7.56,101.9,133.1,1.958,90.3,0.00524,0.00123,13,Tốt
6.32,128.4,1685.1,1.973,99.9,0.19563,0.01149,14,Nguy hiểm
7.25,153.3,393.3,1.914,147.6,0.00387,0.00055,5,Tốt
8.19,111.8,221.4,0.622,188.8,0.01308,0.00053,71,Trung bình
3.43,124.1,3058.1,1.866,210.8,0.00106,0.00068,15,Nguy hiểm
5.32,579.1,447.3,0.021,524.6,0.00766,0.00059,710,Kém
7.73,214.1,265.7,1.737,182.4,0.00181,0.00015,2,Tốt
7.07,203.0,90.7,0.316,174.6,0.00327,0.00117,3,Tốt
6.36,131.1,496.5,3.982,113.6,0.00325,0.00252,3,Trung bình
8.61,129.1,98.2,3.835,115.8,0.01152,0.0003,24,Trung bình
5.41,630.1,305.4,1.332,794.4,0.00251,0.00016,9,Kém
9.81,529.9,2011.6,0.914,205.6,0.00093,0.00066,8,Kém
7.56,98.1,492.7,1.021,113.3,0.00658,0.00094,4,Tốt
11.26,710.1,394.7,1.798,325.9,0.09275,0.00047,10,Nguy hiểm
6.96,87.4,443.8,5.466,89.7,0.13352,9e-05,23,Nguy hiểm
6.87,84.4,412.3,1.89,211.3,0.00493,0.00081,23,Tốt
7.22,186.1,403.6,0.399,51.7,0.00774,0.00147,19,Tốt
7.47,213.5,336.8,1.83,53.8,0.00535,0.00019,3,Tốt
8.17,116.4,500.0,1.365,53.5,0.0058,0.00116,19,Tốt
8.88,137.1,328.9,1.484,161.8,0.00071,0.00093,85,Trung bình
8.19,170.7,243.2,1.955,79.0,0.00443,0.00062,14,Tốt
5.27,104.1,347.1,0.975,713.4,0.0061,0.00656,10,Kém
7.71,122.3,146.7,1.567,215.5,0.007,0.00051,7,Tốt
11.0,163.6,268.7,1.698,218.4,0.00462,0.00126,2102,Nguy hiểm
7.89,122.9,906.6,0.045,127.2,0.00401,0.00096,99,Trung bình
6.84,675.3,1839.0,4.337,84.2,0.00762,0.00665,22,Kém
5.41,129.4,2009.4,1.204,132.5,0.00607,0.04175,25,Nguy hiểm
8.81,124.1,218.0,1.485,46.6,0.01055,0.00113,7,Trung bình
7.29,164.6,318.1,1.711,66.6,0.00511,0.00019,18,Tốt
7.35,107.9,100.9,4.012,111.8,0.00107,0.00044,61,Trung bình
8.92,215.8,98.4,0.576,99.7,0.01332,0.00084,165,Trung bình
7.57,116.0,117.2,4.106,395.6,0.00272,0.00079,22,Trung bình
6.28,109.6,248.5,4.297,79.7,0.03552,0.00885,799,Kém
7.44,585.1,1946.6,4.716,44.6,0.01773,0.00147,23,Kém
7.82,115.4,1055.4,6.217,121.1,0.00405,0.00026,17,Nguy hiểm
3.78,881.0,130.8,1.134,162.9,0.00033,0.00091,4698,Nguy hiểm
7.96,211.5,96.8,5.453,74.2,0.01064,0.00015,12,Nguy hiểm
7.62,119.8,264.1,0.059,345.8,0.00163,0.00108,14,Trung bình
8.16,186.2,1840.3,3.362,112.6,0.00581,0.00636,888,Kém
8.57,150.6,481.9,3.718,418.5,0.00191,0.00096,9,Trung bình
6.9,185.5,215.9,1.847,87.5,0.00347,9e-05,0,Tốt
8.76,149.9,206.0,3.236,374.7,0.00031,0.00122,19,Trung bình
7.65,183.3,98.7,3.878,163.9,0.01154,0.0007,13,Trung bình
5.34,151.4,1683.6,4.846,292.1,0.04452,0.00067,19,Kém
7.95,117.0,394.0,0.605,148.6,0.00167,0.00035,15,Tốt
6.42,112.0,85.0,0.845,356.7,0.01421,0.00074,5,Trung bình
5.17,206.1,354.0,1.3,206.2,0.04434,0.00475,642,Kém
7.44,122.2,209.0,0.531,69.0,0.00239,0.00127,12,Tốt
10.14,143.1,323.9,1.147,766.0,0.00296,0.00554,17,Kém
7.13,121.5,2153.4,4.617,84.8,0.03793,0.00047,149,Kém
8.14,347.4,347.9,0.39,169.6,0.11401,5e-05,890,Nguy hiểm
10.03,415.9,374.0,1.577,530.4,0.0003,0.00451,13,Kém
8.12,577.0,1532.1,1.292,157.5,0.00045,0.00719,5,Kém
7.17,103.5,472.5,1.266,117.8,0.00185,0.0009,2,Tốt
5.38,101.2,814.1,1.86,110.8,0.00345,0.0051,683,Kém
6.85,659.2,147.8,4.243,142.1,0.00174,0.01415,7,Nguy hiểm
6.7,218.9,483.8,0.884,156.0,0.00396,0.001,5,Tốt
7.29,110.9,95.7,1.172,80.9,0.00308,0.00131,21,Tốt
7.38,591.3,308.4,4.441,564.3,0.00506,0.00106,699,Kém
8.11,409.7,806.6,1.916,395.8,0.00521,0.00052,0,Trung bình
10.16,118.3,2151.1,1.218,136.6,0.0175,0.00058,23,Kém
9.65,146.0,200.5,0.839,162.2,0.01182,0.04656,2,Nguy hiểm
7.11,219.1,1794.6,1.289,116.9,0.03088,0.00119,321,Kém
7.12,594.0,304.2,1.955,141.4,0.03794,0.00809,20,Kém
7.95,84.7,1046.6,1.27,1359.8,0.02683,0.00879,4,Nguy hiểm
8.08,122.4,264.7,4.439,672.9,0.00687,0.00765,745,Kém
7.33,193.9,251.8,1.059,57.5,0.00257,0.00281,62,Trung bình
6.24,131.6,245.7,0.049,109.4,0.00676,0.00064,1,Trung bình
7.43,188.4,195.6,0.992,80.1,0.00755,0.00711,1579,Nguy hiểm
7.15,409.3,448.1,0.058,160.4,0.00617,0.00025,24,Trung bình
9.72,168.2,2030.3,1.282,56.3,0.01293,0.00098,469,Kém
6.89,94.5,208.9,1.154,153.5,0.0033,0.001,1,Tốt
7.0,365.5,1903.5,4.693,130.4,0.03663,0.00133,7,Kém
7.53,157.5,192.0,3.93,69.7,0.003,0.00094,161,Trung bình
7.43,366.3,730.6,0.56,154.0,0.00694,0.00017,55,Trung bình
7.76,391.8,122.3,1.131,190.5,0.00432,0.00038,106,Trung bình
6.98,166.5,88.3,0.525,49.2,0.00339,0.04212,527,Nguy hiểm
6.91,624.7,2027.5,1.176,58.3,0.00478,0.00698,72,Kém
9.78,140.9,492.6,0.708,86.3,0.10104,0.01145,2,Nguy hiểm
9.64,116.9,287.4,0.953,681.3,0.00742,0.00603,788,Kém
8.1,336.9,739.1,0.616,105.5,0.0034,0.00127,7,Trung bình
4.75,348.9,1612.1,1.136,82.5,0.16467,0.00058,23,Nguy hiểm
6.83,349.2,113.1,0.671,374.7,0.00336,0.00133,24,Trung bình
6.3,172.8,1943.7,1.689,170.8,0.03028,0.00514,10,Kém
7.11,104.5,727.1,1.287,43.2,0.00536,0.03905,10,Nguy hiểm
7.85,160.7,473.1,1.297,259.7,0.01163,0.00312,10,Trung bình
6.8,337.8,909.6,8.221,1156.5,0.00548,0.00064,10,Nguy hiểm
10.04,96.4,233.1,1.227,709.1,0.00794,0.00489,311,Kém
5.29,185.4,1898.3,4.772,789.0,0.00379,0.00075,19,Kém
7.74,165.8,280.2,0.063,555.9,0.04206,0.00711,8,Kém
8.09,83.8,492.3,1.156,403.8,0.01071,0.00036,20,Trung bình
7.94,575.2,440.4,1.273,702.0,0.00032,0.00885,298,Kém
7.95,147.7,1064.3,1.901,84.1,0.00488,0.00255,5,Trung bình
7.07,80.6,290.2,0.745,47.9,0.0042,0.0009,25,Tốt
7.98,158.0,125.2,0.403,373.8,0.01261,0.00019,2,Trung bình
7.47,919.8,95.4,3.886,130.5,0.0064,0.00225,3648,Nguy hiểm
7.15,114.0,137.1,9.485,184.1,0.00329,0.01883,4234,Nguy hiểm
5.22,188.5,866.1,1.987,640.8,0.00633,0.00709,516,Kém
6.76,99.8,418.6,1.725,155.0,0.00128,0.00062,22,Tốt
7.96,182.8,155.9,0.849,172.8,0.00684,0.00075,12,Tốt
6.76,194.2,177.0,1.131,202.9,0.00081,0.00063,20,Tốt
7.51,204.8,1795.2,4.354,292.7,0.03859,0.00014,381,Kém
7.52,128.5,183.8,0.331,146.9,0.00016,0.00132,9,Tốt
7.27,106.9,331.7,1.847,354.8,0.00419,0.02371,18,Nguy hiểm
9.95,117.7,160.4,4.441,180.9,0.02202,0.00047,685,Kém
7.82,135.4,1652.2,4.005,656.1,0.00255,0.00459,5,Kém
8.13,108.3,891.9,0.992,255.5,0.00451,0.00333,1,Trung bình
6.25,150.2,280.8,1.012,98.4,0.01366,0.00128,96,Trung bình
7.08,186.2,104.4,1.095,94.9,0.00072,0.00038,9,Tốt
7.48,86.3,310.5,1.399,175.4,0.00017,0.00079,1,Tốt
7.37,699.7,336.2,4.327,628.2,0.01405,0.00565,22,Kém
8.58,204.4,435.6,4.642,514.9,0.00744,0.00642,14,Kém
6.94,180.3,100.8,6.017,258.5,0.16027,0.00064,160,Nguy hiểm
11.81,169.1,223.3,0.38,126.7,0.01424,0.0251,2320,Nguy hiểm
8.76,128.6,440.6,0.749,329.6,0.13438,0.04977,24,Nguy hiểm
7.8,154.7,99.0,1.056,411.6,0.01381,0.00334,3,Trung bình
7.21,104.3,984.4,3.536,1314.6,0.04497,0.00147,22,Nguy hiểm
6.89,158.9,835.7,0.731,307.6,0.00767,0.0015,2,Trung bình
6.95,162.1,2224.6,6.097,180.0,0.00314,0.005,1643,Nguy hiểm
7.88,85.2,1697.5,0.707,554.3,0.00769,0.00585,0,Kém
7.81,427.9,217.7,0.454,74.3,0.0076,0.00087,131,Trung bình
7.71,207.6,216.6,1.975,218.4,0.00555,0.00085,23,Tốt
5.13,144.3,214.9,1.268,352.3,0.04397,0.00566,20,Kém
7.12,626.8,265.3,4.905,593.6,0.01655,0.00317,6,Kém
7.59,151.3,727.3,0.985,192.5,0.00478,0.003,8,Trung bình
5.35,203.9,2009.4,1.669,218.1,0.02493,0.00098,278,Kém
8.17,109.4,146.6,0.071,151.4,0.00671,0.00252,131,Trung bình
7.18,106.5,175.0,0.748,715.9,0.0045,0.01499,3795,Nguy hiểm
7.7,201.0,435.2,0.801,182.7,0.00384,0.00132,13,Tốt
7.21,105.5,380.8,0.565,201.3,0.00442,9e-05,4,Tốt
6.76,183.0,485.9,1.422,157.4,0.00342,0.0002,19,Tốt
7.36,208.0,2098.8,4.382,682.6,0.0006,0.00024,744,Kém
6.81,544.2,215.8,0.308,528.6,0.01133,0.00095,615,Kém
10.1,83.4,493.4,1.472,593.8,0.01785,0.00033,6,Kém
6.37,208.3,481.3,1.202,59.7,0.01209,0.00121,24,Trung bình
6.02,155.9,195.8,1.133,167.2,0.01055,0.00131,7,Trung bình
7.24,399.1,299.6,1.354,392.7,0.00708,0.00122,24,Trung bình
8.11,210.4,201.1,1.644,135.0,0.00414,0.00138,5,Tốt
7.24,120.4,424.1,7.121,1174.3,0.06234,0.00033,154,Nguy hiểm
8.02,167.0,1574.4,4.602,800.9,0.01122,0.00578,17,Kém
9.61,91.6,966.7,1.695,546.7,0.02327,0.00139,254,Kém
6.86,103.7,803.8,4.63,695.4,0.02401,0.00516,8,Kém
7.03,147.8,353.0,1.048,193.8,0.00677,0.00077,14,Tốt
7.9,153.5,918.8,1.507,1188.5,0.00692,0.0002,8,Nguy hiểm
7.37,201.5,1094.5,3.765,165.5,0.00105,0.00132,24,Trung bình
7.73,87.9,258.9,1.992,151.2,0.0067,0.00129,6,Tốt
8.08,170.6,154.8,1.91,185.0,0.00245,0.00068,13,Tốt
6.85,119.7,180.1,1.293,351.0,0.00442,0.00072,1239,Nguy hiểm
7.32,215.2,2968.7,5.665,130.1,0.03039,0.00019,19,Nguy hiểm
8.07,603.7,436.4,0.437,157.1,0.03705,0.00751,19,Kém
8.55,178.6,887.0,0.458,159.3,0.00303,0.00093,3,Trung bình
7.19,159.4,2083.1,0.694,1365.3,0.09515,0.00128,20,Nguy hiểm
7.23,94.9,325.9,0.966,51.8,0.00134,0.00035,13,Tốt
6.98,191.8,1782.1,1.594,573.7,0.00215,0.00574,23,Kém
6.88,179.5,1717.4,4.344,76.4,0.00472,0.0081,871,Kém
8.11,143.3,351.8,0.962,545.3,0.11536,0.00302,4435,Nguy hiểm
11.88,98.9,95.0,0.903,85.9,0.09853,0.04582,81,Nguy hiểm
8.13,89.7,462.3,1.748,120.2,0.00484,6e-05,12,Tốt
10.08,86.2,1676.6,4.673,550.0,0.00579,0.00019,119,Kém
7.6,93.0,1934.0,1.06,157.9,0.0008,0.00573,489,Kém
7.07,154.2,84.0,1.064,176.8,0.00272,0.00033,1,Tốt
7.4,163.2,493.3,1.171,162.9,0.00404,0.00017,23,Tốt
6.9,198.8,107.1,0.578,133.2,0.00482,0.00068,3,Tốt
6.96,325.2,883.2,1.789,99.2,0.01218,0.00051,16,Trung bình
8.9,127.8,1042.2,0.451,163.4,0.00763,0.00137,134,Trung bình
7.87,135.6,271.7,1.726,208.3,0.00535,0.00128,19,Tốt
8.06,212.1,347.6,5.544,158.1,0.06331,0.00091,18,Nguy hiểm
6.9,111.2,403.1,1.064,205.8,0.00257,0.00074,17,Tốt
6.8,180.0,254.1,7.502,1230.9,6e-05,0.00076,17,Nguy hiểm
7.11,154.4,171.8,7.657,752.8,0.00134,0.00298,641,Nguy hiểm
3.6,783.5,161.8,0.349,1338.5,0.00491,0.00143,136,Nguy hiểm
9.65,538.9,1761.9,1.083,588.5,0.00635,0.00083,6,Kém
6.86,531.7,1620.6,1.401,753.4,0.02041,0.00052,23,Kém
7.16,107.8,452.1,1.016,79.3,0.00261,0.00137,8,Tốt
7.28,219.1,184.8,0.641,70.6,0.00259,0.00141,25,Tốt
7.2,585.8,367.1,0.512,99.2,0.1333,0.00054,6,Nguy hiểm
7.53,178.2,92.2,0.046,306.6,0.00254,0.00138,166,Trung bình
7.97,90.3,2998.4,1.424,190.7,0.00175,0.02057,142,Nguy hiểm
8.19,202.2,256.3,3.176,219.7,0.00165,0.00076,90,Trung bình
7.8,99.5,296.1,0.784,120.9,0.00562,0.0014,2,Tốt
11.4,149.7,448.1,0.032,94.0,0.00278,0.00125,20,Nguy hiểm
7.03,124.4,134.5,0.371,76.1,0.00133,0.00083,10,Tốt
7.98,306.7,339.3,1.849,132.3,0.01219,0.00115,6,Trung bình
6.73,358.3,92.0,8.943,74.2,0.11366,0.00334,10,Nguy hiểm
8.15,147.6,2150.5,4.678,165.3,0.04475,0.00143,228,Kém
5.16,96.0,397.2,1.445,152.4,0.00402,0.0053,886,Kém
7.03,145.1,477.4,1.502,137.7,0.00063,0.00122,8,Tốt
7.57,167.6,309.3,4.295,54.7,0.16499,0.00042,447,Nguy hiểm
8.19,219.6,2039.9,1.7,792.7,0.00664,0.00734,10,Kém
7.95,95.3,126.7,0.672,193.9,0.00715,0.0007,6,Tốt
10.13,182.1,245.0,0.659,663.6,0.03527,0.00839,16,Kém
8.97,92.5,426.2,0.873,1242.6,0.0901,0.00041,4129,Nguy hiểm
8.0,335.8,3166.2,1.802,1281.3,0.00054,0.00042,18,Nguy hiểm
6.97,162.0,2007.3,0.021,97.2,0.0256,0.00125,228,Kém
5.24,99.6,774.2,4.503,676.7,0.02827,0.00018,16,Kém
6.73,116.0,425.9,1.241,122.4,0.00188,0.00114,8,Tốt
8.84,522.0,1534.4,4.71,82.6,0.00725,0.00106,392,Kém
7.16,201.1,450.9,1.458,68.2,0.00114,0.0032,122,Trung bình
11.39,103.8,2378.1,0.87,116.5,0.04058,0.00045,4025,Nguy hiểm
7.7,135.9,2112.9,4.676,812.4,0.00047,0.00122,770,Kém
7.22,396.8,81.1,0.805,262.7,0.18315,0.00037,3,Nguy hiểm
7.78,101.5,183.1,1.888,207.8,0.04003,0.02554,15,Nguy hiểm
7.43,157.9,473.9,0.579,83.2,0.00186,0.00061,23,Tốt
6.73,171.2,301.1,1.442,169.9,0.00783,0.00102,22,Tốt
8.82,338.5,336.6,3.437,63.7,0.00159,0.00139,21,Trung bình
4.13,312.9,495.0,1.293,44.4,0.00297,0.0029,407,Nguy hiểm
9.05,155.7,414.4,1.976,340.9,0.00233,0.00039,2,Trung bình
8.94,176.9,1742.3,8.342,125.2,0.02007,0.00036,3,Nguy hiểm
7.6,125.2,150.1,1.89,58.2,0.00491,0.00069,8,Tốt
7.77,159.5,475.4,0.306,126.6,0.00789,0.00128,6,Tốt
11.24,98.9,211.3,1.813,148.1,0.01362,0.01593,8,Nguy hiểm
7.34,369.9,179.2,8.12,90.5,0.00055,0.02335,90,Nguy hiểm
7.44,394.4,270.4,1.234,259.1,0.00722,0.00118,24,Trung bình
7.36,164.3,1971.2,4.254,682.7,0.00175,0.00631,5,Kém
7.75,194.6,2049.5,4.626,365.0,5e-05,0.01488,6,Nguy hiểm
7.7,121.2,231.0,1.404,530.5,0.02834,5e-05,441,Kém
8.03,95.2,119.2,0.73,106.8,0.00387,0.00143,4,Tốt
7.99,119.1,311.6,0.507,42.5,0.00374,0.00047,21,Tốt
8.01,107.9,190.4,0.821,45.7,0.00771,0.00104,10,Tốt
7.3,113.2,228.5,0.802,274.4,0.01216,0.00146,138,Trung bình
7.51,317.5,416.0,1.474,1372.9,0.19084,0.0014,2,Nguy hiểm
5.42,192.9,361.6,4.511,46.7,0.00031,0.00675,2433,Nguy hiểm
8.14,364.9,957.1,0.747,149.7,0.00586,0.00022,72,Trung bình
9.65,158.4,80.2,1.977,813.3,0.007,0.00556,6,Kém
11.32,393.5,334.2,0.397,76.0,0.00484,0.00135,20,Nguy hiểm
9.04,83.2,880.5,1.684,52.5,0.0011,0.00121,16,Trung bình
4.72,132.7,1033.2,1.775,181.3,0.0077,0.00109,678,Nguy hiểm
6.19,980.1,446.6,0.432,86.0,0.18741,0.00093,2,Nguy hiểm
7.47,116.0,134.3,6.506,1108.2,0.13105,0.00144,14,Nguy hiểm
6.9,118.4,367.1,1.954,187.3,0.00561,0.00136,3,Tốt
7.94,533.3,407.5,1.038,136.9,0.04375,0.00089,393,Kém
7.93,208.6,433.6,0.813,195.4,0.0029,0.00025,6,Tốt
8.05,82.2,958.5,0.069,103.2,0.00278,0.00112,8,Trung bình
7.77,213.6,865.0,1.371,413.4,0.01375,0.00113,15,Trung bình
10.84,201.0,139.4,1.016,175.9,0.00321,0.0311,9,Nguy hiểm
8.83,176.3,1620.1,1.28,831.2,0.03374,0.00098,17,Kém
7.94,168.9,1058.4,3.121,130.9,0.00517,0.00135,86,Trung bình
8.6,82.3,468.8,0.858,274.7,0.00045,0.00057,139,Trung bình
7.28,92.5,1040.5,0.958,159.1,0.01337,0.00112,16,Trung bình
7.58,121.9,411.3,3.223,291.2,0.00389,0.00118,11,Trung bình
9.81,555.2,856.4,4.432,62.5,0.03433,7e-05,18,Kém
6.28,185.5,819.9,0.523,415.7,0.00554,0.00054,7,Trung bình
9.78,198.7,395.8,1.864,150.4,0.00388,0.00861,717,Kém
7.62,162.8,446.3,0.317,209.6,0.00585,0.00068,2,Tốt
7.11,364.5,360.1,3.309,130.9,0.00756,4e-05,143,Trung bình
11.03,151.5,2006.7,0.578,160.7,0.11161,0.00088,130,Nguy hiểm
6.89,189.0,126.8,0.544,52.5,0.00391,0.00133,22,Tốt
6.77,320.2,899.1,0.482,202.0,0.01215,0.00132,18,Trung bình
8.16,185.3,206.5,0.527,51.7,0.00281,7e-05,1,Tốt
7.78,211.3,399.3,1.142,62.0,0.00767,0.00047,2,Tốt
6.19,141.6,190.9,8.744,92.6,0.00091,0.00076,10,Nguy hiểm
6.85,185.5,270.8,1.311,1092.6,0.00683,0.00126,111,Nguy hiểm
7.48,368.5,260.4,0.9,165.1,0.00729,0.00327,92,Trung bình
6.89,185.6,843.6,5.207,123.3,0.00647,0.00085,6,Nguy hiểm
6.82,166.9,396.9,1.832,359.7,0.01092,0.00123,86,Trung bình
8.1,114.8,135.0,3.834,402.6,0.00442,0.00256,19,Trung bình
6.79,344.2,130.3,1.029,49.8,0.00532,0.00031,138,Trung bình
8.06,672.7,2019.7,0.524,190.3,0.00643,3e-05,778,Kém
5.42,200.6,457.9,7.473,214.7,0.00735,4e-05,10,Nguy hiểm
7.8,180.4,313.1,1.357,206.2,0.00236,0.00144,5,Tốt
7.19,212.0,1090.8,0.044,271.7,0.00609,0.00078,2,Trung bình
10.15,115.9,1767.0,0.542,58.0,0.00276,0.00731,6,Kém
6.98,205.3,245.9,0.682,195.7,0.0009,0.00118,7,Tốt
5.11,659.3,138.7,4.571,668.2,0.00763,0.00379,23,Kém
3.52,184.0,106.7,0.334,40.3,0.00722,0.00245,7,Nguy hiểm
7.91,605.0,178.4,1.143,589.6,0.03159,0.00081,7,Kém
8.19,183.3,189.7,1.442,269.7,0.08825,0.00062,1546,Nguy hiểm
7.14,130.5,386.5,0.467,67.2,0.00715,0.00044,15,Tốt
7.87,699.4,384.8,1.221,1378.1,0.15791,0.00133,4247,Nguy hiểm
8.07,663.5,410.3,4.212,85.0,0.03343,0.0077,24,Kém
5.33,211.2,1813.3,1.596,675.1,0.00364,0.00115,630,Kém
8.66,164.7,111.0,0.074,79.9,0.00241,0.00316,13,Trung bình
7.36,101.3,396.7,3.427,66.7,0.01354,0.00045,19,Trung bình
8.61,198.2,948.0,1.206,202.0,0.00336,0.00106,146,Trung bình
7.73,544.6,1057.7,4.409,130.1,0.00218,0.00835,877,Kém
7.99,190.9,281.8,0.738,74.9,0.00689,0.00146,13,Tốt
5.42,99.6,110.4,4.63,793.7,0.00606,0.00042,143,Kém
6.97,639.0,217.0,3.682,608.0,4e-05,0.0082,402,Kém
6.84,91.8,471.7,1.021,202.6,0.01261,0.00241,117,Trung bình
7.72,98.5,136.2,0.845,114.9,0.00079,0.0005,12,Tốt
7.19,93.4,87.4,1.984,151.0,0.00124,0.00147,7,Tốt
7.32,136.5,85.0,0.943,116.9,0.00201,0.00084,0,Tốt
7.96,424.4,871.6,1.695,46.7,0.00701,0.00133,3,Trung bình
7.98,406.6,185.8,4.858,592.0,0.03024,0.00079,3,Kém
6.95,157.0,169.4,1.868,188.9,0.00137,0.00051,3,Tốt
7.82,361.1,927.2,0.771,68.4,0.00242,0.0012,15,Trung bình
7.93,171.3,332.0,0.023,140.4,0.01235,3e-05,16,Trung bình
7.82,389.9,104.0,1.976,49.8,0.00765,0.00313,150,Trung bình
6.13,714.2,1734.0,4.82,736.2,0.00492,4e-05,1,Kém
3.45,122.6,3157.8,6.036,140.5,0.00445,0.00131,10,Nguy hiểm
6.05,160.2,410.0,1.924,360.2,0.00608,0.00022,2511,Nguy hiểm
5.3,701.1,1770.6,0.909,90.8,0.01341,0.0068,1,Kém
11.61,144.9,2052.5,0.035,155.7,0.00245,0.00143,85,Nguy hiểm
7.16,418.2,2178.0,1.234,200.7,0.00475,0.02234,4374,Nguy hiểm
7.84,547.6,1940.9,1.65,159.1,0.03933,0.00078,2973,Nguy hiểm
6.19,212.7,416.2,0.875,100.3,0.00542,0.00221,22,Trung bình
6.71,699.3,131.8,0.079,622.1,0.0022,0.00805,605,Kém
6.93,161.1,2175.8,4.394,216.3,0.00389,0.00081,1213,Nguy hiểm
7.93,218.3,238.0,0.456,331.1,0.01432,0.00671,4551,Nguy hiểm
6.97,141.2,204.5,0.322,112.4,0.00122,0.00102,23,Tốt
7.75,148.4,287.1,0.598,171.4,0.00686,0.00051,22,Tốt
6.7,196.6,1925.8,0.931,806.2,0.04374,0.00116,529,Kém
8.01,211.3,479.9,1.763,48.8,0.00165,0.00052,12,Tốt
8.04,203.3,146.4,1.04,132.2,0.0003,0.00043,11,Tốt
8.1,149.5,1945.3,1.055,649.6,0.01829,0.00738,23,Kém
5.32,88.4,472.9,1.937,598.6,0.04193,0.00057,19,Kém
7.39,188.9,2065.4,4.752,145.4,0.0177,0.00131,388,Kém
5.16,538.5,891.5,0.389,195.0,0.00073,0.00046,878,Kém
7.39,100.1,499.5,1.183,104.1,0.00417,0.00085,5,Tốt
6.9,201.4,336.5,1.44,50.3,0.00258,0.0007,10,Tốt
7.66,119.4,1741.9,1.554,101.8,0.00109,0.04091,3472,Nguy hiểm
8.85,101.9,2231.6,0.829,198.6,0.12283,0.00049,636,Nguy hiểm
7.6,130.6,231.4,1.655,91.9,0.00241,0.00032,9,Tốt
7.19,172.6,414.6,0.511,139.6,0.00438,0.0001,24,Tốt
6.1,190.7,2542.6,1.27,48.5,0.09041,0.00097,143,Nguy hiểm
7.29,175.0,1555.2,4.292,90.2,0.04136,0.0004,263,Kém
7.94,80.4,100.1,3.352,51.6,0.0132,0.00089,162,Trung bình
5.32,931.9,1804.8,0.303,1055.3,0.00732,0.00043,22,Nguy hiểm
8.04,192.3,254.0,0.499,68.8,0.00675,0.00138,10,Tốt
6.74,98.1,408.1,9.132,1313.5,0.07679,0.03706,15,Nguy hiểm
9.94,97.4,446.7,0.761,670.5,0.00721,0.00142,464,Kém
11.05,189.6,453.9,0.349,50.5,0.00023,0.00512,14,Nguy hiểm
8.08,108.7,166.9,7.209,100.6,0.15368,0.00032,8,Nguy hiểm
8.14,190.8,87.5,0.939,114.0,0.0058,0.0013,7,Tốt
6.07,199.7,121.8,0.041,89.0,0.00343,0.01946,10,Nguy hiểm
8.98,394.4,740.7,1.269,161.6,0.00251,0.00015,17,Trung bình
7.36,132.5,128.1,0.88,168.5,0.0051,0.00127,9,Tốt
7.13,150.7,416.0,1.668,114.9,0.03313,0.02003,286,Nguy hiểm
7.44,82.5,449.2,1.113,146.7,0.00646,0.00135,7,Tốt
6.86,142.1,226.7,0.372,362.4,0.00714,6e-05,81,Trung bình
6.73,194.2,214.5,0.05,352.0,0.00181,0.00103,60,Trung bình
7.73,172.8,472.3,1.558,214.4,0.00466,0.001,8,Tốt
7.32,415.7,241.2,1.455,309.5,8e-05,0.0003,117,Trung bình
7.7,681.9,1925.9,1.615,61.7,0.03922,0.00545,13,Kém
7.67,150.5,132.9,1.993,204.8,0.00277,0.00131,11,Tốt
7.0,206.4,358.0,1.77,104.0,0.00629,5e-05,14,Tốt
7.73,219.3,434.2,9.833,160.3,0.08477,0.0006,24,Nguy hiểm
7.87,112.9,224.7,1.77,58.6,0.01405,0.00242,15,Trung bình
8.1,136.9,386.0,1.959,147.1,0.01297,0.00014,2707,Nguy hiểm
7.77,110.0,85.9,0.493,186.2,0.00106,0.00028,2,Tốt
7.98,135.4,371.9,0.549,174.9,0.10948,0.00114,68,Nguy hiểm
5.23,209.3,135.8,0.383,513.3,0.00064,0.00672,126,Kém
4.16,169.6,106.5,1.305,40.9,0.0449,0.00031,18,Nguy hiểm
7.1,83.0,154.6,1.976,89.3,0.00369,0.00141,3,Tốt
7.55,386.8,410.0,0.984,352.8,0.00715,0.00142,121,Trung bình
6.24,170.7,345.2,0.701,301.4,0.00281,0.00097,12,Trung bình
7.58,142.7,473.0,1.171,131.5,0.00048,0.0012,16,Tốt
7.76,106.7,298.3,1.678,78.9,0.0021,0.00082,22,Tốt
6.43,82.2,385.3,6.693,122.4,0.00272,0.00128,25,Nguy hiểm
7.13,135.7,872.9,1.974,42.2,0.00729,0.00285,3,Trung bình
7.65,80.6,403.0,1.204,256.2,0.00321,0.00371,73,Trung bình
6.95,151.9,295.2,0.905,207.9,0.00703,0.00123,7,Tốt
7.17,210.3,299.8,0.474,66.3,0.0054,0.00107,8,Tốt
6.85,145.7,1821.9,4.65,620.4,0.00373,0.00253,7,Kém
6.41,200.4,487.0,1.135,200.1,0.0137,0.00055,168,Trung bình
11.39,177.2,139.7,1.058,700.3,0.01081,0.00058,1133,Nguy hiểm
6.42,107.4,125.1,0.535,1145.3,0.18567,0.00069,2069,Nguy hiểm
6.8,176.2,153.1,1.344,203.0,0.00349,0.00072,16,Tốt
7.82,393.0,2053.2,1.287,791.0,0.0377,0.00507,24,Kém
7.43,402.8,963.6,0.709,279.3,0.00315,0.00013,18,Trung bình
11.23,80.4,130.5,4.658,587.6,0.15625,0.00125,9,Nguy hiểm
6.86,149.4,2016.7,1.221,524.3,0.01298,0.00827,20,Kém
6.28,147.7,499.0,1.125,379.4,0.00636,0.00131,17,Trung bình
10.0,155.0,111.9,4.304,307.1,0.00572,0.00131,534,Kém
7.84,124.1,374.3,1.286,42.3,0.00733,0.00077,18,Tốt
7.34,215.5,2241.1,6.211,43.1,0.13776,0.05,21,Nguy hiểm
7.73,129.1,439.3,1.262,1107.4,0.11933,0.00146,1,Nguy hiểm
7.89,687.1,1630.6,1.7,653.2,0.00653,0.00796,13,Kém
7.0,212.3,953.9,1.074,111.4,0.01336,0.00017,7,Trung bình
7.86,137.3,116.3,0.824,216.8,0.00287,7e-05,23,Tốt
9.02,101.0,388.3,1.882,286.6,0.00513,0.00109,9,Trung bình
7.71,361.1,327.8,9.078,49.4,0.00604,0.00114,7,Nguy hiểm
6.1,215.8,210.7,0.089,354.7,0.00557,0.00093,21,Trung bình
5.26,167.5,253.5,8.729,1097.8,0.00516,0.00014,110,Nguy hiểm
6.84,512.2,390.1,1.068,120.9,0.02504,0.00705,621,Kém
3.64,159.1,186.7,7.427,1200.9,0.00196,0.0014,21,Nguy hiểm
10.81,117.7,1915.2,0.849,209.9,0.00208,6e-05,23,Nguy hiểm
5.26,609.1,126.6,4.855,121.6,0.00237,0.00861,1,Kém
7.19,170.5,270.4,0.981,134.8,0.0024,0.00069,6,Tốt
11.5,949.3,239.3,1.937,1292.2,0.01374,0.00032,24,Nguy hiểm
6.88,205.0,480.3,3.349,376.6,0.00162,1e-05,164,Trung bình
7.81,403.2,109.0,1.418,617.5,0.00369,0.00728,234,Kém
9.61,536.7,1632.3,1.468,190.8,0.01071,0.00112,9,Kém
5.12,157.9,250.5,1.88,729.1,0.02366,0.00048,13,Kém
8.01,416.8,108.8,3.157,1139.7,0.00073,0.00248,15,Nguy hiểm
7.71,81.1,425.9,7.607,389.4,0.00366,0.0014,9,Nguy hiểm
7.14,616.5,2130.7,4.482,196.6,0.00208,0.00839,4,Kém
6.81,134.9,106.4,0.904,152.7,0.00183,0.00051,2,Tốt
7.31,652.9,1070.7,4.568,77.5,0.00781,0.00758,7,Kém
7.61,180.0,287.9,1.843,122.1,0.00227,0.00117,3,Tốt
9.01,152.5,374.4,1.494,1156.9,0.00101,0.00036,13,Nguy hiểm
7.38,135.5,823.8,0.753,217.4,0.00385,0.03808,6,Nguy hiểm
9.01,161.8,460.6,3.19,104.9,0.00567,0.00092,175,Trung bình
7.29,369.0,911.4,0.415,207.4,0.00316,0.00051,11,Trung bình
7.78,162.9,395.4,1.914,365.1,0.01376,0.00081,24,Trung bình
7.52,319.3,239.9,0.454,102.2,0.00608,0.00059,172,Trung bình
5.34,141.2,2102.6,4.428,676.9,5e-05,0.00138,173,Kém
5.29,164.7,398.8,1.237,808.6,0.00528,0.0003,566,Kém
8.12,155.7,918.1,3.559,137.5,0.00471,0.00083,168,Trung bình
7.12,87.9,390.7,1.253,113.9,0.00164,0.00053,2,Tốt
7.41,82.0,222.7,1.61,182.1,0.08164,0.0085,24,Nguy hiểm
7.12,201.4,295.9,1.346,75.9,0.00582,0.00125,22,Tốt
7.3,133.2,481.5,1.602,54.1,0.00749,0.00034,16,Tốt
8.64,126.9,420.5,1.001,217.0,0.00121,0.00362,3,Trung bình
6.23,113.4,1047.6,1.262,204.0,0.00154,0.00065,155,Trung bình
6.7,561.4,2127.4,1.246,147.0,0.02015,0.00705,21,Kém
6.71,127.7,97.0,4.91,360.1,0.00236,0.00059,2245,Nguy hiểm
7.6,161.5,307.4,0.573,130.4,0.00598,0.00131,9,Tốt
6.77,328.9,249.0,4.084,319.1,0.0017,1e-05,21,Trung bình
6.14,141.5,868.1,1.329,170.6,0.00123,0.00066,4,Trung bình
10.88,133.2,244.4,0.028,76.1,0.01066,0.0417,8,Nguy hiểm
6.85,166.8,269.8,4.685,516.0,0.00452,0.00715,227,Kém
6.94,368.6,407.5,8.301,187.4,0.03363,0.00116,4,Nguy hiểm
6.88,344.1,924.2,1.29,83.8,0.01166,0.00052,20,Trung bình
4.69,172.1,290.9,8.112,188.2,0.0004,0.02839,14,Nguy hiểm
5.19,586.7,1848.7,1.791,148.9,0.02831,0.00018,86,Kém
7.14,142.5,316.5,6.493,211.7,0.00244,0.00582,4943,Nguy hiểm
7.05,106.2,368.1,1.679,216.3,0.00786,0.00022,21,Tốt
6.86,132.8,84.6,0.406,55.3,0.00595,0.0008,7,Tốt
5.13,82.9,1558.2,1.074,214.5,0.00467,0.0066,527,Kém
6.91,546.7,147.2,4.205,65.5,0.0123,0.00765,882,Kém
6.75,94.2,160.1,1.464,209.5,0.00146,0.0006,17,Tốt
6.79,187.9,1535.0,4.488,141.7,0.00089,0.00543,417,Kém
6.96,147.7,186.3,3.191,211.8,0.00757,0.00355,168,Trung bình
8.1,154.3,310.2,0.924,208.4,0.0107,0.00126,174,Trung bình
6.71,626.7,1924.9,0.726,630.1,0.00635,0.00823,22,Kém
7.14,121.7,388.1,1.287,120.4,0.00553,0.00015,10,Tốt
7.36,405.9,354.2,0.057,180.5,0.0013,0.00014,132,Trung bình
6.85,386.8,262.8,4.76,187.7,0.00589,0.02202,5,Nguy hiểm
6.74,206.3,985.4,0.396,79.8,0.00135,0.02987,16,Nguy hiểm
7.94,551.4,379.9,1.132,637.5,0.00075,0.00753,615,Kém
7.51,172.4,753.7,1.288,323.4,0.00438,0.0011,1,Trung bình
7.9,120.7,189.6,7.273,1091.6,0.00701,0.00137,840,Nguy hiểm
7.26,387.0,491.4,0.369,113.5,0.00679,0.00022,173,Trung bình
5.12,165.6,2398.1,0.537,213.8,0.00688,0.04386,4,Nguy hiểm
7.94,106.0,294.9,1.13,166.6,0.00024,0.00127,18,Tốt
7.91,539.7,1644.5,0.69,355.8,0.04273,0.00124,19,Kém
7.23,681.0,988.3,0.501,563.5,0.00778,0.00071,401,Kém
6.9,186.0,1550.4,4.223,196.5,0.01429,0.01715,24,Nguy hiểm
7.53,110.1,137.4,1.227,62.1,0.00571,0.00117,12,Tốt
7.78,86.2,377.1,3.989,281.1,0.00218,0.00228,18,Trung bình
8.14,397.5,396.4,3.767,73.8,0.01302,0.00041,23,Trung bình
7.15,104.5,201.5,1.492,118.4,0.00597,0.00067,2,Tốt
3.61,97.3,293.6,4.258,118.4,0.00176,0.00086,1483,Nguy hiểm
7.81,913.5,239.3,1.874,47.9,0.12454,0.00018,23,Nguy hiểm
6.92,122.7,1519.1,0.632,842.2,0.00267,0.00583,294,Kém
6.74,165.2,482.6,1.829,1103.0,0.00517,0.00045,148,Nguy hiểm
6.4,578.2,1612.8,0.472,46.4,0.03869,0.00065,20,Kém
8.9,206.3,83.1,4.665,605.8,0.0355,0.00858,1,Kém
8.15,127.4,779.8,3.17,347.1,0.00024,0.00132,15,Trung bình
5.28,183.5,2013.2,4.374,174.1,0.00443,0.00756,4,Kém
7.2,215.8,358.8,0.303,73.3,0.00473,0.00146,6,Tốt
7.48,210.2,239.8,1.213,198.5,0.002,0.00084,13,Tốt
5.28,638.4,371.8,0.571,572.8,0.02782,0.00129,3,Kém
6.2,345.2,289.9,0.691,71.9,0.00209,0.00049,8,Trung bình
3.82,388.2,425.6,5.567,189.6,0.04121,0.00091,22,Nguy hiểm
7.16,140.6,447.5,0.049,128.5,0.0128,0.00039,13,Trung bình
5.18,181.0,232.3,0.366,94.3,0.02266,0.00785,8,Kém
7.53,184.8,136.6,1.451,119.8,0.00141,0.0003,13,Tốt
7.62,640.5,1785.5,4.752,746.4,0.00528,0.00135,164,Kém
7.14,87.2,793.3,3.704,202.6,0.01369,0.00103,22,Trung bình
6.95,130.3,386.0,4.522,707.3,0.00324,0.0087,724,Kém
7.28,176.7,455.6,1.98,40.1,0.00332,0.00049,11,Tốt
6.8,556.3,115.9,4.401,91.2,0.00606,0.00837,222,Kém
3.9,209.2,337.9,0.371,382.4,0.00249,0.00091,66,Nguy hiểm
7.27,359.4,316.6,1.326,102.3,0.00091,0.00111,161,Trung bình
9.01,401.0,426.8,1.762,183.5,0.00427,0.00056,161,Trung bình
7.27,345.2,800.7,0.088,69.8,0.00401,0.00141,7,Trung bình
5.13,612.6,2014.6,1.195,642.4,0.00412,0.00126,6,Kém
8.86,92.8,359.7,7.072,786.3,0.12441,0.00117,11,Nguy hiểm
9.66,545.0,1676.7,1.366,133.3,0.00296,0.00032,4,Kém
7.48,145.6,463.4,1.94,127.7,0.00125,0.00089,9,Tốt
6.92,216.4,358.8,0.351,185.8,0.00558,0.00027,22,Tốt
6.71,135.6,343.7,1.051,77.2,0.00399,0.00049,7,Tốt
7.28,744.6,320.0,1.07,207.0,0.09071,0.00138,20,Nguy hiểm
7.63,111.5,997.8,0.759,291.8,0.01347,0.00134,3,Trung bình
7.63,108.8,193.9,1.943,171.9,0.00181,0.00098,3,Tốt
8.05,511.7,2897.9,9.924,174.5,0.00635,0.01388,15,Nguy hiểm
9.0,178.0,911.3,1.735,73.0,0.00364,0.00141,126,Trung bình
7.76,370.1,358.4,0.678,392.5,0.00418,0.00023,109,Trung bình
10.83,649.6,82.4,7.828,184.3,0.0119,0.00035,19,Nguy hiểm
8.13,199.9,463.2,0.076,133.5,0.00242,0.00325,139,Trung bình
7.6,219.1,460.9,0.986,51.9,0.00794,0.00098,20,Tốt
7.14,161.6,804.2,0.042,308.4,0.00529,0.00025,7,Trung bình
8.62,215.5,938.9,3.734,67.4,0.00759,0.00066,17,Trung bình
3.69,193.0,358.4,1.347,75.4,0.00363,0.00017,121,Nguy hiểm
5.19,213.7,1563.7,1.003,145.6,0.02918,0.00826,102,Kém
5.12,142.3,419.1,7.517,701.6,0.00394,0.00046,4306,Nguy hiểm
5.31,176.2,1748.2,1.23,120.1,0.02684,0.00102,865,Kém
9.08,108.4,197.3,0.767,196.3,0.01403,0.00147,9,Trung bình
6.99,125.9,146.9,0.648,174.5,0.00602,0.00054,16,Tốt
6.87,207.0,301.7,4.316,215.2,0.01984,0.00544,616,Kém
9.02,89.3,1865.7,4.842,813.2,0.02129,0.00098,16,Kém
6.9,124.4,106.6,0.636,402.4,0.01219,0.00028,88,Trung bình
6.96,152.5,377.8,3.401,316.6,0.00384,0.00246,25,Trung bình
6.79,199.1,927.2,7.257,303.7,0.19838,0.00141,3,Nguy hiểm
7.8,767.0,227.6,1.233,1177.8,0.0019,0.0005,10,Nguy hiểm
7.38,942.7,452.5,6.165,86.2,0.00507,0.00092,17,Nguy hiểm
6.8,186.4,237.2,0.083,380.2,0.00677,0.00111,20,Trung bình
7.59,125.3,2005.6,4.597,722.1,0.00608,0.00077,671,Kém
6.81,596.4,279.1,8.729,109.3,0.00037,0.0009,2827,Nguy hiểm
7.42,595.2,356.7,4.414,71.9,0.00375,0.00644,566,Kém
6.09,143.9,1075.0,1.093,140.5,0.00734,0.00102,153,Trung bình
7.51,179.9,451.9,0.659,173.6,0.00455,5e-05,17,Tốt
11.11,180.6,455.5,6.945,160.6,0.00247,0.00059,3637,Nguy hiểm
7.66,154.2,388.3,1.312,94.1,0.00264,0.00056,15,Tốt
6.94,98.5,402.1,1.252,85.2,0.14538,6e-05,328,Nguy hiểm
7.74,99.8,481.5,1.602,733.6,0.0334,0.00036,2740,Nguy hiểm
5.38,631.8,497.4,1.029,98.1,0.02322,0.00036,5,Kém
6.92,155.8,102.0,0.789,53.7,0.00196,0.00095,2,Tốt
7.69,319.3,828.3,1.723,152.7,0.01233,0.0008,2,Trung bình
7.24,826.3,235.0,1.434,205.0,0.00209,0.02972,17,Nguy hiểm
4.39,993.2,372.8,0.38,1212.7,0.00162,0.00098,8,Nguy hiểm
7.41,81.8,493.1,1.769,124.8,0.00124,0.00078,22,Tốt
9.08,187.6,1037.1,0.033,53.1,0.00786,0.00034,4,Trung bình
7.02,138.3,2253.9,6.32,164.9,0.00183,0.03163,24,Nguy hiểm
6.33,140.2,181.6,0.038,390.3,0.0061,0.00144,19,Trung bình
3.82,110.2,1674.9,4.915,94.0,0.0005,0.015,1,Nguy hiểm
10.12,650.5,391.5,1.007,156.5,0.00221,0.00063,284,Kém
6.34,204.4,232.9,1.909,48.4,0.00452,0.00379,17,Trung bình
6.83,96.4,839.1,1.589,210.4,0.00579,0.00372,12,Trung bình
7.46,105.0,217.2,4.334,1179.8,0.0077,0.00098,14,Nguy hiểm
10.21,568.8,1534.9,4.301,144.5,0.00348,0.00092,11,Kém
7.82,95.0,391.7,1.258,153.4,0.00755,0.0012,15,Tốt
6.36,609.8,2032.7,4.402,56.3,0.0042,0.00101,4,Kém
7.13,428.5,309.8,0.364,352.6,0.01419,0.00111,12,Trung bình
8.79,658.3,432.2,1.841,718.2,0.03307,0.00111,21,Kém
7.98,180.0,1542.4,1.761,167.6,0.03182,0.00031,455,Kém
3.59,919.7,435.5,1.797,102.5,0.02161,0.00018,4637,Nguy hiểm
6.75,99.3,360.8,0.888,94.0,0.09756,0.00023,2823,Nguy hiểm
6.75,150.2,462.4,1.555,86.5,0.00547,0.00127,6,Tốt
7.23,115.0,320.7,1.006,322.8,0.00445,0.00325,24,Trung bình
7.82,743.2,1537.9,1.42,375.8,0.00153,0.00074,4212,Nguy hiểm
8.12,214.1,218.1,1.599,205.8,0.00212,0.00078,19,Tốt
7.85,155.8,406.8,1.819,190.1,0.00434,0.00257,174,Trung bình
8.16,700.2,218.3,1.817,108.6,0.02724,0.0068,402,Kém
7.13,915.4,489.6,0.593,554.2,0.00407,0.003,2469,Nguy hiểm
10.1,182.2,2009.7,1.67,306.2,0.00436,0.00823,775,Kém
7.54,181.3,96.9,1.048,180.1,0.00581,0.00122,16,Tốt
9.76,553.8,362.8,4.505,170.6,0.01953,0.00042,3,Kém
7.18,147.3,194.3,8.347,351.7,0.01261,1e-05,2720,Nguy hiểm
8.04,189.2,177.9,1.409,743.0,0.00055,0.00672,565,Kém
8.94,89.9,419.8,0.077,52.7,0.0045,0.00149,13,Trung bình
5.37,129.6,101.0,0.633,99.8,0.02841,0.00062,603,Kém
5.24,539.3,376.2,4.262,87.4,0.04053,0.00122,22,Kém
7.66,96.9,473.0,1.504,75.3,0.00473,0.04027,56,Nguy hiểm
7.72,179.5,798.8,0.535,410.7,0.03415,0.0216,15,Nguy hiểm
8.8,161.2,222.7,1.969,152.9,0.01396,0.00279,20,Trung bình
7.98,173.7,129.3,0.087,403.1,0.0112,0.00097,10,Trung bình
6.39,215.7,1611.0,4.767,671.3,0.03093,0.00078,24,Kém
7.95,133.6,299.5,0.993,272.7,0.01216,0.00245,11,Trung bình
8.75,112.2,118.0,1.224,356.2,0.00573,0.00043,66,Trung bình
7.39,104.1,472.4,0.942,191.6,0.0067,0.00022,15,Tốt
8.13,136.8,179.8,1.305,195.9,0.00269,0.00051,7,Tốt
9.61,575.1,468.9,1.098,180.2,0.01432,0.00652,881,Kém
5.31,609.0,478.3,0.906,728.6,0.01381,0.0008,7,Kém
9.91,632.8,1582.1,1.549,43.6,0.00235,0.00096,255,Kém
7.05,80.1,94.3,1.208,589.3,0.04167,0.00707,16,Kém
7.2,366.8,82.3,1.409,42.2,0.00192,0.00323,23,Trung bình
7.55,139.0,393.2,1.923,219.6,0.00471,0.00115,4,Tốt
7.55,348.9,128.3,0.072,361.3,0.00784,0.00138,25,Trung bình
7.95,153.7,252.5,5.307,149.4,0.18832,0.00134,23,Nguy hiểm
3.57,210.0,240.0,1.875,181.2,0.00733,0.01691,11,Nguy hiểm
8.02,105.6,213.3,0.061,210.0,0.00198,0.00226,179,Trung bình
6.89,159.7,2073.1,4.474,1360.2,0.00225,0.00823,0,Nguy hiểm
6.72,108.3,343.0,0.909,215.6,0.00384,0.00057,1,Tốt
9.7,213.6,2182.5,0.717,199.4,0.01141,0.00027,528,Kém
7.09,708.5,165.5,4.897,761.3,0.00333,0.00598,24,Kém
8.08,556.5,378.3,4.348,128.8,0.00534,0.00575,778,Kém
8.06,161.7,261.4,1.089,65.1,0.00686,0.00017,7,Tốt
8.15,655.4,207.1,1.076,1329.1,0.02972,0.00132,23,Nguy hiểm
7.95,202.6,455.1,1.061,149.6,0.00127,0.00033,4,Tốt
7.22,173.9,474.6,1.659,202.0,0.0079,0.00065,10,Tốt
4.59,109.2,2402.7,0.859,92.9,0.00344,0.00114,11,Nguy hiểm
7.47,97.2,111.8,3.966,176.8,0.01256,0.00084,1,Trung bình
8.2,87.7,266.5,0.349,71.3,0.00755,0.00035,8,Tốt
7.29,606.8,365.5,4.579,1245.8,0.00019,0.00109,4710,Nguy hiểm
6.72,108.7,344.9,1.736,188.4,0.00406,0.00035,1,Tốt
7.45,156.7,491.3,0.937,132.1,0.00512,0.00061,18,Tốt
8.17,207.9,252.4,1.528,57.5,0.00602,0.00123,22,Tốt
7.48,95.7,256.7,5.275,171.1,0.01089,0.00235,127,Nguy hiểm
5.44,127.0,309.8,6.331,214.9,0.00634,0.048,22,Nguy hiểm
8.01,83.5,1676.7,4.941,78.7,0.01308,0.00652,702,Kém
5.35,141.5,297.7,0.727,173.4,0.03159,0.00765,15,Kém
7.8,92.1,124.7,1.071,167.5,0.0049,7e-05,21,Tốt
9.01,107.8,481.8,1.894,1274.4,0.00587,0.00064,11,Nguy hiểm
7.09,121.3,217.8,1.623,165.1,0.00714,0.00097,1,Tốt
8.83,373.4,1077.8,0.415,109.2,0.00674,0.00137,19,Trung bình
7.81,182.4,310.4,1.899,323.7,0.00493,0.00322,150,Trung bình
6.81,159.5,1949.1,1.263,752.6,0.00082,0.00602,551,Kém
5.31,632.8,208.4,1.246,132.9,0.03102,0.00835,59,Kém
4.55,895.1,195.3,1.304,1290.2,0.00169,0.00619,21,Nguy hiểm
7.64,107.0,226.9,0.905,83.9,0.00495,0.00078,12,Tốt
8.85,137.3,1034.4,1.287,110.5,0.0079,0.00075,83,Trung bình
7.09,608.0,493.6,7.876,212.4,0.12786,0.00047,4158,Nguy hiểm
5.29,619.9,309.5,4.517,719.5,0.00606,0.00071,12,Kém
7.51,352.8,2864.9,1.977,1289.8,0.00241,0.00126,111,Nguy hiểm
7.84,144.2,223.8,1.694,124.4,0.00668,0.00092,17,Tốt
8.76,162.5,286.8,1.469,82.5,0.01154,0.00244,6,Trung bình
8.09,192.4,389.2,4.744,1282.2,0.00182,0.00018,23,Nguy hiểm
9.75,167.2,2162.3,1.779,41.3,0.02973,0.00062,255,Kém
7.2,139.8,416.5,1.895,91.5,0.00267,0.00116,11,Tốt
9.74,167.4,936.1,0.814,787.3,0.00604,0.00633,8,Kém
7.31,184.2,253.0,0.687,412.0,0.00066,0.00293,94,Trung bình
7.3,192.4,388.8,1.259,116.1,0.00031,0.00105,11,Tốt
11.03,141.0,220.0,1.519,78.4,0.03264,0.00075,179,Nguy hiểm
5.44,160.2,444.0,0.56,99.8,0.03593,0.00357,595,Kém
8.11,143.5,2129.6,6.4,168.2,0.01285,0.005,13,Nguy hiểm
7.11,215.9,2453.5,0.758,48.5,0.0186,0.00096,4443,Nguy hiểm
10.74,178.1,138.3,0.958,218.7,0.00604,0.00072,2445,Nguy hiểm
7.6,642.7,1841.4,4.642,66.1,0.00747,0.00048,782,Kém
7.02,143.9,437.3,0.475,355.7,0.00679,0.00043,121,Trung bình
5.45,591.1,135.3,4.89,54.0,0.00593,0.00045,60,Kém
7.66,321.6,940.0,0.903,158.3,0.01324,0.00106,3,Trung bình
7.92,112.3,220.9,0.046,374.9,0.00751,0.0006,4,Trung bình
7.02,190.9,2029.0,4.621,179.7,0.00639,0.00281,872,Kém
6.71,121.6,468.5,1.531,73.8,0.00011,0.00051,15,Tốt
7.36,143.3,225.7,0.929,1223.5,0.01721,0.00316,1186,Nguy hiểm
6.26,169.6,190.9,3.799,263.4,0.0001,0.00098,0,Trung bình
7.87,164.4,2166.1,1.696,351.8,0.00755,0.00025,1423,Nguy hiểm
7.64,163.9,951.1,0.071,219.8,0.00565,0.00056,8,Trung bình
7.1,640.4,2063.0,4.782,164.1,0.00162,0.0015,837,Kém
7.17,202.3,102.2,0.377,160.0,0.00114,0.0015,21,Tốt
7.45,118.4,271.1,0.696,85.4,0.00292,0.00033,8,Tốt
6.99,80.8,819.6,0.813,377.1,0.00232,0.00096,2,Trung bình
7.05,86.5,715.0,1.688,306.1,0.01315,0.00087,14,Trung bình
7.53,195.1,886.6,1.643,350.9,0.00605,0.00019,15,Trung bình
8.97,112.3,394.4,0.738,177.2,0.01338,0.0012,12,Trung bình
7.52,136.2,825.1,0.895,166.4,0.0034,0.00239,158,Trung bình
10.14,639.3,1869.0,1.033,112.3,0.00493,5e-05,24,Kém
7.88,165.4,2063.6,4.32,635.9,0.01346,0.00064,541,Kém
7.59,104.7,3187.3,0.674,371.5,0.10785,0.0009,3,Nguy hiểm
8.19,612.5,256.9,1.53,177.1,0.00251,0.02994,3649,Nguy hiểm
6.87,193.8,398.6,1.422,551.8,0.16742,0.00104,103,Nguy hiểm
6.78,181.8,792.1,1.374,417.5,0.00666,0.00373,2,Trung bình
6.88,616.7,191.9,1.768,687.5,0.00688,0.00141,849,Kém
7.59,588.6,377.4,0.359,707.8,0.01376,0.0079,19,Kém
7.24,85.4,389.6,4.217,167.4,0.09027,0.00127,1465,Nguy hiểm
7.59,130.3,1557.1,4.7,830.2,0.0031,0.00889,4,Kém
7.26,106.5,294.4,0.735,321.4,0.01444,0.00323,22,Trung bình
8.86,141.0,891.6,1.607,77.2,0.00136,0.00087,19,Trung bình
7.3,163.1,888.4,0.321,270.9,0.00515,0.00032,18,Trung bình
8.19,108.6,229.8,0.04,67.5,0.01308,0.00019,78,Trung bình
7.29,202.6,220.3,0.489,84.3,0.00147,0.00028,25,Tốt
6.87,203.7,92.0,1.669,135.7,0.00726,0.00133,0,Tốt
9.06,113.7,214.2,0.027,108.5,0.00526,0.00053,68,Trung bình
6.97,177.9,396.6,0.825,52.7,0.0055,0.00063,9,Tốt
8.8,127.6,364.7,0.069,107.0,0.00069,0.00101,125,Trung bình
6.31,176.1,337.7,1.6,55.2,0.00387,0.00248,163,Trung bình
7.22,165.1,887.5,1.001,81.2,0.00558,0.00361,17,Trung bình
7.89,177.7,876.0,1.636,288.1,0.00664,0.0006,103,Trung bình
8.16,192.8,1062.7,0.581,149.0,0.00512,0.00275,80,Trung bình
8.02,116.9,424.8,0.324,43.6,0.00578,0.00057,15,Tốt
6.97,309.4,456.6,1.982,79.4,0.00441,0.00122,150,Trung bình
5.38,196.8,229.7,4.248,98.2,0.01886,0.00128,790,Kém
8.05,156.1,137.5,1.529,71.9,0.0062,0.00065,18,Tốt
5.23,199.1,1747.3,1.88,809.1,0.00393,0.00021,23,Kém
7.78,408.1,1939.4,4.709,104.6,0.04248,0.00572,14,Kém
7.05,178.0,264.3,0.858,81.5,0.00485,0.00333,111,Trung bình
7.17,195.6,322.3,0.032,170.8,0.0003,0.00016,62,Trung bình
9.98,150.4,1643.0,4.424,82.2,0.00585,0.00634,12,Kém
7.17,568.8,2139.9,1.248,546.8,0.00534,0.00867,13,Kém
5.19,137.5,1811.3,4.737,683.3,0.00796,2e-05,25,Kém
8.18,199.8,251.4,1.373,126.7,0.0077,0.00117,16,Tốt
7.12,102.4,1565.0,4.462,99.7,0.00556,0.00778,122,Kém
8.06,179.8,143.2,1.077,50.5,0.00164,0.00109,21,Tốt
7.27,213.1,360.5,1.323,92.9,0.00686,0.00053,9,Tốt
7.8,215.4,97.1,1.893,152.9,0.02266,0.00765,763,Kém
10.02,105.7,1687.3,0.688,42.7,0.02902,0.00075,23,Kém
6.19,211.9,86.8,0.894,216.0,0.00468,0.00324,17,Trung bình
8.11,118.6,1984.7,4.37,200.3,0.00029,0.00764,345,Kém
8.92,162.9,1902.7,5.29,206.9,0.001,0.04721,19,Nguy hiểm
9.8,365.3,205.6,4.946,558.9,0.00781,0.00032,1,Kém
7.98,185.0,392.4,1.466,44.2,0.00202,0.00124,9,Tốt
6.75,410.6,91.0,4.135,68.8,0.00101,6e-05,18,Trung bình
6.27,420.4,180.0,0.027,219.5,0.00231,0.00051,6,Trung bình
5.18,593.1,168.2,4.591,733.1,0.00026,0.00086,8,Kém
7.38,416.3,457.0,0.312,161.8,0.00732,0.00333,17,Trung bình
7.36,87.4,185.2,0.022,340.4,0.01209,0.00058,1,Trung bình
8.07,118.3,167.1,0.438,184.6,0.00752,0.00076,17,Tốt
7.65,137.1,447.1,8.877,137.3,0.19371,0.00141,21,Nguy hiểm
7.45,142.3,493.1,1.317,70.7,0.00425,0.00073,8,Tốt
6.78,138.2,241.1,1.99,216.7,0.00663,0.0014,6,Tốt
10.12,212.1,1002.7,0.966,189.6,0.02233,0.00122,698,Kém
6.93,310.3,433.1,0.9,64.8,0.01167,0.00021,5,Trung bình
7.53,194.8,381.4,0.413,101.2,0.00013,0.00082,24,Tốt
5.33,154.1,1095.1,4.22,67.3,0.03211,0.00616,18,Kém
9.1,369.2,225.1,0.763,201.7,0.0068,0.00149,149,Trung bình
7.93,163.3,102.5,1.189,177.7,0.00379,0.0009,20,Tốt
7.97,197.9,96.6,1.649,62.4,0.00484,0.00051,16,Tốt
8.14,185.4,353.0,3.545,319.6,0.01293,0.00047,10,Trung bình
7.81,106.7,477.9,1.95,51.9,0.00585,0.00036,3,Tốt
7.75,175.7,3127.5,9.791,63.1,0.02279,0.00782,5,Nguy hiểm
8.59,102.5,490.6,6.938,74.0,0.00364,0.00027,20,Nguy hiểm
7.08,148.9,462.8,3.922,416.4,2e-05,0.00343,21,Trung bình
6.91,116.9,494.4,0.98,180.7,0.00434,0.00084,1,Tốt
7.92,691.5,1705.2,1.814,688.1,0.00245,0.0012,424,Kém
6.21,653.4,86.6,4.357,164.7,0.00362,0.00758,20,Kém
4.15,132.1,2861.0,1.425,158.5,0.01433,0.00024,4283,Nguy hiểm
7.28,177.9,482.7,1.85,77.5,0.00171,0.00013,1,Tốt
7.26,189.2,168.4,3.366,348.7,0.01408,0.00086,17,Trung bình
8.75,124.9,316.2,1.6,190.2,0.00169,0.00631,4103,Nguy hiểm
8.18,81.5,407.3,0.91,1286.8,0.0292,0.00045,4,Nguy hiểm
7.26,118.7,326.8,1.869,95.2,0.00331,0.00122,2,Tốt
7.95,123.4,273.3,1.206,158.7,0.00297,0.00015,19,Tốt
7.69,202.0,433.2,0.584,144.6,0.00482,0.00133,25,Tốt
8.99,310.5,207.2,0.521,81.5,0.00792,0.00297,9,Trung bình
6.87,106.6,169.9,7.39,1287.0,0.00172,0.00147,12,Nguy hiểm
7.3,158.8,431.0,1.132,82.5,0.00024,0.00043,20,Tốt
6.71,97.6,944.8,1.547,203.6,0.00058,0.00239,11,Trung bình
5.16,168.7,1603.7,4.512,398.4,0.00204,0.00772,17,Kém
8.05,197.1,187.1,4.193,350.0,0.00556,0.00074,119,Trung bình
7.8,158.1,167.3,1.281,122.5,0.00635,0.00105,25,Tốt
7.95,94.8,404.3,1.992,104.7,0.00151,0.00024,13,Tốt
7.08,143.5,261.0,1.098,113.2,0.00155,0.00119,9,Tốt
5.12,98.5,445.3,1.726,617.3,0.01875,0.00846,9,Kém
7.21,345.3,129.4,0.443,113.7,0.00257,3e-05,62,Trung bình
7.55,164.7,390.8,1.779,56.1,0.0008,0.00316,156,Trung bình
7.96,118.9,869.0,1.344,200.8,0.01172,0.00141,157,Trung bình
6.91,158.3,200.4,6.951,99.6,0.15355,0.00794,23,Nguy hiểm
8.12,191.1,187.8,1.745,127.6,0.00604,0.00085,11,Tốt
3.82,138.3,880.5,1.547,151.3,0.00564,0.0056,8,Nguy hiểm
8.83,84.6,243.5,1.971,52.4,0.0071,0.00323,69,Trung bình
7.41,140.3,246.3,4.813,633.3,0.02964,0.0086,15,Kém
7.86,407.0,1897.1,0.561,819.3,0.00755,0.0076,663,Kém
8.01,169.8,1860.4,1.339,514.5,0.00681,0.00554,399,Kém
7.13,411.5,410.5,0.847,129.7,0.01098,0.00139,105,Trung bình
7.46,195.0,130.8,3.688,47.5,0.00111,0.0025,13,Trung bình
7.01,379.2,365.6,1.822,218.2,0.00264,0.00255,58,Trung bình
5.4,129.1,768.4,4.833,130.3,0.00587,0.0006,417,Kém
5.24,152.8,845.7,4.789,145.1,0.00051,0.00531,267,Kém
10.04,96.9,460.4,4.735,656.0,0.00749,0.0035,20,Kém
9.94,634.4,469.7,1.622,114.1,0.01124,0.00507,787,Kém
7.09,180.6,871.9,3.378,107.7,0.00082,0.00343,6,Trung bình
7.88,110.0,367.7,0.457,150.3,0.00766,0.00114,8,Tốt
7.21,183.2,224.8,1.809,177.5,0.00686,0.00131,15,Tốt
7.64,335.5,324.7,3.538,123.2,0.00759,0.00108,18,Trung bình
11.45,158.7,83.9,1.09,162.7,0.02141,1e-05,20,Nguy hiểm
7.33,119.4,452.4,1.976,95.0,0.00313,0.00042,11,Tốt
8.14,81.5,486.5,1.575,121.1,0.01176,0.0038,172,Trung bình
6.82,211.4,1639.1,4.688,57.3,0.02173,0.00022,59,Kém
7.39,139.1,325.7,1.438,218.7,0.00726,0.00137,11,Tốt
6.78,200.0,398.0,0.737,175.3,0.00086,0.00023,2,Tốt
6.73,132.5,487.2,1.962,101.1,0.00516,0.00059,1,Tốt
7.13,195.9,237.4,1.416,154.2,0.00445,0.00054,10,Tốt
7.35,550.8,1510.2,0.548,126.7,0.00647,0.00482,780,Kém
7.52,81.1,110.4,0.822,159.5,0.00732,0.00112,1,Tốt
7.16,83.8,204.9,1.954,92.4,0.0071,0.0012,4,Tốt
8.2,158.6,461.1,1.754,66.4,0.00092,0.001,15,Tốt
6.84,113.3,746.4,4.39,776.3,0.0023,0.00543,16,Kém
7.09,676.2,3101.5,0.669,100.2,0.14733,0.00371,13,Nguy hiểm
5.31,663.9,119.1,1.687,219.7,0.00741,0.00569,2,Kém
7.47,106.2,431.6,0.502,57.1,0.00407,0.00095,10,Tốt
7.87,212.3,317.5,1.362,301.6,0.01207,0.00031,180,Trung bình
8.65,171.2,432.1,5.233,775.6,0.0074,0.00238,23,Nguy hiểm
7.96,141.9,263.6,1.06,115.6,0.00427,0.0006,17,Tốt
6.95,176.7,165.3,1.699,219.0,0.00499,0.00091,18,Tốt
8.02,619.1,315.1,4.748,93.9,0.03433,0.00899,7,Kém
7.83,137.2,419.3,4.91,165.3,0.03931,0.0075,274,Kém
7.74,165.1,224.5,1.236,71.4,0.00101,0.00067,16,Tốt
7.62,85.8,157.2,1.3,367.5,0.00611,0.00323,58,Trung bình
6.99,216.0,316.6,0.063,124.0,0.00423,0.00368,15,Trung bình
3.56,323.2,362.0,1.665,136.7,0.0043,9e-05,24,Nguy hiểm
7.95,93.4,2037.3,3.74,149.7,0.08164,8e-05,4,Nguy hiểm
7.46,137.7,1972.5,0.793,705.3,0.00741,0.00146,488,Kém
7.74,212.8,386.8,0.734,214.3,0.00732,1e-05,2,Tốt
7.95,214.2,411.4,1.026,181.5,0.00648,0.00053,17,Tốt
7.95,180.7,302.3,0.526,193.2,0.00766,0.00132,1,Tốt
9.73,119.3,445.8,0.827,45.1,0.15867,0.0013,11,Nguy hiểm
7.5,180.7,212.0,4.583,168.0,0.00786,0.02335,14,Nguy hiểm
6.72,114.4,377.5,0.478,171.5,0.01303,0.00143,174,Trung bình
7.47,359.6,3134.3,1.374,214.4,0.04092,0.00098,2599,Nguy hiểm
7.59,780.6,176.3,7.36,1099.8,0.00593,0.00144,1498,Nguy hiểm
6.96,199.2,195.7,6.095,61.5,0.05907,0.00149,6,Nguy hiểm
7.01,715.4,273.4,3.474,148.3,0.00775,0.00022,3474,Nguy hiểm
6.93,595.2,130.7,0.524,823.5,0.02752,0.00021,246,Kém
10.17,511.3,315.8,4.657,155.9,0.02107,0.00071,21,Kém
7.87,91.2,173.5,0.74,41.2,0.00053,0.00141,4,Tốt
6.92,179.0,365.6,1.851,104.3,0.00064,0.00136,4,Tốt
7.68,149.8,217.9,1.617,216.3,0.00125,0.00138,15,Tốt
7.42,427.5,159.4,0.902,552.3,0.04266,0.00614,4,Kém
7.29,579.7,172.2,1.778,178.9,0.03789,0.0063,820,Kém
8.02,200.1,766.7,0.715,63.2,0.01107,0.0001,60,Trung bình
8.74,101.2,87.2,3.555,172.5,0.01446,0.00022,2,Trung bình
7.54,188.7,326.1,0.831,218.0,0.01149,0.00313,180,Trung bình
7.07,196.6,420.8,0.492,40.2,0.00791,0.00145,7,Tốt
7.43,654.4,449.4,0.828,848.6,0.03178,0.00044,416,Kém
7.91,107.9,1099.7,1.98,381.0,0.00678,0.00099,1,Trung bình
7.42,172.9,1094.9,4.521,118.6,0.14549,0.00056,23,Nguy hiểm
7.59,424.5,241.9,1.707,301.1,0.00675,0.00232,21,Trung bình
4.39,202.7,2576.7,0.976,550.9,0.03143,0.00087,11,Nguy hiểm
7.61,111.5,389.6,0.083,113.8,0.0034,0.00078,1887,Nguy hiểm
8.69,110.4,180.8,1.983,1218.3,0.00448,3e-05,1300,Nguy hiểm
4.36,112.4,482.5,4.904,187.0,0.00417,0.00256,3877,Nguy hiểm
7.71,207.8,367.1,0.938,54.0,0.00383,0.00062,20,Tốt
5.31,218.2,1603.6,0.4,194.6,0.00447,0.0073,220,Kém
7.17,92.1,141.7,0.694,157.2,0.00743,0.00039,7,Tốt
8.01,708.8,792.3,0.375,1339.3,0.00763,0.00051,854,Nguy hiểm
5.24,160.3,469.9,4.885,64.8,0.04413,0.00705,11,Kém
6.41,107.1,407.5,0.453,269.5,0.00568,0.00067,10,Trung bình
7.78,316.8,374.1,1.049,792.1,0.05739,0.04496,5,Nguy hiểm
8.03,105.0,130.2,0.879,105.6,0.00174,0.0008,6,Tốt
5.43,102.1,1920.6,1.088,789.3,0.00533,0.00104,13,Kém
7.31,614.2,455.2,4.259,697.6,0.01431,0.00101,5,Kém
7.0,111.5,397.5,1.849,145.2,0.0128,0.00044,58,Trung bình
7.11,217.2,158.8,0.541,198.7,0.00555,0.00131,4,Tốt
10.27,169.4,393.0,1.696,818.4,0.00419,0.02174,4,Nguy hiểm
6.83,203.7,1949.9,4.785,155.9,0.00381,0.00508,333,Kém
11.6,107.5,2301.2,0.521,405.2,0.0068,0.00093,1641,Nguy hiểm
7.77,102.3,445.8,1.056,99.2,0.00451,0.00069,5,Tốt
9.7,153.7,442.1,4.785,580.2,0.02359,0.00037,17,Kém
7.97,205.6,350.0,9.787,140.8,0.00432,0.00465,25,Nguy hiểm
9.06,151.0,997.0,0.304,135.6,0.0065,0.00142,133,Trung bình
7.6,214.1,238.2,1.926,67.5,0.00201,0.00093,17,Tốt
6.38,201.8,98.6,1.057,1218.8,0.00504,0.03794,21,Nguy hiểm
9.61,178.2,93.7,0.656,208.7,0.028,0.00463,166,Kém
7.34,139.2,125.6,1.902,171.4,0.00634,0.00093,20,Tốt
5.18,121.3,124.5,0.447,52.8,0.0439,0.00031,885,Kém
6.21,147.6,438.9,4.07,92.1,0.00623,0.00012,76,Trung bình
7.6,125.9,468.5,1.772,305.3,0.01316,0.00072,9,Trung bình
9.63,140.7,447.7,4.752,530.3,0.00764,0.00793,20,Kém
5.25,167.4,1568.6,1.417,195.8,0.00227,0.00562,3,Kém
6.81,146.8,269.3,0.625,206.0,0.00528,0.00124,13,Tốt
7.24,149.2,333.5,3.857,66.9,0.00689,0.00259,12,Trung bình
7.42,168.7,735.7,1.647,219.8,0.00404,0.00046,177,Trung bình
7.68,118.4,255.2,1.055,67.8,0.00063,5e-05,25,Tốt
7.34,314.1,969.8,1.124,166.0,0.00385,5e-05,3,Trung bình
6.8,194.3,1615.6,0.871,828.0,0.02882,0.00139,698,Kém
5.36,140.3,300.4,1.717,673.3,0.00095,0.00111,449,Kém
7.8,139.6,426.0,1.428,91.9,0.00022,0.0014,23,Tốt
7.29,202.8,424.1,0.021,82.9,0.13681,0.00128,15,Nguy hiểm
8.01,219.4,360.9,0.329,136.4,0.00056,0.00064,7,Tốt
5.44,421.9,1716.3,1.794,714.4,0.00573,0.00093,18,Kém
6.1,313.0,492.2,1.798,120.6,0.01107,0.00036,15,Trung bình
7.43,119.6,274.9,1.451,47.6,0.00295,0.00144,21,Tốt
8.14,193.1,169.7,0.051,345.6,0.00723,0.00044,12,Trung bình
4.01,217.7,2120.9,7.584,744.1,0.00417,0.00114,3,Nguy hiểm
6.94,139.0,154.5,0.385,121.6,0.00462,0.00109,19,Tốt
7.42,150.9,462.0,1.933,175.4,0.00266,0.00131,23,Tốt
7.8,216.2,282.7,1.411,53.7,0.00562,0.00108,5,Tốt
7.06,113.7,437.8,3.681,269.2,0.00799,0.00284,24,Trung bình
7.31,193.7,485.1,3.331,172.5,0.007,0.00131,136,Trung bình
7.99,154.5,432.2,1.4,205.8,0.00164,0.00126,12,Tốt
7.06,99.6,409.5,1.731,70.5,0.00079,0.0002,1,Tốt
7.89,95.7,1658.7,1.469,334.7,0.04424,0.00497,363,Kém
5.36,559.6,259.1,0.803,724.3,0.0386,0.001,21,Kém
9.99,571.2,266.3,1.468,712.3,0.00174,0.0035,17,Kém
7.25,330.2,955.6,0.487,164.7,0.00662,0.00023,18,Trung bình
9.68,90.6,1906.3,0.365,803.1,0.00609,0.00653,68,Kém
7.23,186.8,223.8,5.908,120.0,0.19322,0.00032,574,Nguy hiểm
6.86,183.7,103.6,0.067,1198.5,0.01837,0.00032,3,Nguy hiểm
8.78,135.9,757.4,3.111,108.8,0.00449,0.0014,12,Trung bình
6.92,180.5,1924.4,1.939,537.9,0.02891,0.0004,388,Kém
7.43,152.5,841.7,1.38,148.2,0.003,0.00084,124,Trung bình
6.75,201.6,320.3,1.189,175.2,0.00215,0.00118,23,Tốt
6.8,417.9,479.9,0.041,118.8,0.01166,0.00047,12,Trung bình
7.39,86.1,467.7,1.062,186.2,0.00773,0.00118,8,Tốt
8.07,151.7,2693.5,6.333,216.4,0.00246,0.00039,7,Nguy hiểm
7.33,428.9,468.4,0.458,137.5,0.0023,0.04162,25,Nguy hiểm
7.56,142.7,1018.0,0.613,211.0,0.00784,0.00079,112,Trung bình
7.22,559.5,125.7,0.541,532.8,0.00698,0.00082,493,Kém
5.11,150.6,183.8,4.735,845.3,0.00641,0.00617,21,Kém
6.0,216.2,298.0,0.028,182.1,0.0072,0.00087,105,Trung bình
7.06,198.1,196.1,1.884,69.9,0.00758,0.00057,15,Tốt
8.18,207.3,472.9,4.271,174.7,0.02344,0.007,476,Kém
5.42,191.6,1848.4,1.245,587.3,0.00482,0.00072,320,Kém
7.39,122.1,713.5,1.186,266.8,0.00491,0.00066,78,Trung bình
5.32,164.2,158.7,9.693,49.8,0.00783,0.00075,4,Nguy hiểm
8.65,644.0,488.2,1.591,823.6,0.00418,0.0057,223,Kém
8.95,311.9,424.1,1.068,1140.6,0.00166,0.04332,17,Nguy hiểm
7.23,155.7,426.1,1.333,410.8,0.0126,0.00095,12,Trung bình
6.92,197.7,228.3,1.711,151.1,0.005,0.00053,14,Tốt
6.15,191.8,226.2,7.796,199.7,0.00747,0.00028,13,Nguy hiểm
6.18,116.6,465.6,0.048,82.1,0.00149,0.00027,10,Trung bình
6.87,521.8,102.0,1.011,602.5,0.00438,0.00134,833,Kém
9.96,673.1,290.0,0.803,205.4,0.00378,0.00054,463,Kém
7.14,202.8,2182.6,4.852,180.7,0.00415,0.0047,131,Kém
3.55,926.8,348.5,1.511,81.9,0.12949,0.00357,3,Nguy hiểm
7.78,656.9,238.3,4.913,527.6,0.00655,0.00879,4,Kém
5.12,149.8,121.1,0.051,189.0,0.00585,0.03251,14,Nguy hiểm
7.49,109.9,458.9,1.796,71.0,0.00612,0.00072,15,Tốt
6.9,126.4,433.4,0.394,302.4,0.00131,0.00066,179,Trung bình
6.8,133.6,430.5,0.367,209.4,0.00182,0.00079,8,Tốt
6.02,217.8,183.3,3.357,185.4,0.0034,0.0001,5,Trung bình
5.19,219.9,1651.6,1.515,653.3,0.00491,0.00114,488,Kém
7.43,521.4,1576.0,1.757,55.0,0.00567,0.00457,319,Kém
7.73,169.0,787.0,3.603,154.5,0.00302,0.00327,17,Trung bình
7.0,571.5,143.6,1.416,182.5,0.00096,0.009,593,Kém
7.6,137.4,459.3,0.787,299.8,0.1271,0.00342,9,Nguy hiểm
7.88,580.4,172.8,0.814,105.4,0.04349,0.00036,338,Kém
7.63,210.8,494.6,0.939,79.9,0.00366,0.00133,12,Tốt
7.85,212.5,364.2,4.155,219.0,0.00221,0.0037,5,Trung bình
10.21,728.8,470.1,1.523,278.3,0.00241,0.02881,16,Nguy hiểm
10.1,542.4,205.8,0.622,41.5,0.00331,0.00873,1,Kém
5.41,216.0,313.4,9.018,1342.5,0.00222,0.00119,10,Nguy hiểm
7.7,196.2,272.1,1.735,1367.9,0.00535,0.04046,21,Nguy hiểm
4.72,82.5,192.1,0.774,161.9,0.02528,7e-05,22,Nguy hiểm
6.77,199.1,489.1,0.703,180.7,0.00662,0.00148,23,Tốt
7.31,192.5,2068.7,1.018,210.1,0.13547,0.00064,0,Nguy hiểm
7.02,206.9,821.2,0.992,142.6,0.01308,0.00102,12,Trung bình
10.83,377.9,164.1,4.754,139.1,0.01404,0.00138,6,Nguy hiểm
11.21,905.3,135.6,6.475,56.3,0.00195,0.00143,16,Nguy hiểm
5.45,537.4,216.8,4.436,804.2,0.00351,0.00359,12,Kém
10.81,80.6,151.3,0.467,1279.5,0.05968,0.001,149,Nguy hiểm
7.99,93.3,477.2,1.444,66.3,0.00283,0.00223,76,Trung bình
6.71,89.0,280.9,1.915,132.3,0.00618,0.00104,15,Tốt
7.69,680.8,1930.9,1.098,672.9,0.00665,0.0088,70,Kém
5.15,621.5,406.7,1.908,101.5,0.0052,0.00041,815,Kém
7.01,608.2,363.7,0.535,136.0,0.02411,0.0062,4,Kém
8.16,119.2,131.3,0.561,102.3,0.0004,0.0004,12,Tốt
7.09,106.5,407.1,1.33,51.0,0.00588,0.00058,23,Tốt
6.72,135.4,410.4,0.984,180.7,0.00689,0.0023,166,Trung bình
6.71,125.6,343.2,1.145,74.0,0.00015,0.00065,5,Tốt
6.79,404.2,745.7,1.431,204.2,0.00083,0.00093,4,Trung bình
7.65,100.5,216.7,1.993,101.0,0.00082,0.00084,15,Tốt
8.16,584.7,2091.7,0.536,824.9,0.00359,5e-05,227,Kém
11.85,140.5,459.6,1.782,1228.9,0.00308,0.00136,10,Nguy hiểm
8.07,106.5,243.5,1.576,67.9,0.00435,0.00136,13,Tốt
7.67,145.9,199.1,4.154,78.7,0.01414,0.00295,13,Trung bình
7.53,213.9,431.0,1.193,96.1,0.00079,0.0011,24,Tốt
8.17,341.6,357.2,0.639,1314.0,0.00485,0.00868,4664,Nguy hiểm
8.67,350.6,318.4,1.135,99.1,0.11498,0.03354,7,Nguy hiểm
10.22,110.1,86.4,1.044,771.4,0.03385,0.00035,24,Kém
7.37,136.1,194.4,0.619,100.8,0.00176,0.00033,3,Tốt
4.79,681.8,88.4,6.202,1353.8,0.00422,0.00133,19,Nguy hiểm
8.93,163.0,1639.7,1.948,730.3,0.01692,0.00014,4,Kém
7.84,368.6,742.1,3.347,122.3,0.00243,6e-05,10,Trung bình
7.76,725.8,161.2,4.232,46.1,0.06674,0.00087,4758,Nguy hiểm
7.34,655.1,302.3,1.025,205.2,0.12692,0.00626,789,Nguy hiểm
7.24,552.1,1993.5,3.305,62.2,0.02927,0.00036,249,Kém
9.7,698.1,464.6,0.087,830.9,0.00253,0.00088,18,Kém
6.7,152.9,182.4,0.557,203.0,0.00015,0.00054,19,Tốt
6.77,138.9,142.9,1.365,144.3,0.00411,1e-05,3,Tốt
6.19,166.8,430.2,0.058,206.0,0.00297,0.00022,4,Trung bình
9.06,184.4,356.0,1.7,117.3,0.01076,0.00311,21,Trung bình
11.83,218.1,177.2,1.879,200.7,0.01329,0.00017,1175,Nguy hiểm
6.3,115.2,322.0,1.135,1308.9,0.0006,0.00049,2,Nguy hiểm
7.47,90.4,407.2,0.905,92.9,0.00563,0.00072,19,Tốt
8.03,406.2,97.9,3.302,128.1,0.00735,0.00061,7,Trung bình
8.17,121.9,976.9,0.025,119.5,0.00446,0.0303,16,Nguy hiểm
8.83,144.5,479.5,1.943,276.2,0.01107,0.00111,10,Trung bình
10.14,151.5,377.7,4.834,81.5,0.03638,0.00047,895,Kém
10.02,157.6,403.5,0.369,65.1,0.07541,0.04399,6,Nguy hiểm
7.58,212.1,318.0,1.262,266.4,0.04019,0.00712,442,Kém
8.02,153.6,202.4,1.277,133.8,0.00569,0.00088,24,Tốt
7.57,136.5,329.5,0.4,686.9,0.00041,0.00135,3559,Nguy hiểm
7.78,595.3,263.2,1.48,202.5,0.03753,0.00636,884,Kém
10.07,208.9,1569.1,1.163,796.4,0.00345,0.00263,15,Kém
7.56,145.7,383.8,1.254,54.8,0.00168,0.00112,22,Tốt
7.71,106.2,732.8,1.716,364.7,0.00491,0.00031,5,Trung bình
6.85,102.5,424.5,4.52,795.3,0.0407,0.00125,493,Kém
6.13,166.5,1970.3,4.414,592.8,0.00154,0.00585,16,Kém
7.89,169.3,216.2,1.459,69.5,0.00322,0.00054,5,Tốt
7.57,195.9,205.6,0.461,170.0,0.00206,0.00135,18,Tốt
7.56,151.0,383.7,1.852,187.5,0.00492,0.00029,10,Tốt
6.75,403.6,972.9,0.725,120.6,0.0054,0.00013,15,Trung bình
7.93,536.6,264.1,4.556,323.6,0.02764,0.0002,866,Kém
5.17,682.7,90.9,4.456,120.3,0.00427,0.00822,23,Kém
8.84,202.6,982.4,0.543,82.9,0.0058,0.00023,10,Trung bình
7.21,93.2,466.7,9.101,765.8,0.00195,0.00094,69,Nguy hiểm
7.22,189.0,356.1,0.935,47.7,0.00753,0.00147,23,Tốt
8.61,351.4,1029.4,1.926,78.0,0.005,0.00053,23,Trung bình
7.45,213.4,396.8,0.322,171.2,0.0006,0.00025,23,Tốt
7.9,664.9,1561.6,0.548,208.1,0.0211,0.00043,216,Kém
6.84,194.2,234.5,1.001,804.4,0.00212,0.00546,552,Kém
7.86,209.3,122.4,6.666,61.7,0.01746,0.0013,20,Nguy hiểm
7.73,519.7,1974.8,0.668,713.0,0.00415,0.00256,471,Kém
8.95,95.6,318.3,4.624,95.0,0.00041,0.0063,629,Kém
5.23,187.2,358.0,1.882,1145.1,0.19712,0.00727,22,Nguy hiểm
6.8,87.1,157.9,1.735,142.9,0.00088,0.00137,6,Tốt
7.55,115.9,367.3,1.468,1098.6,0.02114,0.00139,20,Nguy hiểm
7.97,90.8,341.2,1.505,43.7,0.00224,0.00035,12,Tốt
6.83,219.2,1968.5,0.369,153.4,0.03629,0.0029,214,Kém
3.57,217.4,457.7,0.717,1139.3,0.00425,0.0002,8,Nguy hiểm
6.79,188.5,2703.6,4.463,549.7,0.00478,0.04119,14,Nguy hiểm
3.8,415.3,172.6,1.89,255.7,0.02678,0.00134,10,Nguy hiểm
8.12,159.7,401.2,1.807,104.5,0.00253,0.00083,3,Tốt
7.01,202.6,274.1,1.485,201.3,0.03484,0.00482,3820,Nguy hiểm
6.93,211.5,305.2,1.127,189.6,0.00758,0.00144,4,Tốt
7.05,420.9,714.9,0.764,130.3,0.0078,0.00038,20,Trung bình
6.09,208.6,470.7,1.642,66.8,0.01084,0.00112,9,Trung bình
7.27,90.5,208.7,0.995,51.2,0.00639,0.00032,24,Tốt
8.09,84.3,228.5,0.793,63.4,0.00555,0.00113,0,Tốt
7.9,710.0,340.9,1.927,143.7,0.00325,0.0077,608,Kém
8.78,139.7,142.9,1.25,134.8,0.00129,0.00377,139,Trung bình
9.95,639.3,1591.8,1.658,161.5,0.01294,0.00055,240,Kém
8.9,125.7,456.6,0.964,279.0,0.00022,8e-05,15,Trung bình
7.82,206.8,804.0,0.325,347.8,0.00089,0.00087,154,Trung bình
11.96,584.2,444.8,0.872,58.6,0.00135,0.00121,4604,Nguy hiểm
6.32,168.8,411.9,3.469,46.5,0.00686,0.00123,5,Trung bình
7.24,200.7,1061.3,3.409,339.7,0.0074,0.00086,23,Trung bình
4.14,118.8,2228.9,0.464,161.7,0.1874,0.00014,1904,Nguy hiểm
7.97,392.6,155.2,1.709,159.2,0.00113,0.00062,90,Trung bình
8.97,91.7,82.6,1.623,376.5,1e-05,0.0002,13,Trung bình
8.14,397.4,418.5,0.688,352.7,0.00776,0.0014,147,Trung bình
7.02,133.9,405.5,1.913,177.6,0.00746,0.00045,14,Tốt
7.23,147.8,314.8,0.985,102.1,0.0304,0.00472,745,Kém
8.05,141.9,473.1,1.545,180.2,0.00107,0.00034,6,Tốt
6.09,170.2,482.3,0.478,72.2,0.00602,0.00276,163,Trung bình
9.84,146.7,266.9,1.262,648.3,0.00379,0.00117,651,Kém
7.37,120.1,126.2,0.475,167.6,0.00661,0.00114,9,Tốt
6.8,167.7,472.0,1.549,44.5,0.00437,0.00077,15,Tốt
9.0,214.7,286.6,0.029,272.7,0.00603,0.00069,17,Trung bình
7.01,395.0,235.3,7.647,1298.4,0.00197,0.00025,114,Nguy hiểm
8.06,115.6,477.9,0.401,60.7,0.00048,0.00058,22,Tốt
10.23,571.6,298.6,1.858,813.5,0.00047,0.00831,24,Kém
10.12,86.3,266.3,1.577,385.7,0.01737,0.0057,624,Kém
5.42,642.2,307.7,1.369,602.4,0.04103,0.00055,1,Kém
7.33,738.9,3172.3,1.727,282.0,0.00741,0.00059,4081,Nguy hiểm
5.28,217.9,861.4,1.609,656.3,0.00715,0.00528,509,Kém
11.95,141.5,338.8,0.68,617.4,0.00042,0.00078,12,Nguy hiểm
6.88,155.9,960.0,0.418,148.7,0.00173,0.00357,163,Trung bình
7.16,641.3,1754.7,1.929,143.3,0.00354,0.00553,500,Kém
6.11,149.4,1054.1,4.177,116.2,0.00136,0.00067,18,Trung bình
8.98,90.5,434.1,0.075,200.6,0.00638,0.00043,15,Trung bình
6.77,677.6,2136.0,0.397,139.0,0.00632,0.00012,519,Kém
7.67,166.8,747.5,1.753,112.9,0.1624,0.00094,7,Nguy hiểm
7.69,177.4,186.5,1.352,92.5,0.00112,0.00047,2,Tốt
7.1,128.8,274.4,0.867,48.6,0.01316,0.0029,18,Trung bình
6.9,140.6,473.8,0.039,1111.3,0.00373,0.00125,3,Nguy hiểm
7.41,172.2,1071.3,0.621,103.9,0.00262,0.00077,95,Trung bình
9.07,386.6,84.2,1.929,213.3,0.00296,0.00087,9,Trung bình
8.0,898.5,2073.2,2.0,1233.4,0.03295,0.00145,14,Nguy hiểm
7.67,182.7,312.9,0.513,159.1,1e-05,0.00133,17,Tốt
9.79,687.4,885.2,0.426,108.0,0.00078,0.0013,786,Kém
7.76,168.7,444.6,4.591,82.2,0.02091,0.00269,506,Kém
7.74,136.7,338.3,1.472,74.3,0.03782,0.00504,403,Kém
10.09,131.4,1641.9,1.76,200.8,0.04307,0.00068,5,Kém
6.84,123.1,479.1,1.116,133.3,0.00649,0.00131,21,Tốt
5.36,197.1,164.7,1.353,563.4,0.00511,0.00332,597,Kém
7.4,130.1,104.1,3.517,215.6,0.01285,0.001,11,Trung bình
7.42,115.9,449.3,6.787,90.8,0.19093,0.00145,24,Nguy hiểm
6.18,951.6,238.6,6.838,147.3,0.01317,0.00119,18,Nguy hiểm
7.27,80.5,419.4,0.621,212.4,0.00162,0.00076,8,Tốt
10.26,618.2,124.1,4.233,189.7,0.0023,0.00893,3,Kém
4.73,169.3,237.6,0.035,1184.9,0.00292,0.00102,4,Nguy hiểm
10.88,423.5,107.6,1.35,42.2,0.00218,0.00024,19,Nguy hiểm
6.78,97.7,376.6,4.159,144.2,0.00324,0.00272,11,Trung bình
7.94,211.5,450.0,0.047,172.5,0.01283,0.00038,11,Trung bình
7.71,103.8,165.7,1.958,83.7,0.01178,0.00263,73,Trung bình
10.03,205.2,404.1,4.277,70.1,0.03246,0.00103,875,Kém
8.05,978.9,175.7,1.416,145.3,0.01298,0.03921,2245,Nguy hiểm
6.1,192.8,920.7,0.807,134.7,0.00604,0.00132,114,Trung bình
4.68,107.0,457.3,0.071,257.7,0.00541,0.00139,6,Nguy hiểm
8.0,134.8,252.6,1.799,1359.6,0.1582,0.00033,4148,Nguy hiểm
7.06,84.9,1631.5,4.836,148.2,0.03324,0.00074,822,Kém
8.86,217.5,298.5,1.466,301.5,0.00667,0.00065,25,Trung bình
7.19,122.6,1015.2,3.857,201.0,0.00098,0.00027,21,Trung bình
9.02,552.1,402.8,0.882,159.6,0.00429,2e-05,2650,Nguy hiểm
10.3,138.3,1010.8,4.574,849.8,0.00177,0.00559,13,Kém
8.14,145.4,146.4,1.382,165.7,0.00451,0.00029,6,Tốt
7.33,151.0,473.0,1.93,105.3,0.00622,0.00081,13,Tốt
8.04,83.4,447.8,1.935,211.0,0.00436,0.0008,13,Tốt
7.0,145.7,237.9,1.029,164.0,0.11827,0.00858,16,Nguy hiểm
7.33,390.0,359.9,0.075,165.4,0.01327,0.00016,22,Trung bình
5.21,543.0,248.3,0.957,182.0,0.00697,0.00033,380,Kém
6.73,206.2,267.3,0.821,188.5,0.00577,0.00075,1,Tốt
6.36,588.1,387.2,1.195,114.7,0.01183,0.0483,24,Nguy hiểm
7.81,146.2,244.9,1.981,67.8,0.00796,0.00071,0,Tốt
7.35,81.8,160.8,4.268,747.5,0.01744,0.0,90,Kém
6.83,182.9,350.5,1.514,82.8,0.03213,0.00786,507,Kém
7.09,196.4,369.9,1.191,180.2,0.0073,7e-05,5,Tốt
9.69,201.0,236.5,0.73,160.0,0.03854,0.00089,391,Kém
8.88,152.0,137.2,1.224,161.5,0.0001,0.00051,129,Trung bình
7.08,132.6,272.2,1.763,125.8,0.00496,0.00127,24,Tốt
7.14,203.9,291.1,0.667,61.5,0.00647,0.00111,1,Tốt
6.88,708.6,385.3,4.541,94.8,0.01913,0.00846,11,Kém
7.24,214.2,349.3,0.472,126.9,0.00562,0.00012,21,Tốt
8.13,600.0,1790.8,0.65,139.4,0.00547,0.00078,710,Kém
7.0,171.3,384.9,1.039,214.9,0.01115,0.0024,21,Trung bình
7.56,115.1,2092.6,1.211,135.0,0.02721,0.00621,25,Kém
7.11,89.1,315.1,1.249,171.5,0.00049,0.00104,13,Tốt
6.84,152.5,190.6,1.612,72.6,2e-05,0.00024,9,Tốt
9.86,108.5,1690.3,4.668,126.0,0.01101,0.00747,18,Kém
3.44,312.5,271.1,0.843,86.7,0.00368,0.00485,16,Nguy hiểm
7.45,556.7,284.8,4.307,88.3,0.00472,0.00657,425,Kém
8.03,116.5,946.9,1.108,147.1,0.00034,0.0031,10,Trung bình
7.54,143.1,441.2,0.894,219.8,0.00614,0.00091,10,Tốt
8.89,158.1,192.9,1.839,261.4,0.01359,0.00092,23,Trung bình
5.12,597.6,105.3,1.74,368.5,0.04334,0.00104,513,Kém
7.5,200.2,926.4,0.076,102.1,0.01378,0.0014,7,Trung bình
7.9,541.4,2607.2,7.682,1138.9,0.00786,0.00025,11,Nguy hiểm
11.41,166.9,1085.8,0.081,43.0,0.00757,0.02002,3,Nguy hiểm
8.0,193.0,490.8,0.858,321.0,0.00111,0.00132,166,Trung bình
7.23,121.2,411.0,0.486,68.4,0.00648,0.00112,4,Tốt
7.75,378.8,899.3,1.904,84.5,0.12457,0.00684,8,Nguy hiểm
7.46,214.7,447.3,3.577,349.0,0.00261,0.00111,16,Trung bình
7.01,622.1,974.3,0.497,102.6,0.01857,0.00076,585,Kém
5.17,183.1,267.9,4.405,700.6,0.00133,0.00129,491,Kém
8.82,328.2,493.1,1.009,129.5,0.00176,0.00109,24,Trung bình
4.02,606.5,264.2,0.349,185.4,0.00687,0.00053,14,Nguy hiểm
11.46,189.5,463.2,1.566,192.6,0.00229,0.00039,4061,Nguy hiểm
8.04,139.2,950.3,1.553,206.2,0.00011,0.00333,122,Trung bình
11.82,191.3,1985.7,1.716,205.9,0.09071,0.00148,4404,Nguy hiểm
7.47,84.5,453.2,0.909,589.0,0.03181,0.00759,22,Kém
6.91,186.9,204.4,1.558,124.5,0.00249,0.00108,5,Tốt
7.28,151.2,329.5,0.353,156.4,0.00187,0.00356,168,Trung bình
9.65,185.3,2145.1,0.74,658.9,0.00665,0.00264,19,Kém
6.33,93.8,307.7,1.339,126.7,0.04042,0.00054,1538,Nguy hiểm
6.33,83.8,772.8,1.772,117.5,0.00403,0.00094,2,Trung bình
10.17,546.5,2142.5,1.274,320.9,0.00421,0.00889,22,Kém
7.02,174.0,272.4,4.237,114.4,0.01292,0.00269,3348,Nguy hiểm
9.6,83.1,1990.8,1.087,155.7,0.02555,0.00117,24,Kém
7.11,215.0,347.6,0.629,59.2,0.00129,0.00097,21,Tốt
7.26,138.4,1065.7,0.082,217.7,0.01159,0.00068,13,Trung bình
7.01,158.0,362.1,4.333,187.1,0.17171,0.00039,4590,Nguy hiểm
6.77,213.9,101.0,5.788,1236.0,0.00335,0.04789,3376,Nguy hiểm
7.33,118.0,1704.2,1.394,557.4,0.00357,0.00044,309,Kém
7.45,593.5,1803.5,1.17,669.2,0.00741,0.0,620,Kém
7.83,687.1,478.6,1.123,512.2,0.02337,0.00083,24,Kém
9.62,191.7,1579.8,4.521,400.3,0.00783,0.00119,11,Kém
6.9,109.2,389.5,1.673,68.7,0.00209,0.00084,4,Tốt
8.66,190.6,446.2,9.742,214.4,0.0333,0.00139,24,Nguy hiểm
10.21,141.9,2075.5,0.569,95.7,0.00179,0.00137,850,Kém
5.16,213.6,367.0,4.467,821.7,0.00397,0.0077,21,Kém
7.25,110.1,997.4,1.501,144.2,0.00741,0.00297,21,Trung bình
7.34,210.6,981.1,0.39,185.1,0.00726,0.01257,4766,Nguy hiểm
6.78,141.6,157.2,1.886,1257.8,0.00131,0.00034,1304,Nguy hiểm
7.08,201.2,173.3,1.727,191.5,0.00392,5e-05,0,Tốt
8.12,198.6,215.8,0.62,63.2,0.00582,0.00079,11,Tốt
7.56,641.0,285.5,0.889,63.3,0.05695,0.00084,5,Nguy hiểm
7.23,673.3,389.3,1.202,1220.2,0.17224,0.00014,16,Nguy hiểm
8.13,204.9,218.7,1.326,51.1,0.00026,0.00033,7,Tốt
7.83,206.2,470.7,4.418,1396.9,0.01831,0.03465,6,Nguy hiểm
7.36,144.7,2842.3,9.809,1136.8,0.16041,0.00053,11,Nguy hiểm
6.93,328.4,285.8,1.426,203.8,0.00389,0.00101,167,Trung bình
6.87,646.5,94.9,0.787,647.5,0.0308,0.00594,15,Kém
8.04,201.7,902.9,1.673,311.9,0.00466,0.00356,12,Trung bình
7.87,202.0,444.7,0.043,1271.8,0.03309,0.0001,3,Nguy hiểm
7.95,571.2,207.3,1.491,211.8,0.03713,0.00879,4,Kém
9.77,143.3,1050.6,4.474,788.3,0.00296,0.0084,3,Kém
7.36,112.6,994.4,0.347,82.5,0.00136,8e-05,58,Trung bình
8.08,175.8,231.0,0.32,114.8,0.00223,0.00118,21,Tốt
6.78,110.1,994.3,0.724,96.1,0.00175,0.00295,16,Trung bình
6.91,592.8,395.3,1.882,777.3,0.00783,0.00075,217,Kém
7.6,335.2,477.0,1.293,185.7,0.01195,0.00337,24,Trung bình
7.51,422.3,458.6,4.555,748.9,0.00627,0.00532,594,Kém
7.48,215.3,242.2,0.61,200.3,0.00485,0.00075,2,Tốt
8.69,207.2,947.3,0.489,92.3,0.00178,1e-05,8,Trung bình
6.87,100.5,477.2,1.602,116.9,0.00456,0.00118,11,Tốt
7.9,170.1,104.4,1.445,48.1,0.00518,0.00067,13,Tốt
6.85,182.3,1033.4,0.998,57.7,0.003,0.00333,15,Trung bình
7.03,83.8,175.5,0.388,376.4,0.00165,0.00093,64,Trung bình
9.93,119.0,2096.0,0.616,681.6,0.00168,0.00672,5,Kém
7.45,575.2,1523.7,1.644,157.6,0.03767,0.00102,3659,Nguy hiểm
9.73,89.1,170.5,4.314,138.6,0.01262,0.04192,2,Nguy hiểm
10.13,215.6,156.1,1.285,754.9,0.00351,0.00858,378,Kém
7.37,86.1,1018.6,1.794,139.7,0.01208,0.00045,21,Trung bình
7.28,144.9,140.9,0.492,180.0,0.00317,0.00111,24,Tốt
9.86,525.1,1951.2,0.559,124.7,0.00359,0.00031,757,Kém
6.37,151.3,750.1,0.075,84.1,0.00097,0.00018,14,Trung bình
7.34,208.3,433.4,1.314,167.8,0.00612,0.0015,12,Tốt
7.74,582.1,134.7,4.839,203.6,0.03918,0.00047,551,Kém
6.9,622.1,416.1,4.385,152.7,0.04329,0.00244,282,Kém
11.06,699.4,307.3,1.877,71.2,0.001,6e-05,4,Nguy hiểm
7.22,200.0,97.2,0.659,164.7,0.00296,0.00143,2,Tốt
8.18,194.5,236.8,1.605,133.1,0.00715,0.0013,18,Tốt
6.17,355.2,758.0,1.368,102.4,0.00674,0.00061,10,Trung bình
7.13,206.7,2039.7,0.324,799.2,0.02544,0.00825,111,Kém
7.81,138.3,394.5,1.131,368.8,0.00577,0.00302,8,Trung bình
7.79,198.6,123.5,1.477,1368.9,0.0007,0.00101,1299,Nguy hiểm
5.24,648.3,1837.7,0.407,602.2,0.00031,0.00098,10,Kém
4.51,331.1,456.7,4.339,111.5,0.00144,0.00113,727,Nguy hiểm
6.34,318.2,220.5,1.473,212.9,0.00211,0.00304,6,Trung bình
9.88,148.2,1821.1,3.56,162.7,0.0037,0.00148,3133,Nguy hiểm
8.15,208.3,308.2,1.421,199.0,0.00737,0.00049,16,Tốt
7.92,149.9,320.2,1.004,207.9,0.00356,0.00143,8,Tốt
7.81,674.4,487.6,0.546,1051.4,0.00157,0.00465,3,Nguy hiểm
7.37,150.3,180.7,1.213,215.5,0.00014,0.00079,19,Tốt
6.11,405.7,741.3,1.475,141.7,0.00611,0.00073,6,Trung bình
7.31,97.8,170.3,0.993,199.0,0.00199,0.00097,13,Tốt
8.83,189.0,153.8,0.43,1268.7,0.0057,0.04444,117,Nguy hiểm
9.06,875.0,3127.9,6.503,128.3,0.00223,1e-05,11,Nguy hiểm
7.72,649.2,2544.6,9.831,176.0,0.00321,0.0009,66,Nguy hiểm
7.74,126.0,150.3,4.788,212.4,0.00212,0.04295,12,Nguy hiểm
7.95,180.0,456.4,0.302,198.8,0.00546,0.00042,8,Tốt
7.65,349.4,80.6,0.936,172.0,0.00272,0.00232,5,Trung bình
7.99,194.0,88.4,1.18,127.0,0.00757,0.00117,20,Tốt
7.1,112.3,160.5,0.088,87.3,0.01086,0.00041,2,Trung bình
7.16,666.8,124.5,1.543,194.8,0.01983,0.00804,823,Kém
7.8,586.2,1688.9,1.65,804.4,0.02687,0.00083,23,Kém
7.1,100.0,335.8,1.354,374.4,0.00796,0.0025,78,Trung bình
6.79,133.8,85.8,0.343,173.9,0.01158,0.00117,81,Trung bình
7.49,887.4,488.3,0.955,368.7,0.00351,0.00086,3467,Nguy hiểm
10.09,428.5,1652.1,1.255,72.4,0.00481,0.00147,3686,Nguy hiểm
9.8,81.5,975.2,0.837,1235.8,0.01395,0.00112,8,Nguy hiểm
6.44,172.8,437.3,1.447,169.7,0.01192,0.0002,24,Trung bình
8.08,92.9,476.3,0.891,184.9,0.00499,0.00114,12,Tốt
8.77,202.9,114.1,7.952,55.4,0.00176,5e-05,2903,Nguy hiểm
10.93,111.9,370.2,0.306,181.7,0.00202,0.00726,133,Nguy hiểm
6.07,88.7,1964.6,0.664,119.9,0.0383,0.0069,800,Kém
6.79,114.1,119.5,1.837,106.6,0.00711,0.0005,10,Tốt
7.53,518.2,394.6,4.383,77.8,0.04356,0.0048,18,Kém
7.92,713.7,736.2,4.888,184.5,0.01974,0.00076,5,Kém
7.83,609.2,122.7,9.845,581.8,0.00421,1e-05,148,Nguy hiểm
7.64,667.2,191.9,1.462,650.1,0.03804,8e-05,268,Kém
6.97,202.0,717.9,1.543,365.1,0.00629,0.00059,162,Trung bình
8.18,117.0,176.7,0.972,327.3,0.01195,0.00038,6,Trung bình
7.29,530.0,1519.4,1.085,147.5,0.03611,0.00044,13,Kém
8.97,389.3,361.5,0.659,84.7,0.00668,0.00023,1,Trung bình
6.94,103.1,141.5,1.004,333.0,0.01201,0.00104,144,Trung bình
6.72,165.3,195.1,0.576,173.7,0.0011,0.00102,2,Tốt
8.8,154.2,124.5,0.606,182.1,0.00101,0.00373,3,Trung bình
8.07,149.1,837.8,0.876,98.5,0.0132,0.0037,7,Trung bình
3.81,192.1,164.3,4.771,198.1,0.00778,0.00059,1858,Nguy hiểm
8.11,392.2,772.1,1.451,124.0,0.00629,0.00069,22,Trung bình
7.94,187.0,354.2,8.294,125.3,0.00643,0.00141,540,Nguy hiểm
5.16,366.1,232.7,1.85,122.2,0.00156,0.00812,711,Kém
7.26,634.0,267.9,1.538,190.8,0.01773,0.00083,326,Kém
5.12,93.0,983.0,0.706,812.3,0.00761,0.00781,20,Kém
7.72,205.1,256.0,1.393,43.3,0.18852,0.0118,6,Nguy hiểm
9.67,127.4,107.9,1.265,69.1,0.03159,0.00469,19,Kém
6.13,83.0,213.9,4.044,119.6,0.00797,0.00051,150,Trung bình
8.01,99.6,230.7,1.477,62.9,0.00337,0.00064,0,Tốt
7.47,127.6,329.2,0.982,51.8,0.00088,0.00142,13,Tốt
7.47,384.1,424.8,0.406,70.4,0.00249,0.00112,1156,Nguy hiểm
8.09,131.8,216.5,1.504,150.8,0.00627,0.00122,14,Tốt
3.56,184.2,458.2,1.065,1083.4,0.00654,0.00132,19,Nguy hiểm
7.41,128.9,134.4,1.71,64.1,0.00133,0.00048,22,Tốt
6.41,83.5,164.6,0.064,149.3,0.00035,0.00034,149,Trung bình
8.01,171.5,728.9,0.03,140.2,0.00025,0.00072,11,Trung bình
7.61,360.3,456.4,1.339,311.1,0.00312,0.00036,79,Trung bình
8.18,151.0,442.9,1.441,97.1,0.00743,0.00086,20,Tốt
9.7,124.0,405.1,1.971,215.7,0.03397,0.00895,18,Kém
8.09,84.5,398.9,1.261,155.6,0.0037,0.00049,6,Tốt
6.92,413.5,99.2,1.055,131.7,0.00275,0.00306,21,Trung bình
7.3,91.6,350.2,0.489,103.2,0.00649,0.00065,20,Tốt
7.81,326.2,1031.6,0.078,121.3,0.00182,0.00108,7,Trung bình
10.17,200.3,2158.7,1.594,375.6,0.01723,0.00109,373,Kém
7.13,118.2,207.6,3.426,357.0,0.00351,0.00134,20,Trung bình
7.14,166.0,271.2,1.26,73.8,0.00018,0.00076,2,Tốt
5.27,708.7,90.6,1.96,628.3,0.02772,7e-05,18,Kém
7.15,138.4,224.6,1.053,190.9,0.00304,0.00141,8,Tốt
7.25,215.0,286.2,1.725,95.1,0.00447,0.00081,7,Tốt
10.15,618.2,1575.8,1.287,157.8,0.00623,0.00057,471,Kém
7.83,178.2,2316.8,1.278,1350.0,0.0078,0.0217,3656,Nguy hiểm
6.79,344.7,1663.4,4.413,141.5,0.0057,0.00527,16,Kém
9.68,412.2,1624.8,4.364,169.6,0.0046,0.00488,10,Kém
7.15,98.8,141.1,1.505,169.3,0.00439,0.0011,16,Tốt
7.26,208.5,100.4,4.269,764.3,0.0312,0.00087,152,Kém
8.87,108.1,107.4,1.062,133.7,0.00625,0.00344,10,Trung bình
7.6,342.8,904.5,1.212,72.5,0.0742,0.00768,24,Nguy hiểm
7.78,136.1,1586.0,1.827,168.4,0.0207,0.00816,4981,Nguy hiểm
8.12,163.5,185.1,1.94,86.3,0.00359,0.00034,13,Tốt
7.41,389.5,487.6,3.889,217.1,0.01426,0.00129,23,Trung bình
10.05,191.3,1894.7,0.556,620.7,0.02372,0.00063,92,Kém
11.36,401.2,300.6,7.296,186.2,0.00719,0.00124,20,Nguy hiểm
7.3,106.6,296.2,0.511,162.6,0.00771,0.0007,11,Tốt
9.78,164.9,1893.8,0.682,830.0,0.00127,0.00071,114,Kém
6.21,96.9,192.5,1.497,173.3,0.06783,0.00076,179,Nguy hiểm
6.92,124.1,404.7,1.592,75.6,0.00492,0.00083,8,Tốt
7.15,133.7,343.9,0.588,181.3,0.00724,0.00127,7,Tốt
10.26,211.3,1521.5,4.38,150.8,0.00787,0.00082,759,Kém
7.33,419.3,101.3,7.668,95.5,0.17284,0.00073,72,Nguy hiểm
8.03,164.0,220.7,1.707,219.7,0.00079,0.00039,0,Tốt
8.89,542.2,86.2,4.919,747.9,0.0346,0.00079,2,Kém
7.09,197.6,858.2,1.067,109.8,0.01164,0.00105,98,Trung bình
10.29,548.0,975.0,1.135,82.1,0.02165,0.00728,10,Kém
6.73,195.8,325.9,0.056,66.7,0.0138,0.00287,12,Trung bình
7.05,104.9,370.7,1.533,117.7,0.00634,0.00028,4,Tốt
8.04,136.8,339.2,1.315,188.0,0.00206,0.00088,14,Tốt
7.4,140.6,2156.1,5.245,153.4,0.00357,0.00135,635,Nguy hiểm
9.75,206.5,993.6,4.328,184.9,0.02577,0.00116,4,Kém
9.94,81.7,334.9,1.702,307.6,0.02273,0.00868,408,Kém
7.06,187.9,91.9,3.987,103.7,0.00669,0.00327,18,Trung bình
9.76,199.1,1797.5,1.418,180.9,0.03258,0.0002,266,Kém
7.08,91.1,217.2,1.378,156.0,0.00726,0.00056,9,Tốt
6.84,181.5,331.4,1.638,775.9,0.03422,0.00043,484,Kém
7.82,98.8,293.5,0.381,124.0,0.00243,0.00111,3,Tốt
8.64,180.7,410.1,3.487,59.0,0.00634,0.00041,107,Trung bình
7.0,216.4,485.6,1.978,152.2,0.01358,0.00136,152,Trung bình
7.76,209.9,171.0,1.16,87.7,0.00158,0.0011,2,Tốt
7.34,211.1,1049.2,1.308,166.2,0.01443,0.00089,79,Trung bình
7.19,307.7,419.0,1.589,181.5,0.00425,0.00116,73,Trung bình
7.77,337.2,769.4,1.157,125.6,0.00535,0.00053,57,Trung bình
7.2,114.4,746.3,0.538,212.8,0.00256,0.00316,177,Trung bình
7.87,119.1,721.9,3.378,157.1,0.00359,0.0031,2,Trung bình
7.11,204.7,348.3,1.656,131.1,0.0057,3e-05,21,Tốt
7.45,420.1,288.3,1.792,1400.0,0.00056,0.00067,15,Nguy hiểm
3.86,197.4,434.6,0.041,378.5,0.0,0.00022,592,Nguy hiểm
6.9,84.5,951.6,0.766,182.1,0.00086,0.00344,23,Trung bình
11.61,703.9,244.5,0.044,47.8,0.0015,0.00259,8,Nguy hiểm
6.86,192.1,402.4,0.65,83.5,0.00277,0.00028,16,Tốt
7.68,146.2,2170.3,0.598,1292.9,0.03258,0.00085,5,Nguy hiểm
7.77,90.2,176.9,1.239,41.2,0.0007,0.0003,11,Tốt
10.02,707.5,399.4,0.515,210.5,0.03482,0.00137,23,Kém
7.74,101.3,119.2,1.203,105.6,0.00525,0.00021,4,Tốt
7.62,186.7,251.3,0.061,1325.7,0.01355,0.00072,2,Nguy hiểm
7.37,187.1,422.9,1.449,98.4,0.00183,0.00017,3,Tốt
7.07,209.8,244.3,1.453,169.7,0.00122,0.00146,17,Tốt
7.71,157.6,171.7,0.864,76.0,0.00471,0.00013,6,Tốt
7.2,151.2,380.7,1.104,159.5,0.00783,0.00134,18,Tốt
8.75,398.1,260.7,0.453,174.1,0.00044,0.00246,3,Trung bình
6.75,198.8,1086.6,0.924,103.3,0.00528,0.00102,77,Trung bình
10.28,152.3,352.6,0.595,1126.5,0.01421,0.00545,2,Nguy hiểm
7.12,336.6,376.8,1.687,108.2,0.17895,0.04089,144,Nguy hiểm
7.0,208.7,339.9,1.926,124.5,0.00204,0.00013,16,Tốt
5.17,564.1,239.2,4.253,194.4,0.02059,0.0014,15,Kém
8.06,109.9,346.4,1.245,323.5,0.05904,0.00029,21,Nguy hiểm
10.18,115.9,1836.6,1.114,159.6,0.01614,0.00106,652,Kém
5.18,671.4,362.7,4.253,711.0,0.00607,0.00035,2,Kém
11.83,575.9,2773.5,1.268,116.2,0.00506,0.00013,1,Nguy hiểm
10.86,168.2,2274.2,1.779,217.1,0.09121,0.0005,1407,Nguy hiểm
7.47,190.9,285.5,1.223,125.0,0.00227,0.00022,20,Tốt
5.16,579.8,905.2,0.8,172.0,0.00634,0.00069,471,Kém
8.17,119.4,364.1,4.26,159.6,0.00404,0.00053,4546,Nguy hiểm
3.45,89.8,723.8,1.307,122.6,0.19507,0.00894,8,Nguy hiểm
7.94,619.2,2022.2,1.481,195.9,0.00124,0.00057,396,Kém
3.94,580.7,270.7,0.863,86.8,0.00011,0.00038,4652,Nguy hiểm
6.04,193.2,299.0,0.676,157.1,0.0025,0.00316,143,Trung bình
5.37,632.2,1882.4,0.989,84.3,0.00658,0.00142,712,Kém
5.4,153.8,402.5,0.502,836.2,0.00267,0.00652,550,Kém
7.31,406.8,841.9,6.873,166.8,0.00174,0.00105,21,Nguy hiểm
6.97,714.5,2165.6,1.557,284.7,0.00342,0.00132,4158,Nguy hiểm
7.71,166.3,490.8,0.088,367.3,0.00211,0.00085,24,Trung bình
7.96,526.3,109.5,0.036,779.7,0.02107,0.00141,657,Kém
7.1,400.3,235.0,0.524,99.6,0.00693,0.00063,160,Trung bình
8.04,403.0,498.8,0.827,382.4,0.0107,0.00061,2,Trung bình
11.57,145.5,95.8,0.822,1240.4,0.00669,0.00109,3361,Nguy hiểm
6.06,936.1,205.6,0.753,1178.6,0.00518,0.00056,4695,Nguy hiểm
5.31,209.0,1560.2,4.571,170.0,0.0235,0.00051,9,Kém
8.68,148.4,232.1,1.728,394.1,0.00723,3e-05,11,Trung bình
6.14,117.0,449.4,1.195,154.3,0.01309,0.00071,1,Trung bình
7.22,387.3,905.6,0.41,136.0,0.01114,0.00131,12,Trung bình
6.34,88.7,448.4,1.288,404.5,0.00142,0.00115,11,Trung bình
6.8,140.9,916.8,0.059,141.8,0.00182,0.0,14,Trung bình
7.77,178.0,3185.1,0.814,210.0,0.08275,0.00148,24,Nguy hiểm
6.26,171.6,753.6,1.746,54.5,0.01354,0.00017,15,Trung bình
6.74,215.8,466.8,1.877,771.6,0.02413,0.00489,25,Kém
10.03,716.1,1846.3,1.348,388.0,0.00297,0.00045,841,Kém
7.5,165.9,163.3,1.27,161.2,0.00116,0.00063,12,Tốt
7.92,139.9,794.2,0.624,166.9,0.01357,0.0029,19,Trung bình
6.9,428.9,96.8,1.151,194.5,0.00528,0.00322,89,Trung bình
8.03,135.7,383.9,0.705,59.1,0.00337,0.00058,11,Tốt
8.98,88.2,977.8,1.314,74.0,0.00701,0.00025,22,Trung bình
6.79,120.0,295.1,1.901,103.9,0.00738,0.00096,20,Tốt
6.84,178.0,109.3,0.473,185.0,0.00519,0.00046,2,Tốt
8.79,87.8,92.7,1.836,157.8,0.00499,0.00306,120,Trung bình
7.98,662.2,325.2,0.433,1116.0,0.00551,0.00101,780,Nguy hiểm
7.15,133.7,381.3,1.435,199.6,0.00572,0.00123,4,Tốt
6.77,404.8,415.0,0.934,345.7,0.13363,0.00226,15,Nguy hiểm
3.76,319.2,114.6,0.338,77.1,0.00068,0.0403,22,Nguy hiểm
7.04,360.5,950.2,0.631,169.0,0.00097,0.00123,127,Trung bình
5.3,83.0,1929.0,3.12,80.9,0.04124,0.00055,806,Kém
4.29,523.5,169.2,1.153,1389.0,0.00502,0.00026,2141,Nguy hiểm
6.87,178.3,92.6,1.008,124.5,9e-05,0.00141,20,Tốt
8.0,551.5,451.5,1.31,79.3,0.17248,0.00369,2,Nguy hiểm
7.45,157.5,718.7,1.052,105.8,0.00356,0.00059,99,Trung bình
8.17,157.0,330.4,1.327,108.2,0.00552,0.00093,9,Tốt
7.16,135.7,366.1,0.912,162.6,0.0071,0.00052,24,Tốt
8.6,357.5,151.3,0.63,140.7,0.00618,0.00048,153,Trung bình
8.84,204.5,317.4,1.163,391.7,0.00737,0.00299,8,Trung bình
7.71,98.3,308.7,1.506,109.8,0.00433,0.00146,15,Tốt
8.19,143.0,273.3,1.623,46.9,0.00429,0.00134,14,Tốt
6.22,83.4,87.9,1.956,133.4,0.01441,0.00045,24,Trung bình
7.17,104.4,96.3,0.341,678.9,0.00708,0.00834,472,Kém
11.19,82.0,181.6,4.527,814.6,0.01171,0.00103,7,Nguy hiểm
8.09,186.2,115.8,1.844,141.7,0.00368,0.00122,15,Tốt
7.04,326.1,445.6,0.934,157.7,0.1775,0.00016,3812,Nguy hiểm
7.54,138.2,841.0,3.597,308.3,0.00658,0.00133,18,Trung bình
7.19,176.7,731.2,1.066,183.7,0.01291,0.00023,18,Trung bình
6.89,130.3,344.4,1.185,80.1,0.00544,0.00076,5,Tốt
6.98,687.9,345.7,0.87,520.5,0.005,0.00505,5,Kém
7.19,153.7,396.9,1.499,219.0,0.00269,0.00068,17,Tốt
6.82,110.8,387.0,1.663,120.2,0.00583,0.00067,16,Tốt
7.4,358.3,94.7,6.003,158.4,0.00425,0.00077,8,Nguy hiểm
6.89,88.9,462.9,1.167,138.9,0.0072,4e-05,3,Tốt
7.78,170.3,294.8,0.385,681.6,0.00543,0.02673,16,Nguy hiểm
7.19,126.7,208.7,1.133,203.5,0.00662,0.00059,17,Tốt
7.67,209.0,221.2,0.77,112.8,0.00419,0.0008,1,Tốt
6.71,650.4,2078.0,1.406,644.9,0.00474,0.00512,3,Kém
7.74,134.1,494.3,0.641,50.5,0.00785,0.00102,1,Tốt
8.07,645.5,359.4,0.85,206.8,0.026,0.00079,869,Kém
11.98,153.1,370.5,0.07,1216.4,0.00109,0.00229,15,Nguy hiểm
6.95,174.5,316.7,1.644,75.4,0.00561,0.00122,4,Tốt
7.89,125.9,1810.0,3.787,648.4,0.0205,0.00111,577,Kém
6.86,131.3,399.0,0.739,104.8,0.00758,0.00126,18,Tốt
6.75,546.0,388.7,0.645,781.6,0.02365,0.00872,12,Kém
9.0,640.4,2043.4,0.944,572.2,0.00768,0.0069,24,Kém
10.17,167.5,1933.8,3.263,142.5,0.00486,0.00638,795,Kém
7.79,179.7,382.8,3.171,185.1,0.0006,0.02637,781,Nguy hiểm
6.96,101.9,2169.7,3.974,626.9,0.00762,0.0045,551,Kém
7.58,679.2,2112.0,4.926,635.9,0.00051,0.00038,4,Kém
8.19,104.5,243.1,4.836,216.8,0.18945,0.00053,5,Nguy hiểm
6.89,145.4,3005.7,4.923,111.4,0.1372,0.00137,4,Nguy hiểm
4.13,133.7,240.2,1.042,1391.1,0.18129,0.0023,13,Nguy hiểm
6.21,86.0,415.4,0.601,404.8,0.00697,0.00079,148,Trung bình
6.92,142.3,193.2,1.419,50.1,0.00119,0.00098,7,Tốt
7.5,546.9,474.3,4.627,200.1,0.0397,0.00775,14,Kém
6.9,136.3,459.8,1.012,135.6,0.00348,0.00042,14,Tốt
8.12,117.3,336.1,1.898,209.5,0.00578,0.00119,23,Tốt
7.9,119.4,1630.0,1.029,663.8,0.04041,0.00057,674,Kém
8.58,161.6,88.0,0.952,178.4,0.01695,0.0006,1435,Nguy hiểm
7.64,115.0,1511.4,4.553,758.3,0.04287,0.00149,16,Kém
7.85,196.2,359.5,1.205,110.3,0.00776,8e-05,20,Tốt
7.85,100.3,466.5,0.635,200.6,0.0037,7e-05,15,Tốt
7.84,214.4,338.7,0.359,70.8,0.00501,0.00132,1,Tốt
6.82,87.3,249.9,1.181,155.7,0.00526,0.00078,9,Tốt
9.0,96.1,464.5,4.387,112.9,0.00293,0.00351,1871,Nguy hiểm
3.92,198.0,1809.7,0.817,116.8,0.00612,0.00095,89,Nguy hiểm
10.25,141.0,152.8,0.608,186.9,0.00161,0.02597,16,Nguy hiểm
7.15,112.6,386.7,0.998,82.1,0.00063,0.0003,10,Tốt
7.46,217.9,2819.6,0.34,1118.7,0.11015,0.00021,810,Nguy hiểm
7.09,370.6,370.3,4.505,640.3,0.03461,0.00119,280,Kém
7.47,141.8,179.8,1.092,113.5,0.00151,0.00135,3,Tốt
6.37,169.3,493.9,0.686,191.1,0.00592,0.00039,59,Trung bình
6.7,137.4,291.6,0.646,379.9,0.01116,8e-05,121,Trung bình
4.73,162.8,951.5,0.526,202.3,0.11892,0.00284,3,Nguy hiểm
11.98,158.0,2711.1,8.732,762.4,0.00182,0.00144,19,Nguy hiểm
7.13,186.0,1044.4,1.235,277.4,0.00728,0.00356,22,Trung bình
6.76,150.6,2110.4,0.378,537.2,0.01331,0.0076,20,Kém
7.33,151.3,328.8,0.644,107.6,0.00237,0.00069,6,Tốt
7.12,129.2,402.1,0.938,95.6,0.00617,0.00013,21,Tốt
7.11,81.7,433.1,0.631,511.7,0.00363,0.02235,4126,Nguy hiểm
6.39,203.4,1062.1,1.174,190.9,0.00592,0.00113,1,Trung bình
10.29,542.0,389.5,4.388,87.9,0.01352,0.00088,25,Kém
7.41,92.2,134.3,3.816,146.1,0.01418,0.00092,139,Trung bình
6.81,171.8,229.4,3.186,203.4,0.01221,0.00288,25,Trung bình
7.91,112.4,165.1,1.221,144.5,0.00268,0.00015,1,Tốt
7.65,85.5,239.8,5.231,1248.7,0.00026,0.03107,2150,Nguy hiểm
7.38,177.3,447.5,3.75,1292.1,0.15131,0.00112,127,Nguy hiểm
6.96,585.9,93.1,0.557,715.9,0.04255,6e-05,501,Kém
8.16,135.2,169.2,1.411,556.4,0.0853,0.00377,716,Nguy hiểm
5.2,181.8,1549.7,0.451,119.3,0.00619,0.00121,850,Kém
7.87,533.3,376.1,4.905,111.6,0.01883,0.00641,19,Kém
9.72,334.5,1566.6,4.474,175.1,0.0428,0.00052,14,Kém
7.06,169.4,200.7,1.944,125.2,0.00241,0.0014,19,Tốt
4.45,116.2,85.0,1.679,1184.0,0.04117,0.0088,6,Nguy hiểm
6.75,560.1,410.3,4.897,139.9,0.00758,0.00046,3507,Nguy hiểm
7.32,214.1,138.7,0.045,203.3,0.0143,0.00013,18,Trung bình
8.01,176.9,252.7,0.621,1060.9,0.00091,0.00285,23,Nguy hiểm
7.08,641.4,1834.3,1.812,641.8,0.00608,0.00316,10,Kém
5.43,639.4,421.8,1.482,686.6,0.00691,0.00086,1,Kém
6.75,644.8,318.7,4.726,608.7,0.03826,0.00085,17,Kém
8.04,134.8,334.5,0.406,83.8,0.09838,0.00321,3197,Nguy hiểm
7.13,214.7,378.4,1.144,189.6,0.01191,0.02085,167,Nguy hiểm
7.82,165.4,99.3,9.284,124.6,0.09243,0.00129,15,Nguy hiểm
7.43,123.1,202.8,3.949,255.2,0.0079,0.00053,5,Trung bình
7.85,160.4,980.8,3.638,135.1,0.00602,0.00337,22,Trung bình
6.81,127.2,205.4,0.446,94.4,4e-05,0.00034,25,Tốt
7.27,414.0,330.3,4.828,45.6,0.02118,0.00122,228,Kém
7.93,175.1,342.5,1.722,174.6,0.00775,0.00051,13,Tốt
7.55,121.4,263.1,1.493,107.3,0.00442,0.00133,12,Tốt
8.19,92.2,786.1,1.941,394.5,0.00375,0.00321,2,Trung bình
6.78,102.5,264.4,0.591,175.9,0.00699,0.0014,12,Tốt
4.63,175.4,358.3,0.03,81.8,0.00592,0.00132,2981,Nguy hiểm
6.74,211.5,1929.4,4.344,740.6,0.00711,0.00117,893,Kém
7.01,96.0,423.5,0.078,390.7,0.00385,0.02209,2266,Nguy hiểm
7.57,331.4,152.7,0.368,97.0,0.10991,0.00092,12,Nguy hiểm
7.16,118.2,389.3,1.53,176.8,0.00275,0.0005,14,Tốt
8.8,195.0,753.3,0.057,198.6,0.00195,7e-05,20,Trung bình
8.57,321.6,888.5,0.46,160.5,0.0075,0.00105,10,Trung bình
7.34,187.3,261.6,1.657,52.7,0.00495,0.00121,4,Tốt
6.99,131.3,110.8,1.407,211.7,0.00312,0.00108,23,Tốt
8.02,176.8,345.6,3.422,61.8,0.11033,0.00131,3,Nguy hiểm
6.79,377.3,364.1,4.528,605.3,0.00691,0.00552,14,Kém
6.84,172.4,323.8,1.025,380.0,0.18433,0.03945,120,Nguy hiểm
6.99,122.3,150.0,1.881,400.1,0.0009,0.00113,153,Trung bình
6.88,111.4,147.9,0.306,125.7,0.01149,0.00042,88,Trung bình
8.19,97.6,108.3,0.528,154.1,0.00769,0.0002,8,Tốt
5.13,179.8,1668.7,3.658,580.9,2e-05,0.00129,243,Kém
7.84,102.9,307.7,0.694,111.0,0.02241,0.00578,840,Kém
7.38,189.6,218.8,7.557,67.0,0.00111,0.04759,16,Nguy hiểm
8.73,180.3,276.5,1.39,49.3,0.00647,0.00337,14,Trung bình
6.21,427.8,482.7,1.134,213.8,0.00296,0.00022,4,Trung bình
8.03,86.1,155.6,1.086,184.3,0.00041,0.00041,15,Tốt
9.95,670.1,1794.5,4.269,193.1,0.00474,0.00143,8,Kém
7.16,207.4,1042.5,0.034,89.5,0.01215,0.00044,21,Trung bình
6.99,162.0,723.9,1.374,110.5,0.01378,0.00307,11,Trung bình
7.87,100.1,420.1,0.806,142.1,0.00714,0.00138,4,Tốt
7.91,139.2,379.9,1.688,81.0,0.00143,0.00131,17,Tốt
7.98,197.3,1955.1,1.084,630.5,0.02694,0.00117,655,Kém
7.95,123.1,363.4,1.015,118.9,0.00612,0.00128,18,Tốt
7.25,124.0,439.2,1.333,157.1,0.00485,0.00123,9,Tốt
11.4,142.0,383.4,3.776,57.3,0.14216,0.0005,2479,Nguy hiểm
5.21,647.3,478.6,1.694,725.9,0.00518,0.00098,12,Kém
6.2,108.3,770.7,1.796,143.2,0.00305,0.0032,21,Trung bình
6.87,135.5,317.1,0.402,127.8,0.00778,0.00018,12,Tốt
7.02,384.8,154.0,0.943,1141.4,0.00184,0.00014,22,Nguy hiểm
7.53,191.7,1847.4,4.476,138.0,0.01989,0.00372,321,Kém
7.4,109.4,264.5,1.081,82.5,0.00484,8e-05,17,Tốt
7.47,155.4,221.1,1.666,387.9,0.01123,0.00078,8,Trung bình
6.02,213.0,778.5,1.202,68.3,0.00167,0.00075,20,Trung bình
7.01,104.8,1086.8,0.726,90.6,0.01255,0.00031,18,Trung bình
7.79,82.4,290.0,0.689,56.8,0.00757,0.00136,16,Tốt
6.84,141.1,375.4,1.39,74.5,0.00269,8e-05,19,Tốt
6.79,182.3,96.4,1.75,60.2,0.00667,0.00311,81,Trung bình
7.46,88.2,310.8,1.324,175.9,0.00241,0.00078,0,Tốt
7.14,196.1,403.1,1.517,631.2,0.02076,0.00011,759,Kém
7.81,201.8,321.9,0.659,1078.3,0.00055,0.00058,126,Nguy hiểm
6.28,82.3,271.1,1.075,258.4,0.00448,0.00065,7,Trung bình
6.87,126.0,1068.1,0.047,200.0,0.00725,0.00035,10,Trung bình
7.64,667.1,1946.0,0.781,348.1,0.00324,0.00057,589,Kém
5.15,531.6,169.4,1.264,824.6,0.00301,0.00083,506,Kém
7.76,199.5,2096.7,1.436,717.1,0.03921,6e-05,13,Kém
4.75,130.9,474.2,0.403,81.6,0.15754,0.00039,10,Nguy hiểm
7.87,154.2,1096.3,0.564,196.3,0.00663,0.00353,23,Trung bình
8.14,183.5,458.6,1.608,139.8,0.00791,0.00071,8,Tốt
7.05,173.2,418.0,0.545,65.8,0.02178,0.00794,819,Kém
7.57,211.8,369.7,1.643,77.2,0.00586,0.0011,8,Tốt
7.61,193.3,727.6,0.025,112.7,0.01096,0.00134,24,Trung bình
7.75,106.5,430.1,1.113,96.0,0.01122,0.00131,177,Trung bình
7.81,186.6,969.7,0.072,79.2,0.00352,0.0031,11,Trung bình
6.8,584.8,2042.6,1.613,208.0,0.00723,0.00515,622,Kém
8.92,142.3,947.9,0.321,91.0,0.00071,0.00146,170,Trung bình
7.43,132.6,115.9,0.686,377.4,0.005,0.00011,180,Trung bình
7.39,195.1,277.4,4.661,111.6,0.19028,0.00025,3,Nguy hiểm
6.02,135.2,197.7,1.942,172.2,0.10772,0.00036,9,Nguy hiểm
8.12,126.7,852.0,1.876,101.0,0.01163,0.00149,23,Trung bình
7.42,157.6,106.3,1.095,66.0,0.01156,0.00115,143,Trung bình
7.26,377.9,344.9,0.516,193.9,0.01093,0.00046,21,Trung bình
7.26,195.8,239.6,3.82,1207.9,0.0039,0.0022,18,Nguy hiểm
5.14,170.4,2139.8,4.639,107.9,0.00683,0.04728,23,Nguy hiểm
4.18,619.4,162.7,1.124,83.0,0.00044,0.00038,14,Nguy hiểm
7.57,539.2,1823.9,0.774,66.9,0.04287,0.00488,11,Kém
8.17,135.5,232.6,0.397,133.5,0.09733,0.04346,18,Nguy hiểm
7.68,526.5,454.2,1.149,1382.7,0.00544,0.00014,13,Nguy hiểm
6.3,106.1,373.4,1.948,111.7,0.01366,0.00103,93,Trung bình
8.03,185.8,459.5,0.498,269.9,0.01069,0.0316,1792,Nguy hiểm
11.08,705.3,2544.7,1.841,213.2,0.00345,0.0001,11,Nguy hiểm
6.77,178.7,988.4,6.736,115.9,0.02066,0.00091,23,Nguy hiểm
7.69,530.5,1855.8,1.641,543.5,0.00344,0.00048,860,Kém
7.86,191.7,1960.0,0.635,74.9,0.00749,0.04141,12,Nguy hiểm
7.15,325.9,1866.8,4.501,180.9,0.002,9e-05,463,Kém
7.46,171.8,471.6,1.574,119.5,0.00567,0.00149,12,Tốt
7.24,121.2,348.3,0.701,59.4,0.00418,0.00012,13,Tốt
7.34,199.7,2983.4,0.064,138.4,0.13063,0.04899,16,Nguy hiểm
6.82,659.0,205.5,4.751,99.6,0.02195,0.00054,697,Kém
9.64,101.2,2506.5,1.314,134.3,0.06901,0.0011,69,Nguy hiểm
7.15,155.7,135.8,1.249,216.2,0.00463,0.00035,13,Tốt
7.67,151.0,131.7,1.627,82.8,0.00722,0.00116,13,Tốt
7.3,117.5,148.2,0.984,118.1,0.00082,0.00115,20,Tốt
7.54,126.9,995.1,0.865,210.4,0.00531,7e-05,118,Trung bình
6.86,148.8,472.5,1.037,86.2,0.00786,0.0004,3,Tốt
7.31,703.6,1593.7,1.496,132.9,0.00289,0.0013,514,Kém
7.42,191.6,177.4,1.371,104.1,0.01833,0.03044,7,Nguy hiểm
7.43,113.3,120.4,3.312,41.5,0.01318,0.00339,7,Trung bình
6.94,103.5,387.5,0.939,195.2,0.00232,0.00079,24,Tốt
7.66,603.3,394.5,1.091,1386.1,0.00189,0.02142,687,Nguy hiểm
7.33,88.3,434.9,1.791,47.1,0.00628,0.00037,25,Tốt
7.43,315.9,371.6,7.191,162.9,0.06299,0.00104,18,Nguy hiểm
9.65,185.8,1929.1,1.126,218.7,0.02347,0.00818,0,Kém
7.01,159.0,394.9,1.913,117.7,0.00406,0.00011,0,Tốt
8.13,173.1,141.1,4.172,316.9,0.00058,0.00134,22,Trung bình
5.24,422.0,137.0,4.368,569.5,0.00697,0.00569,22,Kém
8.08,184.7,491.7,0.54,320.9,0.00409,0.00261,22,Trung bình
8.01,326.1,1028.8,0.576,70.0,0.01094,0.00053,16,Trung bình
6.82,192.2,487.0,0.494,194.8,0.00239,0.00142,19,Tốt
7.21,180.0,437.4,1.879,198.5,0.00743,0.00101,10,Tốt
6.91,184.1,321.3,0.878,180.4,0.00201,0.00045,17,Tốt
7.73,173.4,368.9,0.903,58.1,0.01183,0.00275,16,Trung bình
8.05,120.5,209.3,0.762,109.1,6e-05,0.00017,13,Tốt
7.27,130.5,87.0,0.41,217.8,0.17454,4e-05,3694,Nguy hiểm
7.02,104.7,322.7,1.476,72.1,0.00402,0.00084,12,Tốt
7.08,115.6,100.0,7.806,829.2,0.01296,0.00091,18,Nguy hiểm
9.66,218.8,122.1,0.907,668.0,0.03041,0.00594,6,Kém
5.37,111.0,1817.7,0.642,541.3,0.00255,0.00071,553,Kém
7.25,185.3,496.4,1.215,1394.5,0.04115,0.00109,14,Nguy hiểm
7.37,125.3,434.0,0.079,330.7,0.00648,0.00133,21,Trung bình
4.83,83.4,752.1,1.698,1336.9,0.00299,0.04241,21,Nguy hiểm
7.7,98.1,114.0,1.831,140.6,0.002,0.00016,5,Tốt
7.07,355.0,158.5,1.892,179.9,0.01302,0.00032,112,Trung bình
7.66,170.2,89.1,1.512,140.3,0.0011,0.00141,15,Tốt
7.54,886.8,301.8,3.561,142.5,0.1771,0.00136,547,Nguy hiểm
7.65,83.0,443.1,3.782,411.7,0.01393,0.00019,25,Trung bình
4.38,147.6,358.1,9.281,97.3,0.02713,0.0009,141,Nguy hiểm
5.19,179.3,181.7,4.692,626.5,0.03712,0.00325,20,Kém
6.73,181.1,841.6,1.135,326.6,0.00633,0.00085,59,Trung bình
7.45,310.3,354.4,3.885,127.1,0.13528,0.00088,71,Nguy hiểm
7.48,167.2,478.7,1.302,219.7,0.00224,0.00147,17,Tốt
7.63,174.8,325.2,0.613,153.5,0.00363,0.001,23,Tốt
7.77,113.7,184.2,0.987,45.3,0.01067,0.00127,63,Trung bình
8.1,202.5,2086.5,4.65,205.2,0.0404,0.00868,14,Kém
6.23,203.0,336.5,1.087,259.2,0.0064,0.00109,22,Trung bình
6.27,101.5,382.3,1.409,54.4,0.00036,0.00021,177,Trung bình
9.68,182.6,223.6,4.278,62.9,0.04039,0.00014,434,Kém
6.95,168.6,180.7,3.283,150.7,0.00593,0.00099,136,Trung bình
7.89,110.7,337.3,1.591,141.4,0.0015,0.00091,1,Tốt
11.0,163.5,107.4,7.794,48.9,0.00303,0.0004,13,Nguy hiểm
9.88,646.1,1518.7,1.352,74.9,9e-05,0.00124,23,Kém
9.02,364.1,170.7,0.482,74.6,0.00718,0.00026,24,Trung bình
9.97,182.7,1515.4,4.222,416.3,0.01973,0.00102,17,Kém
7.84,323.6,1765.1,4.739,144.0,0.03934,0.0012,15,Kém
10.02,209.9,272.0,1.834,1334.4,0.0002,0.00095,10,Nguy hiểm
4.85,162.4,385.3,1.266,115.8,0.06523,0.00135,22,Nguy hiểm
7.26,102.8,359.2,0.711,66.3,0.00403,0.00058,8,Tốt
6.73,116.8,83.4,0.49,167.5,0.00053,0.00132,9,Tốt
7.77,376.2,98.6,0.477,197.8,0.00368,0.00325,13,Trung bình
7.06,353.0,270.0,1.635,173.1,0.00272,0.01656,8,Nguy hiểm
6.7,166.3,469.5,0.928,130.0,0.00354,0.00128,10,Tốt
7.06,134.2,161.9,0.76,98.7,0.00666,0.00019,15,Tốt
7.55,192.6,1039.4,4.46,844.7,0.0067,0.0006,632,Kém
7.92,332.9,912.7,1.966,147.9,0.00384,7e-05,3974,Nguy hiểm
7.41,91.8,393.1,0.089,84.3,0.01163,0.00351,21,Trung bình
10.7,105.1,1686.2,0.887,91.0,0.02921,0.00049,9,Nguy hiểm
8.16,113.8,209.2,1.582,85.8,0.00785,0.00049,16,Tốt
6.99,175.4,487.8,0.743,87.4,0.00706,0.00087,9,Tốt
7.37,217.8,87.8,0.691,664.8,0.03596,0.00521,19,Kém
7.14,88.9,246.3,0.82,138.7,0.00407,0.00093,3,Tốt
6.83,205.2,480.3,1.373,576.5,0.01238,0.03641,2,Nguy hiểm
7.25,175.5,160.3,0.923,127.3,0.00564,0.00019,3,Tốt
7.07,199.0,338.1,1.417,94.1,0.00082,0.00103,3,Tốt
5.23,571.2,103.1,0.501,195.2,0.0296,0.00759,88,Kém
7.4,406.2,172.0,1.761,291.5,0.00528,0.00022,20,Trung bình
7.07,111.3,277.2,1.995,373.4,0.00427,0.0014,74,Trung bình
7.02,184.8,389.6,4.49,548.7,0.00713,0.00486,790,Kém
8.06,162.8,214.8,0.473,65.6,0.00188,0.00046,18,Tốt
7.18,217.2,431.6,0.434,151.7,0.00676,0.00114,15,Tốt
7.89,111.8,2023.0,4.663,626.4,0.04016,0.00311,8,Kém
7.7,92.5,334.4,1.97,150.6,0.00501,3e-05,3,Tốt
9.05,373.3,245.1,1.32,104.0,0.00346,0.00021,2,Trung bình
6.72,173.5,2160.4,4.523,121.7,0.09804,0.01672,0,Nguy hiểm
7.19,110.2,398.7,3.468,309.7,0.00244,0.00379,3,Trung bình
8.09,189.3,2204.3,0.885,184.7,0.00388,0.04097,1,Nguy hiểm
9.92,160.2,158.3,0.723,115.4,0.16539,0.00761,4261,Nguy hiểm
8.06,168.2,425.7,0.335,155.0,0.01922,0.0162,3551,Nguy hiểm
7.96,185.5,331.3,0.398,152.4,0.00567,0.00016,24,Tốt
9.91,148.3,2000.6,0.813,203.3,0.00624,0.00762,846,Kém
6.36,393.8,105.1,0.657,266.9,0.00284,0.00081,12,Trung bình
6.23,140.6,130.6,1.436,408.5,0.01234,0.00121,2,Trung bình
8.97,83.6,461.0,0.084,138.4,0.00692,0.00278,13,Trung bình
7.75,320.6,228.2,1.307,191.3,0.11123,0.00126,9,Nguy hiểm
7.67,601.0,2281.9,6.119,520.3,0.00403,2e-05,5,Nguy hiểm
9.69,643.1,484.0,1.476,64.9,0.00436,0.00477,220,Kém
6.72,360.4,392.3,1.378,49.9,0.01068,0.00315,8,Trung bình
6.92,603.7,238.3,0.342,624.6,0.00679,0.00116,855,Kém
7.51,90.7,264.5,4.559,632.9,0.04467,0.00044,107,Kém
8.08,412.7,305.8,1.515,49.5,0.00222,0.00036,108,Trung bình
4.81,139.7,224.9,0.349,1357.4,0.00668,0.02317,811,Nguy hiểm
5.13,88.4,1866.8,1.917,146.2,0.04211,0.00752,20,Kém
5.44,514.6,255.9,1.976,151.7,0.002,0.00542,12,Kém
7.07,205.0,88.3,1.909,116.2,0.00773,0.00046,23,Tốt
7.37,382.1,825.7,0.484,186.9,0.0043,0.0026,5,Trung bình
7.72,608.9,1773.6,1.553,73.3,0.00086,0.04801,4792,Nguy hiểm
7.9,178.6,308.2,4.53,770.7,0.04121,0.00676,16,Kém
8.96,542.4,2001.6,4.281,172.5,0.00212,0.00537,8,Kém
7.42,202.7,279.9,0.346,78.0,0.00537,0.00102,18,Tốt
7.96,536.2,875.0,1.633,740.7,0.03215,0.00025,13,Kém
6.8,116.3,437.3,7.312,96.3,0.00039,0.0159,17,Nguy hiểm
7.81,115.3,831.4,4.809,171.7,0.04324,0.0008,618,Kém
7.9,131.3,258.9,3.594,755.8,0.10206,0.00501,10,Nguy hiểm
8.92,84.8,1037.6,1.786,135.8,0.00617,0.00359,12,Trung bình
7.06,322.2,499.5,6.621,62.0,0.00621,0.00466,666,Nguy hiểm
10.03,158.2,359.1,3.627,159.2,0.03074,0.00143,513,Kém
7.34,145.9,359.1,1.784,218.0,0.1971,0.00522,12,Nguy hiểm
7.98,214.0,140.9,1.468,218.0,0.00373,0.00136,15,Tốt
7.83,376.8,981.5,7.51,195.5,0.02395,0.00016,15,Nguy hiểm
6.18,86.5,764.3,0.379,177.8,0.00127,0.00054,4,Trung bình
5.21,639.3,281.6,3.247,583.3,0.00632,0.0009,23,Kém
7.21,143.5,2625.4,6.504,206.9,0.00406,0.00131,18,Nguy hiểm
7.28,148.6,133.6,0.602,188.8,0.00336,0.00138,10,Tốt
7.38,84.4,127.0,1.995,142.1,0.08038,0.01916,470,Nguy hiểm
8.77,826.9,1887.9,1.734,193.2,0.15539,0.00041,8,Nguy hiểm
7.74,212.5,479.6,3.718,735.5,0.04093,0.0079,14,Kém
7.42,132.4,363.5,0.967,159.0,0.00719,0.0014,20,Tốt
6.76,162.1,447.0,0.897,165.0,0.00288,0.00077,23,Tốt
4.82,405.1,157.4,0.056,191.2,0.00135,0.00104,100,Nguy hiểm
7.18,645.0,1742.9,0.498,43.7,0.02795,0.00112,325,Kém
7.53,190.9,1049.8,1.691,78.5,0.00621,0.00374,166,Trung bình
8.87,109.2,1053.9,0.063,109.4,0.00535,0.0013,5,Trung bình
5.25,512.7,2129.4,1.979,100.5,0.00331,0.0006,21,Kém
7.39,140.6,214.5,0.847,69.7,0.00652,0.00144,22,Tốt
9.93,114.8,358.0,4.873,750.6,0.00421,0.0004,513,Kém
7.79,711.9,286.7,1.576,101.4,0.04469,0.0003,550,Kém
7.12,143.0,246.0,4.592,1390.4,0.00028,0.03953,3639,Nguy hiểm
7.62,172.5,138.5,1.376,360.8,0.00147,0.00347,78,Trung bình
7.91,312.2,787.4,0.042,123.8,8e-05,0.00045,4,Trung bình
9.03,155.9,353.3,0.457,46.7,0.01336,6e-05,5,Trung bình
11.05,115.3,1016.2,1.75,130.2,0.03917,0.0384,1,Nguy hiểm
7.94,219.9,765.7,0.815,345.1,0.00035,0.00031,19,Trung bình
6.4,213.8,222.9,1.847,53.5,0.00674,0.003,19,Trung bình
7.29,512.7,2196.6,1.818,125.8,0.02008,0.00137,781,Kém
6.99,148.7,886.9,0.741,189.5,0.01324,0.0036,8,Trung bình
6.9,164.5,434.8,1.225,171.1,0.0041,0.00044,6,Tốt
7.78,116.4,345.4,0.479,113.3,0.00672,0.00068,20,Tốt
7.55,104.7,130.0,3.584,120.7,0.00036,0.00029,158,Trung bình
7.59,392.3,973.3,1.117,300.9,0.00061,0.04124,6,Nguy hiểm
7.34,165.1,890.4,1.648,297.9,0.00355,0.0031,9,Trung bình
7.24,192.1,390.5,0.667,59.5,0.00256,0.00128,24,Tốt
5.43,149.3,108.5,4.532,213.4,0.03318,5e-05,434,Kém
8.08,209.7,952.0,0.426,807.2,0.02713,0.03697,20,Nguy hiểm
7.07,212.3,444.6,0.735,1099.4,0.00555,0.04079,13,Nguy hiểm
6.95,159.6,258.1,1.258,148.1,0.00102,0.00077,1,Tốt
7.16,200.5,80.9,1.229,196.6,0.00126,0.00077,23,Tốt
6.31,81.1,1065.2,1.989,138.3,0.00195,0.00336,4,Trung bình
7.36,614.2,284.4,0.851,802.7,0.03598,0.00019,444,Kém
7.49,196.2,738.7,1.772,70.8,0.00794,0.00295,153,Trung bình
8.09,623.5,245.3,0.527,759.5,0.03976,0.00146,1,Kém
6.88,932.4,173.4,1.724,184.2,0.04112,0.00758,1831,Nguy hiểm
6.91,118.4,739.2,0.049,190.2,0.0059,0.00037,180,Trung bình
6.82,206.8,251.0,1.497,138.3,0.0055,0.00116,5,Tốt
7.7,133.4,396.4,1.098,119.7,0.00773,0.00093,2,Tốt
7.18,92.1,272.6,1.604,55.5,0.00347,0.00121,21,Tốt
7.92,89.6,458.1,4.04,144.8,0.00565,0.00118,119,Trung bình
7.29,131.2,489.0,1.456,321.3,0.01184,0.00134,74,Trung bình
7.34,680.1,130.7,4.272,136.1,0.02263,0.00113,546,Kém
7.63,397.9,319.2,1.868,53.8,0.01362,0.00107,3,Trung bình
7.74,615.1,1913.2,4.207,717.9,0.00551,0.00134,13,Kém
6.26,82.8,387.4,3.769,710.5,0.13299,0.00106,22,Nguy hiểm
5.33,514.6,115.6,1.157,90.6,0.00044,0.00039,777,Kém
7.04,361.9,187.3,1.596,97.2,0.01313,0.00013,89,Trung bình
9.87,550.9,900.7,4.241,555.7,0.00608,0.00055,2,Kém
6.72,429.8,406.6,4.108,341.1,0.00107,0.00057,20,Trung bình
8.0,81.5,230.8,0.039,259.8,0.00461,0.00111,4,Trung bình
7.12,199.5,498.9,0.939,161.9,0.0038,0.00039,14,Tốt
7.71,594.5,428.2,0.43,846.1,0.04086,0.00093,14,Kém
7.19,420.6,427.7,3.312,42.9,0.01428,0.00115,11,Trung bình
7.76,160.6,256.4,1.507,82.0,0.00265,0.00055,0,Tốt
6.71,154.4,317.5,1.432,75.3,0.00518,0.00104,13,Tốt
6.82,85.7,1652.2,4.773,567.4,0.03241,0.00135,14,Kém
7.02,86.4,164.3,1.312,197.6,0.00556,0.00145,5,Tốt
7.87,577.7,2024.0,0.966,92.0,0.01259,0.0006,475,Kém
5.27,200.8,84.1,1.768,571.1,0.0352,0.00692,2,Kém
7.06,168.9,1732.1,1.583,218.5,0.07653,0.00571,14,Nguy hiểm
7.27,618.6,1610.1,1.063,612.9,0.00186,0.00115,3,Kém
7.93,125.3,936.3,1.684,286.9,0.00388,0.00042,18,Trung bình
7.52,195.5,892.9,0.075,170.1,0.00193,0.00078,165,Trung bình
6.97,208.9,292.5,0.379,192.1,0.00083,0.00018,3,Tốt
7.92,187.7,448.3,0.626,352.3,0.11773,2e-05,18,Nguy hiểm
6.73,114.0,117.9,1.028,403.3,0.01225,0.00277,9,Trung bình
6.94,129.3,2025.8,0.748,138.7,0.03063,3e-05,723,Kém
9.93,606.3,233.3,4.803,192.5,0.04337,0.00034,11,Kém
6.82,758.4,1072.5,0.883,206.7,0.17928,0.00046,5,Nguy hiểm
6.23,130.9,190.4,1.664,382.1,0.01097,0.00014,22,Trung bình
6.83,120.5,753.4,1.927,62.5,0.0108,0.00054,1,Trung bình
6.22,132.6,145.1,9.768,165.8,0.00231,0.00346,3875,Nguy hiểm
8.01,211.8,252.4,3.274,98.3,0.01415,0.00264,20,Trung bình
7.55,706.4,1581.0,0.856,143.7,0.00596,0.00057,262,Kém
7.74,569.9,457.3,0.815,172.9,0.03963,0.00535,773,Kém
6.74,133.7,2087.6,0.323,1338.8,0.15505,0.0011,15,Nguy hiểm
4.09,102.9,488.9,0.327,121.9,0.0023,0.00307,24,Nguy hiểm
7.1,382.1,399.0,0.913,108.1,0.01175,0.00273,21,Trung bình
7.79,147.1,132.2,4.802,124.2,0.03917,0.00272,880,Kém
7.4,81.2,87.2,0.402,126.1,0.01445,0.00288,123,Trung bình
6.76,90.7,128.5,0.908,107.8,0.00629,0.00059,10,Tốt
7.57,885.0,1019.4,8.076,56.9,0.00191,0.00116,341,Nguy hiểm
6.09,120.6,469.9,0.033,191.5,0.15443,0.00029,121,Nguy hiểm
5.16,703.8,1768.2,0.467,197.7,0.02675,0.00053,13,Kém
6.33,700.2,288.1,1.427,51.4,0.02119,0.00123,659,Kém
6.72,367.8,216.9,9.423,1179.1,0.00205,0.00107,1514,Nguy hiểm
5.35,80.5,1057.0,1.733,150.2,0.00292,1e-05,1635,Nguy hiểm
6.34,88.2,217.7,3.608,196.8,0.00173,0.00065,10,Trung bình
4.44,120.0,2624.4,1.831,63.0,0.00219,0.00027,7,Nguy hiểm
4.2,161.0,498.8,1.244,1166.2,0.14401,0.00034,14,Nguy hiểm
6.04,113.8,148.8,4.158,71.5,0.00215,0.0001,9,Trung bình
8.07,198.6,162.9,1.29,145.7,0.00462,0.0002,21,Tốt
7.05,158.6,350.7,0.992,169.0,0.00435,0.00051,3,Tốt
5.24,599.0,170.8,1.066,555.7,0.02264,0.00379,21,Kém
6.89,183.5,205.8,0.812,298.6,0.00345,0.00071,2582,Nguy hiểm
7.79,118.4,385.4,1.316,302.8,0.00632,0.00222,139,Trung bình
7.33,212.0,92.6,1.426,182.3,0.00246,0.0012,3,Tốt
6.71,81.5,169.6,1.663,109.3,0.00562,0.00136,24,Tốt
7.1,172.9,317.0,1.018,70.2,0.0062,0.00134,21,Tốt
7.54,177.7,103.2,1.457,98.2,0.00398,0.00046,8,Tốt
6.71,576.5,258.4,4.255,1324.3,0.07728,0.00011,22,Nguy hiểm
7.49,327.4,725.6,0.569,195.0,0.00693,0.00354,1,Trung bình
10.17,519.0,2103.0,0.572,683.2,0.00794,0.00142,6,Kém
7.31,318.8,88.1,4.566,609.8,0.02797,0.00143,20,Kém
7.52,118.0,480.6,0.628,365.1,0.0143,0.00012,19,Trung bình
7.97,90.1,969.6,0.086,207.1,0.00739,0.00311,23,Trung bình
7.85,212.4,469.8,0.685,197.8,0.00097,0.00065,19,Tốt
4.01,188.7,425.5,1.395,74.1,0.10518,0.00051,25,Nguy hiểm
10.26,674.1,88.5,0.79,209.2,0.04476,0.00269,390,Kém
7.45,104.9,427.9,1.35,211.4,0.00056,0.00011,4,Tốt
7.21,111.2,990.5,0.032,86.2,0.00431,6e-05,58,Trung bình
6.97,118.1,984.4,0.448,192.6,0.01311,0.00247,14,Trung bình
6.83,186.1,331.9,0.307,179.3,0.00152,0.00072,14,Tốt
7.04,107.3,433.5,3.314,89.4,0.012,0.0026,20,Trung bình
7.89,90.9,2809.1,9.154,176.2,0.00773,0.00031,4573,Nguy hiểm
9.67,114.7,2007.0,4.279,69.5,0.00167,0.00473,86,Kém
7.36,195.2,893.7,1.976,40.2,0.01175,0.00314,13,Trung bình
8.68,147.3,242.8,6.631,172.5,0.09659,0.00108,17,Nguy hiểm
6.85,92.3,498.4,0.613,160.4,0.00786,0.00071,25,Tốt
4.49,147.1,443.2,1.311,203.0,0.14175,0.01531,11,Nguy hiểm
10.03,200.0,337.5,5.672,145.8,0.17511,0.00148,8,Nguy hiểm
7.55,324.3,2275.2,1.884,1125.5,0.00463,0.0009,603,Nguy hiểm
4.24,111.3,287.4,1.897,366.0,0.00077,0.00354,22,Nguy hiểm
6.82,140.4,1904.6,1.178,1256.9,0.00792,0.00058,120,Nguy hiểm
8.06,131.5,2143.7,1.479,110.1,0.03552,0.0008,565,Kém
9.65,202.3,331.1,0.785,123.1,0.00188,0.03009,7,Nguy hiểm
7.19,118.6,279.5,1.852,87.8,0.01355,0.00283,11,Trung bình
9.08,134.7,749.2,0.671,122.1,0.00747,0.00031,16,Trung bình
7.69,115.4,236.0,1.317,80.5,0.00076,0.00036,12,Tốt
7.99,153.0,395.6,0.72,173.1,0.00208,0.00079,2,Tốt
7.17,396.1,170.5,4.058,42.6,0.0133,0.00055,13,Trung bình
7.47,515.9,953.9,4.876,139.7,0.01878,0.00075,353,Kém
6.83,118.9,296.2,0.306,51.0,0.00258,0.00057,1,Tốt
7.86,187.6,125.2,0.312,134.5,0.00568,0.03598,331,Nguy hiểm
8.97,131.5,134.3,3.381,155.2,0.002,0.00067,4,Trung bình
8.04,209.8,99.2,0.434,209.1,0.00779,0.00112,14,Tốt
9.04,132.3,159.5,1.607,107.7,0.01141,0.00073,8,Trung bình
5.37,168.5,132.6,4.369,79.4,0.11713,0.00011,18,Nguy hiểm
9.72,586.3,264.9,4.701,203.2,0.00049,0.00072,353,Kém
9.02,203.5,147.1,1.458,317.8,0.00199,0.00247,20,Trung bình
7.48,118.6,985.8,1.925,153.8,0.00114,0.00233,155,Trung bình
7.05,93.9,2188.0,0.416,53.5,0.02064,0.00037,551,Kém
7.53,179.1,387.5,1.024,63.9,0.00691,0.00055,19,Tốt
7.19,108.4,423.5,1.341,1121.6,0.00529,0.00352,21,Nguy hiểm
6.94,102.7,101.9,0.823,185.9,0.00546,0.00109,2,Tốt
5.32,194.6,489.6,9.314,1119.5,0.03439,0.00081,22,Nguy hiểm
7.71,180.8,352.7,1.847,66.5,0.00012,0.00048,23,Tốt
3.68,119.3,3103.4,1.308,1245.5,0.00099,0.00082,119,Nguy hiểm
8.1,81.3,116.8,0.53,115.6,0.00497,0.00118,6,Tốt
7.96,159.6,252.7,1.824,52.7,0.00062,0.00012,7,Tốt
7.05,143.3,255.7,0.049,259.5,0.01417,0.0001,20,Trung bình
6.76,602.0,131.4,8.634,184.0,0.05526,0.00032,0,Nguy hiểm
9.76,145.3,289.8,0.575,95.0,0.03471,0.00737,859,Kém
8.2,83.8,144.1,1.305,72.2,0.00129,0.0013,20,Tốt
6.89,109.2,345.5,0.355,119.1,0.0015,0.00077,20,Tốt
7.0,144.2,301.8,1.596,360.6,0.01094,0.00026,179,Trung bình
8.86,188.9,425.4,0.961,61.7,0.01415,0.00034,21,Trung bình
6.92,204.9,385.8,1.427,104.8,0.00538,0.00035,17,Tốt
5.16,80.3,187.4,4.382,99.8,0.01987,0.00036,856,Kém
8.99,161.3,183.5,9.547,55.4,0.01255,0.00013,11,Nguy hiểm
9.79,160.9,2054.4,1.762,41.5,0.0277,0.00057,4,Kém
9.61,566.4,440.0,0.613,283.8,0.01841,0.00088,13,Kém
4.22,198.4,365.1,9.994,151.6,0.15246,0.00092,109,Nguy hiểm
5.28,974.6,2417.7,0.576,1295.7,0.00216,0.00033,1,Nguy hiểm
5.39,398.2,235.2,4.639,529.1,0.00704,0.00521,16,Kém
6.84,131.2,409.9,0.611,131.2,0.0044,0.0014,4,Tốt
7.18,674.6,241.2,0.57,536.4,0.03432,0.00049,1,Kém
7.63,133.6,172.7,1.008,54.5,0.00348,6e-05,10,Tốt
6.76,133.4,464.4,1.964,204.4,0.0066,0.0005,8,Tốt
7.17,119.0,2034.1,1.465,116.3,0.00764,0.04585,10,Nguy hiểm
8.16,349.5,1758.0,4.352,211.6,0.0016,0.00022,744,Kém
7.77,123.4,322.7,1.284,185.9,0.0007,0.00016,6,Tốt
6.89,182.1,212.9,1.014,46.9,0.00085,0.00048,19,Tốt
7.46,170.2,378.4,1.121,42.7,0.00057,0.00149,22,Tốt
6.75,417.2,483.0,1.033,128.8,0.00126,0.00107,176,Trung bình
7.41,219.1,232.7,1.786,170.3,0.00595,0.00032,18,Tốt
6.9,86.4,225.4,0.63,335.1,0.00523,0.01131,4,Nguy hiểm
7.79,113.4,154.1,1.782,202.8,0.00364,0.00028,5,Tốt
7.96,124.9,468.9,1.271,88.3,0.00282,0.00051,4,Tốt
7.2,181.8,409.5,1.088,183.0,0.00348,0.00149,10,Tốt
6.07,145.1,243.4,1.481,59.1,0.01446,0.00017,153,Trung bình
8.03,86.2,81.9,0.518,109.3,0.00563,0.00087,11,Tốt
9.78,698.5,196.3,1.923,725.2,0.00611,0.00746,21,Kém
6.09,113.1,430.6,0.788,393.1,0.00031,0.00224,3,Trung bình
7.0,97.1,867.0,6.63,193.4,0.00097,0.00073,3365,Nguy hiểm
7.33,136.2,2047.3,3.931,558.3,0.0165,0.00695,21,Kém
5.33,97.6,316.8,4.779,160.6,0.03904,0.0001,496,Kém
7.7,192.3,1028.5,1.301,150.3,0.00043,0.00025,92,Trung bình
7.88,93.4,3120.2,0.659,1360.4,0.00213,0.02208,5,Nguy hiểm
6.14,149.6,402.1,1.304,113.5,0.00308,0.00082,90,Trung bình
8.65,554.7,402.1,1.116,557.9,0.02095,0.0002,15,Kém
6.92,114.4,474.8,1.355,415.2,0.00416,0.00358,10,Trung bình
8.63,182.8,1064.6,1.368,215.2,0.00128,0.00105,150,Trung bình
7.93,155.4,335.2,3.326,1103.1,0.00157,0.02975,3399,Nguy hiểm
8.11,682.8,876.1,1.932,118.7,0.02655,0.00744,356,Kém
7.82,84.4,334.9,0.449,211.5,0.00374,8e-05,20,Tốt
5.38,596.1,414.6,0.629,119.5,0.02941,0.0066,23,Kém
7.75,561.8,2155.4,4.26,778.3,0.00253,4e-05,12,Kém
7.1,163.4,219.9,0.909,66.6,0.00309,0.00024,11,Tốt
7.34,354.4,485.4,1.679,135.2,0.01263,0.00124,10,Trung bình
6.79,112.2,449.2,1.445,150.1,0.00229,0.00096,18,Tốt
6.85,147.9,898.3,0.348,193.2,0.01084,0.0007,20,Trung bình
10.22,710.6,86.7,1.135,694.4,0.04291,0.00131,9,Kém
7.69,209.0,159.1,1.479,132.9,0.00064,8e-05,19,Tốt
6.83,214.0,347.0,1.779,202.3,0.00414,0.0009,24,Tốt
7.53,97.6,100.8,0.076,208.4,0.00325,0.00268,73,Trung bình
6.76,205.9,894.7,0.593,155.8,0.00751,0.00053,66,Trung bình
7.27,120.8,154.5,1.594,84.7,0.00152,0.00106,18,Tốt
5.21,198.7,1752.1,4.922,124.0,0.00077,0.00125,403,Kém
7.64,153.5,236.8,3.116,415.1,0.00667,0.00129,5,Trung bình
6.4,162.6,112.9,1.829,295.7,0.00757,0.00283,14,Trung bình
7.0,189.3,1010.1,1.426,523.3,0.01705,0.0009,304,Kém
6.91,177.0,231.7,1.368,41.8,0.0056,0.00061,7,Tốt
10.25,642.6,224.0,1.858,265.0,0.04426,0.00132,751,Kém
7.03,185.5,236.4,1.776,371.8,0.00426,0.0477,2426,Nguy hiểm
6.37,154.2,711.5,0.389,118.1,0.00651,0.0007,14,Trung bình
9.6,537.6,430.2,1.046,73.4,0.03126,0.00577,19,Kém
6.25,674.3,301.9,4.662,142.9,0.00635,3e-05,407,Kém
9.78,175.9,1843.4,4.348,742.8,0.00315,0.0012,17,Kém
5.35,206.7,200.5,4.753,62.9,0.02442,0.0068,20,Kém
7.8,672.0,429.1,4.904,704.3,0.00197,0.00712,2,Kém
5.24,153.9,204.2,1.078,175.9,0.02349,0.00702,18,Kém
4.33,796.8,342.4,0.579,54.7,0.01363,0.02851,1,Nguy hiểm
6.8,200.1,206.1,0.501,399.7,0.00739,0.00053,79,Trung bình
6.08,130.2,342.9,1.867,66.4,0.00734,0.00353,67,Trung bình
7.29,365.6,312.2,1.688,351.9,0.00728,0.00033,4,Trung bình
7.91,682.7,404.3,1.203,671.7,0.03596,0.00848,12,Kém
6.77,386.5,232.3,0.602,308.2,0.00786,0.00109,60,Trung bình
7.36,89.1,481.0,1.502,118.1,0.01221,0.00045,128,Trung bình
8.19,407.9,374.6,1.015,54.0,0.00334,0.00299,7,Trung bình
6.33,131.2,160.4,0.58,94.5,0.01193,0.0002,145,Trung bình
10.26,117.4,841.4,6.213,210.9,0.00075,0.03949,2,Nguy hiểm
5.29,180.6,824.3,0.395,779.5,0.00479,0.00075,719,Kém
10.24,631.3,341.3,1.351,197.1,0.04337,0.00109,733,Kém
6.94,214.3,320.5,1.795,111.2,0.00595,0.001,4,Tốt
9.84,100.2,125.8,4.596,597.1,0.00746,0.00029,525,Kém
6.97,201.5,387.1,1.633,74.7,0.00779,0.00075,7,Tốt
8.6,107.4,274.9,1.602,797.6,0.0052,0.00784,705,Kém
8.66,175.3,389.9,0.895,176.1,0.06888,5e-05,21,Nguy hiểm
6.81,169.0,121.5,1.304,128.2,0.00345,0.0014,2,Tốt
7.76,569.3,2155.9,1.545,185.9,0.00487,0.00115,839,Kém
9.06,697.4,2069.3,0.707,120.2,0.00376,0.00654,712,Kém
6.96,209.1,327.4,7.431,803.0,0.00356,0.00232,9,Nguy hiểm
7.6,145.5,883.2,1.188,1183.5,0.0009,0.00086,16,Nguy hiểm
6.11,149.9,128.3,3.199,160.1,0.01305,0.00088,12,Trung bình
5.34,145.0,2058.9,4.132,61.0,0.00121,0.0003,345,Kém
7.92,142.3,336.6,0.686,85.2,0.00144,0.00055,9,Tốt
8.99,145.2,904.8,1.896,271.6,0.0037,0.00052,19,Trung bình
6.86,113.3,482.5,0.848,134.5,8e-05,9e-05,6,Tốt
9.72,121.1,1881.0,0.928,183.7,0.01825,0.00807,6,Kém
5.22,651.2,99.1,4.555,52.1,0.0292,0.00111,15,Kém
6.85,85.4,2020.4,3.101,136.5,0.03903,0.03271,17,Nguy hiểm
7.25,747.1,2302.4,0.021,168.2,0.00298,0.03425,12,Nguy hiểm
6.98,407.2,1093.8,0.448,55.3,0.00294,0.00017,143,Trung bình
3.45,307.2,306.2,1.366,172.4,0.00768,0.00108,14,Nguy hiểm
9.98,582.2,2141.4,1.492,187.4,0.00417,0.00096,15,Kém
7.2,653.6,349.0,1.446,1169.7,0.01798,0.00108,14,Nguy hiểm
6.73,95.5,84.3,1.076,102.4,0.0044,0.00049,12,Tốt
7.74,175.5,346.2,1.56,60.2,0.00012,0.00095,4,Tốt
6.15,99.1,447.8,0.445,325.7,0.00734,0.00077,7,Trung bình
7.14,154.4,310.5,1.543,201.9,0.00282,0.00067,3,Tốt
7.91,97.0,372.4,1.899,143.6,0.00256,0.00064,19,Tốt
10.2,708.8,306.4,4.349,98.7,0.03597,0.00061,9,Kém
7.67,109.8,374.1,4.931,198.7,0.03504,0.00052,3689,Nguy hiểm
8.1,115.0,418.3,0.072,95.1,0.0139,0.00076,64,Trung bình
7.23,165.3,276.5,0.483,351.6,0.05812,0.00043,1535,Nguy hiểm
7.45,149.2,277.5,4.857,706.7,0.16006,0.00037,9,Nguy hiểm
8.11,171.1,130.6,1.288,143.6,0.00614,0.00124,22,Tốt
9.95,674.7,170.9,4.422,772.7,0.00351,0.00242,6,Kém
7.48,401.4,424.8,1.672,80.9,0.00176,0.00086,142,Trung bình
7.07,199.5,312.5,1.409,126.4,0.00798,0.00011,2,Tốt
6.81,183.3,987.4,0.322,412.8,0.00737,0.0008,1,Trung bình
6.44,387.7,281.2,1.246,213.5,0.00178,0.00327,5,Trung bình
7.44,192.1,456.4,1.443,153.6,0.00182,0.00044,10,Tốt
7.45,122.8,227.8,1.901,129.9,0.00243,0.00143,5,Tốt
7.68,97.9,388.8,1.385,401.8,0.0011,0.00319,24,Trung bình
5.18,177.6,452.9,4.77,716.3,0.01954,0.00054,10,Kém
9.05,315.6,393.2,0.403,190.2,0.00571,0.00143,7,Trung bình
7.57,219.0,1042.1,7.659,84.5,0.01161,0.00078,25,Nguy hiểm
8.82,115.8,1044.7,0.638,141.4,0.00164,0.00116,24,Trung bình
7.58,585.3,481.9,4.84,113.8,0.02507,0.00282,23,Kém
7.65,92.4,390.1,0.584,695.2,0.00089,0.0186,2506,Nguy hiểm
7.98,197.2,269.3,1.411,123.3,0.00432,3e-05,9,Tốt
7.43,365.7,311.5,0.844,91.6,0.0043,0.00112,4318,Nguy hiểm
7.41,603.8,1530.6,0.874,56.4,0.04106,0.00252,599,Kém
7.97,104.8,176.1,1.487,127.3,0.0068,0.00098,3,Tốt
8.06,107.6,1696.9,5.361,690.2,0.01129,0.00113,1,Nguy hiểm
10.27,115.6,456.9,4.78,734.9,0.00015,0.00558,180,Kém
7.56,125.7,96.2,1.044,212.7,0.01131,0.00325,24,Trung bình
7.12,162.1,428.3,0.473,66.2,0.0046,0.00028,3,Tốt
7.07,105.7,201.8,1.173,140.6,0.00376,8e-05,2,Tốt
7.43,843.5,349.4,4.688,96.4,0.06554,0.00137,10,Nguy hiểm
7.04,164.5,222.7,5.443,1308.4,0.00736,0.00258,19,Nguy hiểm
7.28,358.9,185.3,0.024,41.8,0.0028,0.0001,2,Trung bình
6.91,92.9,865.0,1.865,184.1,0.01221,0.0034,22,Trung bình
7.09,350.4,156.9,0.302,386.8,0.00381,0.00027,91,Trung bình
3.79,710.9,2205.1,0.798,165.6,4e-05,0.0014,180,Nguy hiểm
6.95,184.4,2167.7,0.693,648.0,0.01283,0.00118,857,Kém
5.14,711.8,1745.5,1.791,88.5,0.03228,3e-05,12,Kém
7.01,112.0,355.6,0.562,210.4,0.00156,0.00127,15,Tốt
9.04,155.0,194.3,4.46,79.5,0.02333,0.00785,500,Kém
4.36,140.5,380.6,1.141,1105.1,0.00274,0.00051,2070,Nguy hiểm
7.02,196.4,311.1,0.614,90.9,0.00342,0.0006,14,Tốt
8.6,132.5,229.7,0.442,208.8,0.00549,0.00377,11,Trung bình
7.78,385.1,942.2,1.003,203.2,0.00101,0.00043,1,Trung bình
4.8,202.3,231.9,1.484,1282.7,0.0409,0.00034,13,Nguy hiểm
7.0,182.3,289.8,1.938,66.6,0.00635,0.00108,0,Tốt
7.44,167.1,267.8,5.607,302.1,0.00182,0.00079,9,Nguy hiểm
6.82,554.6,2050.2,1.756,807.4,0.00014,0.00061,22,Kém
6.04,373.9,146.2,0.548,214.2,0.00427,0.0032,24,Trung bình
5.41,182.8,109.5,4.942,180.2,0.01786,0.00093,893,Kém
8.07,106.6,190.3,1.781,182.4,0.00224,0.00102,13,Tốt
6.93,108.0,2070.9,4.204,134.9,0.01659,0.00859,3,Kém
6.99,179.6,998.6,0.038,79.7,0.00398,0.0002,62,Trung bình
7.35,108.5,914.7,1.27,274.9,0.00466,0.00054,58,Trung bình
7.56,409.6,123.8,0.039,170.2,0.0015,0.00304,24,Trung bình
8.55,126.6,201.5,1.488,1147.7,0.00771,0.00143,9,Nguy hiểm
8.16,135.3,89.9,0.754,152.8,0.00081,0.00115,1,Tốt
7.78,135.3,710.7,1.304,161.8,0.01371,0.0015,13,Trung bình
6.88,682.6,298.2,1.188,120.3,0.03789,0.00024,212,Kém
7.21,219.1,426.0,1.303,154.1,0.0007,0.00104,19,Tốt
9.05,179.2,255.5,0.048,204.6,0.01356,0.00124,13,Trung bình
8.56,205.9,435.8,0.047,85.2,0.00468,0.0011,75,Trung bình
7.54,328.3,363.8,4.788,116.0,0.0371,1e-05,535,Kém
6.39,406.5,499.6,1.221,218.0,0.00783,0.00357,21,Trung bình
7.7,121.1,224.9,0.472,179.4,6e-05,0.0002,8,Tốt
7.9,568.3,3002.5,1.628,1190.7,0.00619,0.0007,74,Nguy hiểm
7.04,355.5,2165.1,4.564,686.4,0.00603,0.00065,636,Kém
7.13,161.3,715.3,3.207,212.2,0.00152,0.00058,12,Trung bình
7.31,141.3,466.8,1.075,111.7,0.0075,0.00076,24,Tốt
9.09,206.6,950.7,0.489,59.3,0.00332,0.00356,2927,Nguy hiểm
7.72,82.2,758.6,1.035,82.0,0.00537,0.00033,75,Trung bình
7.35,108.3,866.8,0.056,384.3,0.00043,0.00043,7,Trung bình
10.05,674.0,262.1,0.577,771.1,0.01311,0.0009,535,Kém
7.54,126.4,363.0,3.314,166.3,0.00727,0.00373,0,Trung bình
5.15,81.9,303.0,4.728,833.2,0.01266,0.00013,829,Kém
7.29,97.6,488.8,0.541,62.4,0.00118,0.00066,1,Tốt
8.11,82.5,143.5,1.071,171.1,0.00737,0.00076,20,Tốt
8.17,168.0,819.1,4.019,143.4,0.00519,0.00093,6,Trung bình
7.91,87.6,458.5,0.755,204.5,0.01434,0.00116,142,Trung bình
10.71,120.4,189.4,0.67,170.3,0.01052,0.00516,14,Nguy hiểm
6.86,214.8,368.4,5.717,1103.8,0.00261,0.00089,16,Nguy hiểm
7.57,848.4,320.6,1.435,49.4,0.05566,0.04531,572,Nguy hiểm
8.05,160.8,1014.9,4.155,43.3,0.011,0.00064,12,Trung bình
7.5,650.2,230.8,4.311,203.6,0.00085,0.00258,450,Kém
7.96,161.7,111.4,0.022,323.3,0.00661,0.00057,120,Trung bình
7.47,337.4,777.4,0.618,158.8,0.00368,0.00228,7,Trung bình
7.9,213.8,415.9,6.206,805.4,0.12133,0.03712,25,Nguy hiểm
11.06,616.9,404.1,1.213,141.6,0.00546,5e-05,10,Nguy hiểm
10.05,134.3,160.2,1.988,782.8,0.01658,0.00041,19,Kém
8.13,674.6,391.0,4.933,40.4,0.04378,0.00631,14,Kém
6.74,168.7,839.6,0.69,91.4,0.01335,0.0006,5,Trung bình
3.93,989.3,362.3,0.46,410.3,0.16108,0.0002,16,Nguy hiểm
6.96,532.4,1905.6,1.964,793.6,0.00626,0.00028,23,Kém
6.72,210.3,363.5,1.935,193.0,0.00663,9e-05,18,Tốt
7.44,150.6,83.2,0.44,103.1,0.01346,0.00333,4,Trung bình
7.87,117.6,2672.8,0.341,1356.6,0.00409,0.001,649,Nguy hiểm
6.39,174.0,114.5,1.403,321.2,0.0069,0.00032,14,Trung bình
7.82,192.4,436.8,1.278,182.1,0.00769,0.00105,10,Tốt
7.64,150.9,1743.3,1.001,592.9,0.00053,0.00089,404,Kém
3.86,562.8,264.7,7.926,144.0,0.00185,0.0,24,Nguy hiểm
7.46,559.3,264.1,1.855,109.5,0.03854,0.00108,639,Kém
3.57,149.7,2561.8,1.545,153.6,0.00578,0.02972,87,Nguy hiểm
6.81,109.5,279.2,1.839,183.5,0.0065,0.00129,6,Tốt
7.58,103.1,3159.1,1.828,110.6,0.00186,0.03384,665,Nguy hiểm
6.98,167.2,91.5,1.092,96.5,0.00101,0.00017,21,Tốt
7.81,959.2,178.2,4.356,122.5,0.00583,0.00082,1871,Nguy hiểm
7.16,99.4,226.7,1.032,790.5,0.00746,0.0058,649,Kém
6.98,179.7,83.5,0.588,164.3,0.00497,0.00128,19,Tốt
9.65,155.2,277.2,0.527,730.0,0.00436,0.00766,766,Kém
7.99,411.8,790.5,1.704,170.7,0.00729,0.01495,2994,Nguy hiểm
7.1,102.2,358.7,0.372,154.6,0.00751,0.00136,24,Tốt
6.89,561.9,2181.9,4.701,665.8,0.0012,0.00061,3,Kém
7.56,151.4,251.2,1.545,68.8,0.00057,0.00119,8,Tốt
7.61,134.2,730.4,1.764,48.2,0.01148,0.00225,20,Trung bình
7.14,401.4,404.8,1.29,1357.7,0.03135,0.00055,4624,Nguy hiểm
7.34,358.0,96.5,0.657,90.7,0.0035,0.00222,20,Trung bình
8.83,194.9,325.9,0.432,110.2,0.00334,1e-05,81,Trung bình
9.91,553.7,499.0,1.672,175.7,0.03541,0.00249,564,Kém
7.05,108.5,194.3,0.787,79.6,0.00265,0.00132,6,Tốt
7.46,218.9,912.2,0.673,163.2,0.01296,0.001,73,Trung bình
7.84,84.4,845.4,0.814,210.1,0.00785,0.00285,1,Trung bình
6.99,126.7,2096.9,4.216,98.1,0.02487,0.00781,22,Kém
7.44,141.1,480.8,0.431,40.4,0.00193,3e-05,22,Tốt
7.07,361.0,448.8,0.8,64.1,0.01191,0.00114,9,Trung bình
6.97,332.2,365.5,0.03,176.3,0.00049,0.00075,157,Trung bình
7.25,187.4,486.2,9.054,172.5,0.00647,0.00102,4136,Nguy hiểm
7.83,516.8,188.5,7.4,759.9,0.00391,0.00102,1862,Nguy hiểm
6.85,150.8,2179.8,6.272,50.9,0.01863,0.00064,5,Nguy hiểm
7.02,325.4,115.4,4.549,519.2,0.00608,0.00492,10,Kém
7.56,639.1,346.7,1.314,827.8,0.00634,0.00781,128,Kém
7.25,139.6,388.9,1.547,93.7,0.00596,0.00069,7,Tốt
5.39,521.6,247.5,4.941,834.4,0.00785,0.0005,24,Kém
7.98,87.2,1033.4,1.117,1261.9,0.00152,0.00059,2345,Nguy hiểm
7.24,327.5,1625.7,4.549,609.0,0.00527,0.0011,17,Kém
3.45,122.9,287.7,0.95,1106.8,0.00392,0.00712,8,Nguy hiểm
7.42,116.8,475.6,0.43,57.9,0.01292,0.00321,2,Trung bình
5.22,219.3,115.4,0.822,771.6,0.00731,0.00542,887,Kém
8.15,596.1,1622.5,0.021,637.4,0.0052,0.00681,1,Kém
7.45,175.2,382.7,0.442,52.8,0.01125,0.00054,94,Trung bình
7.99,176.4,213.7,0.079,45.8,0.00568,0.00028,179,Trung bình
7.92,95.4,90.7,0.505,55.1,0.0018,0.00244,152,Trung bình
8.04,365.4,190.4,1.382,97.1,0.01073,0.00361,16,Trung bình
3.41,121.2,481.5,0.807,92.0,0.06483,0.00086,10,Nguy hiểm
7.79,165.6,437.8,4.144,325.4,0.00793,0.00022,5,Trung bình
8.13,91.0,849.9,1.853,201.8,0.01415,0.0007,11,Trung bình
7.82,686.7,101.9,0.879,705.0,0.00095,0.00864,734,Kém
7.3,181.0,185.0,4.514,779.2,0.02468,0.00255,22,Kém
10.05,664.7,1846.6,1.02,127.6,0.00725,0.00316,844,Kém
6.93,355.2,236.4,0.914,208.3,0.01181,0.00138,116,Trung bình
7.5,207.2,454.2,0.57,123.1,0.00226,0.00046,17,Tốt
7.22,120.4,211.9,1.119,208.2,0.00644,0.0005,24,Tốt
7.72,118.5,273.4,6.278,60.6,0.19371,0.00284,876,Nguy hiểm
6.79,199.4,1513.6,4.249,575.5,0.00555,0.00073,535,Kém
10.07,173.6,1773.1,4.508,132.2,0.00795,0.00101,139,Kém
7.36,696.3,350.7,8.096,258.8,5e-05,0.00317,16,Nguy hiểm
7.88,183.3,236.9,1.144,118.5,0.00313,0.00114,8,Tốt
8.04,347.1,351.6,3.844,258.6,0.00509,0.00042,5,Trung bình
9.76,125.7,217.9,1.513,591.6,0.03835,0.04443,24,Nguy hiểm
7.76,162.1,199.0,0.857,164.5,0.00149,0.00086,20,Tốt
8.19,339.1,245.0,0.069,100.0,0.00608,0.00088,1,Trung bình
4.25,187.4,158.5,0.347,159.4,0.00502,1e-05,3556,Nguy hiểm
7.5,116.6,351.3,1.453,179.8,0.00735,0.00023,3,Tốt
7.39,162.7,272.5,0.078,379.9,0.00085,0.00126,12,Trung bình
6.97,675.9,1853.6,1.438,557.3,0.00378,0.00711,152,Kém
8.15,160.8,495.9,1.173,281.6,0.00692,0.00043,171,Trung bình
7.15,114.1,280.0,1.196,121.3,0.00302,0.00019,5,Tốt
7.84,826.5,1816.1,5.779,218.3,0.00662,0.00099,4117,Nguy hiểm
10.27,151.9,448.5,0.37,164.9,0.02977,0.00518,645,Kém
7.01,98.8,275.5,0.812,127.3,0.00174,0.00077,18,Tốt
7.35,119.2,1779.7,1.98,819.8,0.03762,0.00012,640,Kém
5.35,719.3,495.2,1.159,110.0,0.00326,0.00346,438,Kém
6.89,210.3,2065.1,1.839,67.1,0.00206,0.00709,668,Kém
7.63,197.6,457.0,0.496,64.7,0.00427,0.00122,13,Tốt
7.01,179.9,159.2,0.739,174.9,0.01417,0.00118,73,Trung bình
7.26,114.8,268.3,1.417,152.1,0.00792,0.00079,22,Tốt
3.66,93.2,2236.5,0.083,216.9,0.01127,0.00015,24,Nguy hiểm
7.16,121.7,334.7,6.841,384.9,0.00073,0.00118,14,Nguy hiểm
8.18,411.0,99.8,0.693,1313.8,0.00504,0.00024,17,Nguy hiểm
7.61,104.2,431.0,4.884,185.2,0.00702,0.02247,21,Nguy hiểm
7.9,594.1,241.1,0.697,163.4,0.02431,0.0078,13,Kém
7.6,157.1,354.3,3.847,63.6,0.00637,0.00309,19,Trung bình
7.51,178.3,467.2,0.455,136.9,0.00701,0.0012,15,Tốt
9.99,577.6,391.2,1.756,174.2,0.01849,0.00102,532,Kém
7.09,216.2,1997.4,4.906,800.2,0.003,0.00314,746,Kém
7.44,139.8,125.8,0.597,1393.1,0.00591,0.00061,414,Nguy hiểm
4.26,153.3,2268.8,8.132,1238.0,0.00022,0.00057,24,Nguy hiểm
6.34,189.9,456.0,1.547,128.8,0.01433,0.00115,8,Trung bình
9.82,195.4,91.3,8.077,261.7,0.00145,0.00014,1647,Nguy hiểm
7.51,207.8,227.6,0.654,186.4,0.00663,0.00076,5,Tốt
7.87,96.9,404.0,0.456,59.6,0.00582,0.00064,22,Tốt
7.1,395.3,436.3,1.75,127.6,0.01123,0.00296,5,Trung bình
8.07,179.0,1022.5,0.587,69.7,0.03226,0.04444,6,Nguy hiểm
8.68,211.7,331.4,1.065,211.1,0.0017,0.01743,1672,Nguy hiểm
7.25,189.9,393.4,3.9,356.2,0.00527,0.00027,14,Trung bình
5.42,204.8,433.0,0.304,286.6,0.00656,0.00464,265,Kém
10.73,130.6,439.9,1.695,47.0,0.00231,0.00244,18,Nguy hiểm
4.85,137.2,201.4,0.045,181.9,0.00439,0.00094,103,Nguy hiểm
7.21,204.2,363.3,0.941,207.4,0.00705,0.00075,24,Tốt
7.64,109.7,238.6,0.364,187.7,0.00626,0.00017,6,Tốt
7.22,134.9,158.1,0.074,72.0,0.00047,0.00014,70,Trung bình
7.12,192.0,429.0,3.304,97.8,0.00665,0.00268,0,Trung bình
6.98,207.6,265.0,0.374,162.1,0.00085,0.0011,7,Tốt
7.63,98.8,454.0,0.682,186.7,0.00037,0.00102,18,Tốt
6.14,429.3,419.9,0.065,205.3,0.00068,0.00075,13,Trung bình
8.71,407.2,249.6,1.71,203.0,0.00785,0.00344,4,Trung bình
7.1,113.5,2854.0,6.029,173.5,0.01193,0.00328,20,Nguy hiểm
6.78,579.2,1711.9,1.145,313.2,0.02244,0.00108,437,Kém
7.4,110.5,195.8,1.215,185.2,0.00481,0.0,20,Tốt
5.36,837.1,428.0,7.285,165.9,0.10601,0.00081,16,Nguy hiểm
10.11,217.2,183.9,0.086,42.0,0.00555,0.00492,338,Kém
5.43,93.2,469.1,1.466,1098.9,0.00443,0.00138,21,Nguy hiểm
7.79,184.1,408.9,3.845,104.8,0.00017,0.00287,23,Trung bình
8.05,418.1,161.7,1.082,105.2,0.01259,8e-05,10,Trung bình
6.95,85.6,392.8,1.694,96.2,0.00218,0.00077,2,Tốt
6.78,107.0,317.8,1.07,127.6,0.0052,0.00016,9,Tốt
7.1,418.4,355.7,1.493,787.2,0.00589,0.00891,290,Kém
7.66,661.7,249.6,0.314,201.5,0.00386,0.00025,4231,Nguy hiểm
5.24,153.0,149.9,8.375,188.8,0.00627,0.00056,4960,Nguy hiểm
7.44,170.4,361.4,3.701,85.4,0.00328,0.00362,155,Trung bình
6.93,205.1,1836.3,1.613,93.3,0.01295,1e-05,3206,Nguy hiểm
8.04,630.2,1965.7,4.645,193.7,0.01171,0.00093,8,Kém
5.37,120.7,365.8,0.576,152.8,0.01327,0.02196,16,Nguy hiểm
7.88,218.1,268.0,0.998,141.6,0.006,0.00012,5,Tốt
6.87,91.6,315.3,0.347,93.8,0.00159,0.0007,6,Tốt
6.78,134.6,223.4,0.912,143.4,0.0032,0.00149,11,Tốt
7.59,107.1,342.8,4.438,64.2,0.02457,0.00344,589,Kém
7.77,390.9,226.4,1.65,56.6,0.01153,0.00348,10,Trung bình
7.73,81.0,419.1,0.079,160.6,0.00778,0.00285,19,Trung bình
7.25,109.4,377.5,1.505,174.6,0.00796,0.00053,15,Tốt
7.19,154.1,122.3,1.758,146.8,0.00343,0.00027,18,Tốt
6.98,182.7,2720.2,1.425,181.0,0.0006,0.02285,10,Nguy hiểm
7.9,112.7,483.8,0.056,345.1,0.01107,0.00111,16,Trung bình
6.91,98.1,289.8,0.752,180.0,0.00125,1e-05,3,Tốt
7.46,190.8,96.3,0.628,118.8,0.00149,2e-05,4,Tốt
10.27,577.7,119.3,4.384,215.4,0.00698,0.00569,16,Kém
10.98,311.2,181.6,1.542,106.5,0.14518,0.00069,325,Nguy hiểm
7.52,154.4,370.1,1.522,152.0,0.00656,0.0012,8,Tốt
8.18,84.3,145.4,0.451,86.0,0.00557,0.00065,9,Tốt
7.42,880.9,276.4,7.982,107.0,0.00515,8e-05,20,Nguy hiểm
6.85,124.3,432.8,1.285,157.0,0.00797,0.00097,14,Tốt
5.17,172.1,350.3,1.298,1157.9,0.00449,0.04575,111,Nguy hiểm
6.26,628.2,128.7,0.612,554.7,0.03623,0.00846,23,Kém
6.92,188.4,933.8,4.124,177.2,0.00483,0.00047,21,Trung bình
7.35,162.2,362.9,0.66,68.6,0.00617,0.00075,10,Tốt
7.89,82.5,2477.9,1.012,187.4,0.15873,2e-05,434,Nguy hiểm
7.93,125.5,405.8,1.145,336.4,0.01144,0.00125,59,Trung bình
7.57,165.6,159.4,1.528,203.5,0.00536,8e-05,7,Tốt
7.25,377.2,921.0,1.568,97.8,0.00344,0.00133,146,Trung bình
7.39,119.0,2007.2,4.096,94.4,0.00196,0.00075,2808,Nguy hiểm
5.25,164.9,317.0,1.179,126.0,0.02912,0.00546,666,Kém
7.87,165.1,260.6,8.922,169.9,0.00465,0.0394,17,Nguy hiểm
7.08,206.6,281.5,1.325,124.3,0.00687,0.0011,11,Tốt
6.72,84.0,111.5,0.976,374.4,0.01323,0.00028,25,Trung bình
8.19,171.8,926.1,0.825,185.6,0.0019,0.00288,80,Trung bình
7.07,612.4,139.6,1.662,122.1,0.13948,0.00064,21,Nguy hiểm
6.83,142.2,428.3,1.653,125.1,0.00403,0.00036,22,Tốt
6.13,428.2,137.0,0.663,330.2,0.00477,0.00013,15,Trung bình
10.0,630.1,308.0,0.73,106.2,0.02916,0.00054,590,Kém
7.71,196.2,1665.9,0.512,637.1,0.025,0.00145,9,Kém
7.06,195.2,262.2,1.472,208.6,0.00236,0.00068,22,Tốt
7.38,318.0,748.0,1.359,94.3,0.00151,0.00124,167,Trung bình
5.25,703.6,335.7,0.563,580.5,0.01222,0.00049,520,Kém
10.15,643.3,131.4,4.389,93.3,0.00426,0.00868,9,Kém
7.51,199.6,407.6,1.25,133.1,0.00165,0.00053,1,Tốt
7.83,103.8,2778.4,7.435,89.2,0.00537,2e-05,22,Nguy hiểm
7.34,160.1,2146.2,0.433,209.6,0.04117,0.00139,720,Kém
6.91,210.7,345.6,1.011,76.3,0.00175,0.00037,23,Tốt
8.14,148.4,358.2,4.782,1116.0,0.18614,0.00361,2,Nguy hiểm
5.39,134.0,1607.1,3.727,199.4,0.02608,0.00085,4,Kém
7.15,341.5,378.7,1.275,401.4,0.00322,0.00147,120,Trung bình
6.36,159.6,436.1,1.885,171.6,0.00412,0.00094,2668,Nguy hiểm
8.01,133.2,304.4,1.593,85.9,0.00421,0.00056,8,Tốt
7.62,718.5,156.7,0.847,700.4,0.0032,0.00146,578,Kém
7.61,93.2,326.2,0.73,323.1,0.01363,4e-05,16,Trung bình
6.96,518.2,1747.0,1.657,267.0,0.00088,0.00057,805,Kém
8.14,130.8,1099.6,1.32,48.6,0.00029,0.0005,124,Trung bình
7.18,200.7,127.5,1.352,153.5,0.00774,0.00096,13,Tốt
6.72,99.2,204.4,0.042,212.5,0.00469,7e-05,131,Trung bình
6.9,378.3,170.1,0.909,143.1,0.002,0.00281,17,Trung bình
7.0,154.0,290.2,4.919,514.9,0.0056,0.00511,889,Kém
7.89,165.8,374.6,0.898,198.5,0.00741,0.00122,15,Tốt
6.75,148.9,361.1,3.363,307.3,0.00456,0.00132,13,Trung bình
10.12,353.4,2014.8,1.787,93.7,0.01618,0.00866,24,Kém
10.77,196.2,428.3,4.669,209.5,0.00669,0.00129,2,Nguy hiểm
7.15,581.8,232.3,4.593,708.7,0.00235,0.00022,268,Kém
5.27,115.3,403.8,4.891,385.9,0.00023,0.00819,845,Kém
8.09,98.1,400.7,1.242,143.2,0.00725,0.00014,25,Tốt
6.77,146.3,109.9,0.021,338.1,0.01131,0.00105,23,Trung bình
7.25,156.8,828.1,1.896,273.6,0.00626,7e-05,25,Trung bình
7.43,198.3,186.9,0.517,198.1,0.00365,0.00074,0,Tốt
8.17,143.1,1759.4,1.148,209.5,0.03977,0.0058,226,Kém
10.26,102.2,297.8,4.227,190.8,0.02869,0.00619,6,Kém
4.15,329.3,345.1,1.625,176.5,0.0997,0.00824,6,Nguy hiểm
8.91,127.0,429.9,1.799,147.2,0.14932,0.00133,2908,Nguy hiểm
8.18,791.0,489.0,4.458,1138.0,0.00233,8e-05,18,Nguy hiểm
10.2,150.3,328.8,1.711,703.6,0.04284,0.00661,143,Kém
7.49,144.1,86.9,1.899,148.8,0.00601,0.00092,2,Tốt
6.9,186.8,1924.3,1.872,750.3,0.00318,0.00835,824,Kém
8.06,331.1,99.2,0.863,84.5,0.01303,0.00096,7,Trung bình
6.78,162.6,297.0,3.826,128.2,0.01213,0.00324,19,Trung bình
7.05,168.6,318.6,1.358,65.8,0.00366,0.00067,2,Tốt
7.43,177.5,104.8,1.009,110.2,0.00452,0.0002,10,Tốt
11.88,218.9,180.6,0.025,147.7,0.01225,0.00095,4848,Nguy hiểm
7.63,689.3,2833.2,0.748,517.5,0.00274,0.02662,11,Nguy hiểm
8.07,359.2,2059.3,0.388,778.5,0.00554,0.00615,17,Kém
6.85,326.9,131.5,1.487,95.0,0.01181,0.00095,3,Trung bình
7.74,93.9,2167.2,1.728,49.4,0.03257,0.00091,428,Kém
7.86,103.1,2958.7,4.627,95.7,0.00426,0.00095,4317,Nguy hiểm
5.34,590.1,466.1,1.896,211.5,0.00607,0.00473,168,Kém
7.68,162.5,163.5,0.338,1158.7,0.00035,0.00055,4208,Nguy hiểm
11.03,313.6,328.4,1.696,149.5,0.00465,0.00356,1903,Nguy hiểm
6.89,362.0,463.1,0.077,288.7,0.00289,0.00125,5,Trung bình
7.98,167.0,87.9,0.63,97.0,0.00239,0.0007,18,Tốt
7.17,179.0,320.0,0.675,114.5,0.00783,0.00045,11,Tốt
5.13,196.2,983.6,4.519,60.2,0.00218,0.0077,3,Kém
8.01,178.9,488.1,1.616,174.4,0.00614,0.0004,6,Tốt
7.88,142.1,181.5,7.449,1231.7,0.01402,0.00021,19,Nguy hiểm
7.03,410.7,1883.6,1.003,610.5,0.03094,0.00126,880,Kém
7.59,138.5,179.6,1.767,297.5,0.17655,0.02667,20,Nguy hiểm
7.2,134.8,377.3,1.97,203.4,0.00137,0.00109,7,Tốt
7.37,213.7,304.1,0.848,98.1,0.00323,0.00103,20,Tốt
7.85,167.3,1961.4,4.44,1340.9,0.17331,0.0008,10,Nguy hiểm
6.02,156.6,182.9,0.759,168.9,0.00415,0.02328,9,Nguy hiểm
6.29,350.5,798.2,1.199,117.3,0.00554,0.00096,14,Trung bình
5.44,97.9,156.8,1.036,173.2,0.02605,0.00778,243,Kém
7.77,116.7,396.7,1.493,129.4,0.0145,0.00267,169,Trung bình
7.64,135.7,164.8,0.349,145.8,0.00401,0.00143,8,Tốt
3.56,206.0,425.8,7.853,112.7,0.00492,0.03558,3,Nguy hiểm
5.37,116.0,1527.7,1.057,650.4,0.00368,0.00033,628,Kém
5.1,675.7,258.0,4.298,331.4,0.00241,0.00058,825,Kém
7.43,108.8,265.8,1.415,176.6,0.00098,0.00103,14,Tốt
8.04,128.7,763.1,0.492,128.6,0.01135,0.00342,21,Trung bình
7.7,976.8,445.0,1.634,72.4,0.00711,0.00013,2204,Nguy hiểm
6.99,150.9,475.2,0.967,73.4,0.00591,0.00134,21,Tốt
8.11,102.1,140.8,0.878,174.9,0.0003,0.00108,5,Tốt
6.38,212.7,714.6,0.609,121.1,0.00438,0.0007,148,Trung bình
6.01,159.4,193.2,3.981,122.9,0.00776,0.00045,24,Trung bình
7.97,105.9,477.6,1.281,100.0,0.03301,0.03672,18,Nguy hiểm
6.72,705.3,1873.4,1.129,41.7,0.03671,0.00461,10,Kém
7.29,80.4,1049.4,3.872,385.9,0.00458,0.00067,10,Trung bình
7.39,162.5,713.7,3.75,69.9,0.00301,0.00063,113,Trung bình
10.73,425.3,129.5,1.767,162.9,0.01114,0.00036,1945,Nguy hiểm
8.14,93.8,280.6,1.873,51.5,0.00545,0.00108,25,Tốt
7.11,156.7,265.8,0.392,133.3,0.00592,0.00029,23,Tốt
7.86,197.5,256.2,0.443,208.5,0.00517,0.00058,12,Tốt
8.58,219.9,172.3,0.963,358.2,0.00426,0.00013,74,Trung bình
7.53,137.2,84.5,1.991,113.6,0.00149,0.0013,24,Tốt
6.71,200.6,1822.4,1.42,168.8,0.00523,0.00056,4376,Nguy hiểm
8.99,173.5,282.1,1.403,152.1,0.01232,0.00323,19,Trung bình
5.3,916.6,256.4,1.357,88.1,0.19972,0.00084,19,Nguy hiểm
5.11,126.8,1982.2,0.031,62.0,0.0033,0.001,390,Kém
5.33,165.5,1862.9,1.627,99.0,0.0006,0.00468,15,Kém
6.89,132.7,467.8,0.945,511.5,0.02098,0.00114,322,Kém
7.9,108.0,1931.5,4.692,168.3,0.04084,0.00072,323,Kém
7.11,144.1,110.9,1.874,330.8,0.01164,0.00111,18,Trung bình
7.03,113.4,491.0,1.953,140.7,0.00782,0.00025,8,Tốt
9.69,699.9,155.4,1.479,772.8,0.01243,0.00731,24,Kém
9.74,717.6,360.9,0.536,62.2,0.03135,0.0012,24,Kém
7.9,198.4,275.7,0.601,200.6,0.0022,0.00024,9,Tốt
7.48,162.7,311.0,0.373,129.5,0.00618,0.02079,2422,Nguy hiểm
7.74,800.0,123.7,0.538,151.4,0.16991,0.00068,20,Nguy hiểm
6.85,199.5,412.6,1.756,134.9,0.00286,0.00095,15,Tốt
7.98,168.8,318.7,0.037,214.3,0.00146,0.00113,107,Trung bình
7.97,196.0,119.2,1.368,108.4,0.0024,0.00118,15,Tốt
7.13,188.0,415.6,1.709,170.3,0.01201,0.00017,178,Trung bình
4.49,196.7,153.1,4.567,51.3,0.00429,0.01181,548,Nguy hiểm
7.45,87.8,488.3,0.586,299.6,0.01141,0.00321,15,Trung bình
7.2,156.4,381.1,0.923,118.9,0.00378,0.00116,10,Tốt
7.22,130.3,1789.1,1.6,825.0,0.0025,0.00037,819,Kém
7.74,595.6,1819.3,0.717,195.2,0.00431,0.00271,749,Kém
4.2,115.1,356.3,4.36,214.3,0.00788,0.00342,20,Nguy hiểm
8.65,209.4,1549.3,1.082,1076.1,0.01149,0.00014,18,Nguy hiểm
7.58,164.6,117.1,1.946,1271.3,0.02422,0.00071,23,Nguy hiểm
7.87,701.6,986.6,4.488,218.1,0.04433,0.00035,5,Kém
7.6,215.1,739.5,4.878,163.6,0.08326,0.0072,23,Nguy hiểm
7.71,604.2,3104.5,1.755,99.5,0.14869,0.00032,21,Nguy hiểm
9.72,196.4,882.5,1.213,559.9,0.00072,0.00679,634,Kém
10.23,214.5,322.3,4.761,1329.0,0.00191,0.00046,4524,Nguy hiểm
7.45,197.0,120.4,0.577,190.1,0.00794,0.00017,11,Tốt
3.74,135.4,134.1,4.95,1170.8,0.01255,0.00091,21,Nguy hiểm
6.9,84.7,1601.8,1.599,342.2,0.08123,0.00068,15,Nguy hiểm
8.62,173.9,306.3,1.938,289.8,0.00618,0.00279,2,Trung bình
8.97,721.0,453.4,1.052,1265.1,0.00178,0.00031,24,Nguy hiểm
7.44,93.6,444.7,1.751,97.9,0.00632,0.00031,3,Tốt
6.39,153.1,352.4,3.86,195.1,0.00523,0.00077,4,Trung bình
4.08,186.3,473.3,1.424,191.3,0.01291,0.00063,114,Nguy hiểm
5.37,873.9,106.5,1.938,201.8,0.02125,0.00087,4544,Nguy hiểm
7.53,198.4,1584.8,4.234,195.8,0.00772,0.00874,508,Kém
7.88,716.3,2023.4,1.235,153.9,0.03457,0.00049,20,Kém
7.56,161.8,185.3,1.884,59.3,0.00394,0.00017,18,Tốt
8.89,679.3,2195.9,4.843,172.9,0.03274,0.00121,9,Kém
7.27,175.9,113.8,1.871,154.0,0.00207,0.00095,8,Tốt
6.71,326.5,196.5,1.72,169.2,0.01357,0.00261,9,Trung bình
7.5,91.3,169.7,1.21,193.4,0.00263,0.00097,4,Tốt
7.76,188.8,486.8,1.427,213.3,0.00192,0.00033,12,Tốt
7.04,161.7,388.0,0.07,287.3,0.00265,0.00343,9,Trung bình
7.0,161.2,107.3,0.414,100.0,0.00054,0.00043,22,Tốt
9.84,175.6,1725.4,1.682,134.8,0.01792,0.00837,4,Kém
8.2,145.1,382.0,4.579,413.4,0.00798,0.00666,798,Kém
7.92,104.4,447.5,1.721,88.5,0.00275,0.00045,20,Tốt
7.62,143.3,1062.3,0.039,210.8,0.00683,0.00035,4,Trung bình
7.42,213.0,299.8,1.957,169.7,0.00181,0.00038,20,Tốt
7.17,596.9,250.5,0.725,92.4,0.13613,0.00136,7,Nguy hiểm
5.41,587.7,475.1,1.404,198.9,0.00669,0.00817,1,Kém
7.29,114.4,367.7,1.751,159.9,0.00793,0.00112,2,Tốt
7.23,629.7,313.8,9.501,805.7,0.00113,0.00299,2,Nguy hiểm
3.73,122.2,218.9,8.523,160.4,0.00644,0.00278,13,Nguy hiểm
7.3,379.6,275.4,1.92,257.2,0.01281,0.00143,9,Trung bình
9.65,92.6,231.2,1.455,573.7,0.00346,0.0054,10,Kém
8.03,553.9,1528.5,1.889,819.7,0.00736,0.00101,711,Kém
7.69,94.9,2801.8,1.014,1317.3,0.00632,0.00077,9,Nguy hiểm
6.35,167.8,101.6,1.954,55.6,0.0072,0.00251,12,Trung bình
7.13,149.1,394.8,1.252,320.1,0.01308,0.0034,14,Trung bình
7.11,186.4,247.2,1.958,151.0,0.00154,0.00111,2,Tốt
7.02,184.5,367.3,1.301,130.2,0.00732,0.0009,2,Tốt
6.76,367.9,385.2,0.304,343.5,0.01229,0.00011,21,Trung bình
7.07,172.5,2445.4,8.905,52.6,0.00054,1e-05,3,Nguy hiểm
10.23,155.3,307.0,1.559,119.9,0.01704,0.00794,10,Kém
7.56,572.5,1921.1,1.187,514.4,0.03408,0.00139,22,Kém
5.24,521.6,456.1,0.035,59.6,0.02448,0.00794,9,Kém
6.27,133.9,1975.9,4.753,91.7,0.00703,0.00537,0,Kém
8.89,87.9,360.6,1.646,363.0,0.00106,0.00096,11,Trung bình
7.24,182.8,190.4,4.622,162.2,0.10536,0.02068,20,Nguy hiểm
8.1,373.8,2339.2,0.634,342.2,0.00125,0.02962,16,Nguy hiểm
6.12,129.1,455.1,4.135,404.7,0.0034,0.00146,22,Trung bình
7.65,207.4,401.2,1.441,165.9,0.00127,0.00112,5,Tốt
7.09,89.3,174.2,1.969,79.1,0.00346,0.00026,10,Tốt
4.67,409.1,352.6,1.169,690.1,0.03438,0.00042,25,Nguy hiểm
8.92,181.1,1032.1,1.255,79.8,0.00552,0.00333,9,Trung bình
7.33,169.0,1060.4,1.378,57.7,0.00447,0.00371,13,Trung bình
7.65,204.2,277.5,0.355,140.0,0.00638,0.00083,5,Tốt
7.67,180.5,319.9,1.558,1051.6,0.00698,0.03665,2,Nguy hiểm
8.19,165.5,171.7,0.036,258.7,0.00591,0.0009,21,Trung bình
7.07,126.1,213.0,1.157,1098.9,0.00767,0.04716,18,Nguy hiểm
10.21,362.0,2098.8,0.617,788.7,0.00348,0.00809,13,Kém
8.9,95.8,108.8,0.749,71.6,0.0109,0.00057,25,Trung bình
9.66,170.2,411.1,0.368,202.7,0.0361,0.00077,253,Kém
8.04,192.6,319.0,1.031,102.1,0.00487,0.00039,16,Tốt
10.25,703.9,448.6,4.538,97.0,0.01859,0.0006,24,Kém
8.06,154.2,3094.7,7.843,792.9,0.03726,0.00096,16,Nguy hiểm
7.16,178.0,401.5,1.584,112.9,0.02473,0.0078,218,Kém
7.16,343.0,1959.9,1.005,685.3,0.00033,0.00118,1866,Nguy hiểm
6.93,170.2,2987.6,1.198,1194.7,0.19447,0.00012,10,Nguy hiểm
5.12,139.6,312.4,1.579,154.0,0.00538,0.00666,239,Kém
8.14,424.5,478.3,0.032,161.8,0.00246,0.003,1,Trung bình
7.54,152.5,907.0,0.024,159.8,0.01348,0.00033,7,Trung bình
7.85,179.6,886.8,1.683,408.9,0.10762,0.00071,1713,Nguy hiểm
7.19,93.2,430.8,1.467,207.2,0.0044,0.00054,22,Tốt
8.19,683.7,2118.7,4.54,594.2,0.00643,0.00075,20,Kém
6.29,127.1,242.3,3.85,160.7,0.00575,0.00095,23,Trung bình
7.4,208.7,2153.6,5.701,150.8,0.00383,0.04965,7,Nguy hiểm
8.07,555.9,1827.3,4.716,194.6,0.00285,0.00509,13,Kém
6.25,181.1,258.6,0.065,101.0,0.01386,0.00095,3,Trung bình
7.27,187.4,492.2,0.847,214.8,0.00039,0.00043,6,Tốt
7.34,403.7,178.4,0.028,294.9,0.0058,0.00098,13,Trung bình
7.98,106.6,128.2,0.406,165.7,0.00244,0.00014,6,Tốt
7.82,89.9,232.2,0.313,75.5,0.00792,0.00079,13,Tốt
7.07,115.7,168.6,1.061,116.0,0.00259,0.001,24,Tốt
4.7,703.4,395.5,4.67,202.9,0.00039,6e-05,21,Nguy hiểm
5.19,189.3,386.1,1.713,843.9,0.03985,0.00025,634,Kém
7.1,212.8,280.6,1.909,219.0,0.00436,0.03449,4726,Nguy hiểm
7.77,186.2,761.6,4.74,1377.0,0.00613,0.00072,17,Nguy hiểm
7.05,414.0,398.8,0.08,267.9,0.00037,0.00064,2,Trung bình
6.16,80.8,406.8,0.511,310.9,0.00567,0.00118,61,Trung bình
9.81,146.8,457.8,0.382,546.6,0.03224,0.00496,1,Kém
7.95,169.7,239.6,1.622,338.4,0.00255,0.00099,172,Trung bình
7.45,565.1,1058.0,1.259,58.4,0.00575,0.00534,836,Kém
6.06,116.4,791.2,1.333,1396.6,0.00639,0.02705,19,Nguy hiểm
6.98,428.4,89.3,1.634,350.5,0.01343,0.02895,3,Nguy hiểm
6.83,391.3,918.0,0.75,187.0,0.01369,0.0008,11,Trung bình
7.87,147.0,226.7,4.813,1056.8,0.1066,0.04016,15,Nguy hiểm
7.25,129.1,1845.3,0.934,173.3,0.03296,0.00882,609,Kém
7.56,219.7,421.9,0.53,171.2,0.0047,0.0013,5,Tốt
8.03,351.8,2602.9,3.879,211.0,0.00376,0.03777,22,Nguy hiểm
7.67,216.9,399.8,0.559,107.4,0.00347,2e-05,19,Tốt
6.74,166.1,118.2,1.932,113.4,0.00778,0.00028,19,Tốt
6.06,210.9,132.8,3.609,85.5,0.01276,7e-05,12,Trung bình
6.74,664.4,355.8,0.354,717.5,0.03961,0.00476,24,Kém
8.02,146.2,195.3,1.297,135.1,0.00391,0.00028,12,Tốt
7.74,131.7,1070.0,1.491,112.6,0.16014,0.00061,175,Nguy hiểm
11.27,144.6,2316.9,0.443,280.7,0.00571,0.00085,10,Nguy hiểm
8.06,654.6,485.4,0.936,570.7,0.00535,0.00885,13,Kém
8.7,105.6,316.2,3.662,173.2,0.00798,0.00132,6,Trung bình
7.37,209.9,215.9,0.482,41.1,0.00467,0.00065,21,Tốt
10.8,113.4,245.3,4.111,141.9,0.00102,0.04211,6,Nguy hiểm
8.0,148.2,254.5,0.49,142.8,0.00553,0.00035,23,Tốt
10.0,522.3,739.4,4.393,154.2,0.00081,0.00531,18,Kém
7.35,138.5,959.5,1.57,191.7,0.01253,0.00278,23,Trung bình
7.3,97.0,308.8,1.716,72.2,1e-05,0.00089,13,Tốt
10.13,107.9,165.1,4.588,670.2,0.00632,0.00145,630,Kém
6.7,147.5,979.5,1.734,48.9,0.00621,0.03263,2921,Nguy hiểm
6.93,549.4,1962.9,0.714,395.7,0.04452,0.00056,6,Kém
7.76,100.7,1590.0,4.382,698.7,0.01316,0.00043,795,Kém
7.58,80.3,317.8,4.658,675.0,0.0117,0.00863,494,Kém
7.94,160.1,344.3,0.378,101.4,0.00132,0.00147,20,Tốt
5.35,132.0,1745.7,1.62,412.8,0.01955,0.00698,9,Kém
9.94,199.9,281.0,0.764,587.5,0.00414,0.0084,891,Kém
7.45,114.9,301.9,0.992,108.4,0.00308,0.00039,11,Tốt
7.21,87.6,971.3,7.053,119.5,0.00084,0.00121,24,Nguy hiểm
7.82,684.1,1731.1,1.65,135.3,0.00288,0.00841,808,Kém
7.57,147.3,340.7,0.469,206.4,0.00696,0.00101,21,Tốt
6.1,205.0,746.7,0.668,117.6,0.01054,0.00036,19,Trung bình
7.06,333.7,422.6,0.709,81.5,0.00246,0.00082,69,Trung bình
9.74,695.7,317.3,1.554,45.9,0.00738,0.00678,25,Kém
8.61,337.0,916.4,1.43,99.7,0.00227,0.00072,22,Trung bình
7.1,149.2,899.8,3.242,198.4,0.0122,0.00117,0,Trung bình
7.88,131.2,144.6,1.679,154.2,0.0947,0.00303,16,Nguy hiểm
9.65,649.4,129.0,0.546,265.6,0.03269,0.0082,15,Kém
8.13,121.9,3033.6,1.177,54.3,0.00739,0.00017,4566,Nguy hiểm
6.91,148.5,160.4,0.088,148.7,0.06432,0.00132,2905,Nguy hiểm
6.93,322.1,314.1,0.301,197.2,0.0027,0.00137,93,Trung bình
7.39,162.3,383.6,1.472,169.6,0.00127,0.00113,24,Tốt
7.1,103.9,198.1,1.768,48.9,0.00305,0.00098,23,Tốt
7.95,92.2,937.0,0.397,324.7,0.00171,0.00036,3775,Nguy hiểm
6.94,131.7,439.2,1.097,1265.7,0.01121,0.00014,119,Nguy hiểm
4.76,167.6,82.3,0.847,59.9,0.10443,0.00023,14,Nguy hiểm
5.41,634.8,211.3,1.336,190.1,0.04066,0.00616,17,Kém
6.15,121.9,348.9,3.308,167.3,0.00304,0.00134,22,Trung bình
6.7,101.5,428.1,1.335,116.5,0.00515,0.00082,6,Tốt
7.64,121.4,189.5,1.038,210.0,0.00663,0.00015,16,Tốt
7.16,219.3,1041.4,3.448,189.9,0.09841,0.02917,9,Nguy hiểm
7.05,145.4,122.4,1.323,203.4,0.00537,0.00048,11,Tốt
11.97,122.1,275.3,0.585,386.1,0.01097,0.00366,2,Nguy hiểm
6.78,100.9,181.4,1.294,151.3,0.00064,0.00048,11,Tốt
6.74,90.6,458.3,1.182,68.4,0.00397,0.00061,16,Tốt
6.8,193.5,169.1,0.388,214.8,0.00186,0.00072,6,Tốt
7.09,103.0,1706.2,0.442,125.4,0.02506,0.00727,4,Kém
11.7,418.5,286.3,0.534,113.5,0.02268,1e-05,1,Nguy hiểm
6.7,109.3,414.6,4.067,122.9,0.00372,0.00362,62,Trung bình
7.63,195.4,2088.1,1.118,602.3,0.0008,0.00516,12,Kém
9.79,144.2,486.5,1.443,62.1,0.17793,0.00036,15,Nguy hiểm
6.96,607.5,493.4,1.31,208.8,0.00283,0.00066,2150,Nguy hiểm
5.11,115.3,267.4,4.837,737.8,0.00263,0.00323,10,Kém
6.72,100.2,280.2,1.591,183.9,0.00354,0.00077,19,Tốt
7.54,153.8,373.6,0.415,185.9,0.00587,0.00019,5,Tốt
7.88,94.7,119.5,1.665,55.0,0.00757,0.00099,24,Tốt
6.97,547.4,1719.3,0.852,714.4,0.00739,0.00063,18,Kém
7.47,585.4,344.3,4.797,108.4,0.04468,0.00015,574,Kém
6.86,156.2,450.7,0.349,95.4,0.00535,0.00027,3,Tốt
7.86,563.7,479.8,1.085,171.0,0.02767,0.00841,531,Kém
6.76,213.2,111.3,1.13,91.6,0.01368,0.00044,2223,Nguy hiểm
6.73,421.9,167.2,1.697,142.9,0.00038,0.00136,73,Trung bình
7.24,178.9,811.8,1.902,132.6,0.00257,0.00283,19,Trung bình
7.0,553.4,164.2,0.036,152.0,0.00521,0.00543,848,Kém
9.08,402.8,491.1,0.486,168.1,0.00578,0.00034,16,Trung bình
7.77,163.9,414.7,0.54,162.4,0.01318,0.00267,0,Trung bình
7.61,120.4,149.2,1.882,73.4,0.00337,0.00126,8,Tốt
10.2,321.7,488.9,0.356,648.7,0.04155,0.00032,628,Kém
7.63,85.1,883.9,3.411,268.3,0.00592,0.00128,4708,Nguy hiểm
7.61,118.3,119.6,1.105,1329.0,0.02558,0.00118,3750,Nguy hiểm
7.13,123.2,245.1,1.059,1252.4,0.19973,0.01451,4979,Nguy hiểm
6.85,110.6,819.2,0.046,142.0,0.01236,0.00104,3,Trung bình
7.19,115.3,375.8,1.473,194.5,0.0021,0.00104,10,Tốt
7.72,170.7,334.6,1.737,793.6,0.02892,0.00525,802,Kém
7.65,129.6,246.8,5.844,107.5,0.00408,0.00064,101,Nguy hiểm
9.77,133.8,458.6,1.764,598.2,0.0063,0.00519,10,Kém
7.4,134.3,1761.0,4.233,161.8,0.00249,0.00739,608,Kém
7.29,644.7,463.2,1.78,215.1,0.0036,0.00502,804,Kém
7.44,96.0,357.6,1.134,142.8,0.0105,0.00287,127,Trung bình
7.55,168.1,169.5,6.663,199.8,0.1039,0.00147,4923,Nguy hiểm
6.1,331.7,400.8,0.331,46.4,0.00733,0.00037,130,Trung bình
6.82,98.6,253.4,0.615,594.9,0.14865,0.00377,12,Nguy hiểm
9.85,394.0,301.7,0.506,572.5,0.01652,0.00106,12,Kém
7.95,184.2,222.4,0.944,137.7,0.00766,0.00064,25,Tốt
7.61,93.5,318.2,0.028,198.1,0.01235,0.00339,15,Trung bình
5.42,143.3,1597.6,1.447,184.7,0.0034,0.0067,16,Kém
7.55,207.4,117.4,0.741,192.0,0.0055,0.00121,4,Tốt
7.97,135.9,341.4,1.351,186.2,0.00561,0.00142,21,Tốt
8.1,130.3,151.8,1.089,80.5,0.00286,0.00141,7,Tốt
10.99,142.8,981.0,1.83,121.3,0.00578,0.00044,4,Nguy hiểm
5.12,140.3,403.2,1.237,655.7,0.004,0.00844,439,Kém
8.91,193.5,235.2,0.033,52.1,0.00062,0.00066,140,Trung bình
7.11,136.6,155.3,1.177,140.1,0.17327,0.00228,24,Nguy hiểm
7.06,199.8,127.1,0.774,140.7,0.00785,0.00113,17,Tốt
7.88,582.7,2081.0,1.78,723.8,0.03641,0.00106,8,Kém
7.86,611.3,1546.7,1.216,823.8,0.00403,0.00093,316,Kém
7.33,194.1,313.3,1.375,76.5,0.00794,0.00132,12,Tốt
8.08,107.9,194.0,7.014,74.4,0.00621,0.00034,163,Nguy hiểm
7.95,174.6,304.6,0.849,47.3,0.00182,0.0008,6,Tốt
9.68,147.5,377.8,1.9,1321.6,0.00474,0.00136,10,Nguy hiểm
8.61,171.5,981.4,1.587,379.4,0.00082,0.00044,12,Trung bình
7.2,104.2,856.4,1.864,135.4,0.00753,0.00272,178,Trung bình
7.8,96.0,207.6,0.405,47.3,0.0065,0.00096,9,Tốt
6.8,160.2,844.2,3.46,149.3,0.01071,0.00129,20,Trung bình
11.1,208.4,969.7,0.797,635.8,0.00295,0.00039,23,Nguy hiểm
10.86,988.8,367.1,1.034,171.0,0.01403,0.00058,2023,Nguy hiểm
7.35,104.7,1044.6,0.923,107.4,0.00375,0.00309,0,Trung bình
7.85,155.2,344.5,0.448,136.7,0.00496,0.00043,8,Tốt
7.65,104.6,138.7,0.709,134.2,0.0063,0.00107,14,Tốt
8.14,162.0,99.0,0.038,137.8,0.00124,0.00075,93,Trung bình
8.86,326.5,362.7,1.835,131.2,0.01362,0.00045,9,Trung bình
7.45,217.1,178.1,0.375,212.6,0.00366,0.00069,11,Tốt
6.97,527.7,339.3,0.59,60.1,0.00245,0.02118,17,Nguy hiểm
8.58,203.7,430.0,1.061,359.5,0.01254,0.0007,5,Trung bình
7.56,121.0,488.1,1.031,175.8,0.0065,0.00046,16,Tốt
6.1,218.2,283.6,0.561,70.1,0.01103,0.00104,25,Trung bình
7.6,162.4,1779.3,1.137,1156.8,0.15882,0.00818,6,Nguy hiểm
8.67,199.5,251.6,1.893,596.4,0.02927,0.00648,265,Kém
5.19,195.1,393.3,3.486,96.8,0.0066,0.03201,9,Nguy hiểm
7.96,202.0,440.8,0.068,57.2,0.00468,0.00087,151,Trung bình
8.11,131.0,328.8,1.912,360.0,0.00097,0.00374,16,Trung bình
8.01,616.4,1786.9,4.784,199.9,0.00692,0.00013,503,Kém
7.65,132.5,716.5,0.462,45.7,0.00682,0.0003,68,Trung bình
8.07,409.0,1072.0,0.674,61.8,0.01385,0.00027,14,Trung bình
6.8,647.6,93.2,8.292,1109.6,0.00182,0.0082,11,Nguy hiểm
9.84,623.9,456.9,4.493,137.1,0.00729,0.00327,21,Kém
8.59,631.5,2006.6,4.265,196.0,0.00234,0.0013,8,Kém
7.1,175.4,491.1,1.408,55.9,0.00527,0.0005,23,Tốt
6.21,107.0,136.0,1.67,117.1,0.00699,0.00221,6,Trung bình
9.94,701.1,986.9,4.668,56.4,0.00216,0.00032,387,Kém
7.2,137.7,368.2,1.226,203.3,0.00265,0.00124,19,Tốt
6.84,112.0,202.4,0.359,151.3,0.00191,0.00067,12,Tốt
7.48,607.4,281.9,0.943,71.8,0.00774,0.00037,3405,Nguy hiểm
9.06,217.4,244.8,0.838,61.5,0.00469,0.00352,60,Trung bình
8.14,603.4,1977.1,1.515,650.2,0.00066,0.00343,19,Kém
8.18,113.3,1803.4,4.441,172.1,0.00253,0.00371,326,Kém
6.41,101.4,727.0,0.025,155.4,0.00764,0.00072,18,Trung bình
7.43,118.6,275.2,0.921,102.3,0.00067,0.00026,4,Tốt
7.05,117.7,322.7,1.931,744.5,0.00585,0.00458,387,Kém
7.21,177.0,177.2,7.524,116.9,0.02231,0.00076,24,Nguy hiểm
9.1,119.6,343.0,0.08,139.9,0.00077,0.00071,17,Trung bình
6.94,114.3,299.2,1.956,61.7,0.00439,6e-05,10,Tốt
6.87,90.5,213.3,3.693,132.4,0.01401,0.0022,5,Trung bình
3.85,203.5,451.2,7.054,1050.5,0.00386,0.00056,13,Nguy hiểm
7.29,87.2,986.4,0.998,133.6,0.00498,0.00135,95,Trung bình
7.77,109.6,486.3,0.31,200.2,0.00395,0.00138,6,Tốt
4.48,182.5,974.8,0.435,81.2,0.00784,0.00115,11,Nguy hiểm
6.74,93.4,415.9,4.542,577.3,0.00597,0.01634,2,Nguy hiểm
5.35,510.6,113.8,0.609,185.3,0.00092,0.00028,1323,Nguy hiểm
6.24,144.7,766.7,1.028,80.4,0.00752,0.00123,12,Trung bình
7.28,793.8,490.9,6.194,133.0,0.03142,0.00024,414,Nguy hiểm
7.96,218.9,99.6,0.069,263.9,0.00647,0.00236,19,Trung bình
7.87,91.3,172.9,0.368,381.4,0.0036,0.00276,157,Trung bình
7.28,124.2,223.2,0.476,328.8,0.01355,4e-05,120,Trung bình
5.18,593.4,488.2,0.652,135.9,0.01238,0.00735,770,Kém
7.01,217.5,794.6,4.028,1208.8,0.0043,0.00043,2835,Nguy hiểm
7.95,146.5,484.9,1.401,158.8,0.0035,0.00049,24,Tốt
4.06,106.4,454.8,1.493,113.8,0.03645,0.00033,125,Nguy hiểm
8.04,136.1,273.7,0.654,1123.9,0.00411,0.00048,1301,Nguy hiểm
6.06,365.9,806.4,1.212,125.3,0.00739,0.00028,17,Trung bình
5.37,659.9,1610.7,1.528,518.6,0.00182,0.00104,5,Kém
6.92,111.5,1914.6,1.273,93.0,0.02592,0.00666,440,Kém
8.16,157.2,422.6,1.11,117.2,0.00697,0.00037,19,Tốt
7.36,330.8,127.2,1.519,114.2,0.01286,0.00092,15,Trung bình
9.62,161.3,2057.4,0.669,46.1,0.01731,0.00086,152,Kém
8.11,381.1,176.8,1.799,347.6,0.00522,0.00027,23,Trung bình
9.96,671.1,364.2,0.64,180.6,0.0073,0.00627,1,Kém
7.5,376.9,806.6,1.949,67.1,0.00334,0.00365,12,Trung bình
5.28,209.9,2149.6,1.066,145.5,0.04215,0.00134,24,Kém
8.2,208.0,429.9,1.067,213.8,0.00026,0.00088,3,Tốt
7.65,107.3,235.6,4.187,185.5,0.00482,0.00134,65,Trung bình
7.91,109.8,1961.7,0.754,528.1,0.02008,0.00095,441,Kém
7.15,399.7,467.9,7.104,216.7,0.01928,0.00015,1321,Nguy hiểm
10.07,514.5,206.2,4.366,40.9,0.03845,0.00378,23,Kém
6.03,135.6,2106.7,0.465,133.2,0.00724,0.04475,2328,Nguy hiểm
8.93,202.1,275.8,1.978,112.9,0.00615,0.00346,12,Trung bình
6.9,113.5,345.1,1.717,155.8,0.00711,0.00145,18,Tốt
7.2,217.0,1888.8,4.312,108.4,0.01905,0.00294,807,Kém
6.85,189.3,394.0,0.021,154.2,0.01247,0.00123,7,Trung bình
7.13,130.7,300.6,1.206,75.2,0.0055,0.00062,18,Tốt
8.01,416.9,409.1,0.383,359.7,0.00414,0.00058,12,Trung bình
7.87,86.6,487.2,1.553,111.0,0.00697,0.00111,7,Tốt
8.13,136.8,1054.8,1.233,291.4,0.00387,0.00043,13,Trung bình
8.14,159.5,235.6,0.859,164.1,0.00505,0.00063,18,Tốt
8.03,118.5,167.2,1.792,217.0,0.00412,0.00121,4,Tốt
6.77,165.1,172.2,1.065,98.0,0.01415,0.00245,6,Trung bình
10.06,85.8,217.9,1.952,580.7,0.00422,0.00889,665,Kém
6.77,567.6,121.6,1.985,694.9,0.02255,0.00147,8,Kém
7.02,91.6,467.4,0.823,164.2,0.00616,0.00046,5,Tốt
7.78,623.7,1893.4,1.828,764.0,0.01857,0.00143,102,Kém
6.27,194.9,378.5,1.275,116.3,0.00305,0.00287,22,Trung bình
9.93,542.3,196.8,0.648,716.9,0.00363,0.00087,217,Kém
4.46,947.7,2452.2,1.254,707.9,0.00759,0.00049,8,Nguy hiểm
6.34,423.4,233.2,0.075,78.8,0.00366,0.00137,9,Trung bình
7.75,585.8,475.8,7.807,98.5,0.00591,0.00074,19,Nguy hiểm
8.13,407.6,180.3,4.602,155.6,0.02643,0.00098,3988,Nguy hiểm
8.71,138.6,136.3,0.033,259.0,0.0035,0.00116,1,Trung bình
7.2,198.6,185.0,1.403,312.5,0.00546,0.00051,75,Trung bình
7.21,174.7,3132.3,0.442,90.7,0.00046,0.00071,1665,Nguy hiểm
6.77,567.2,1634.7,0.837,1156.2,0.0034,0.00233,23,Nguy hiểm
7.05,111.7,1091.9,1.081,281.8,0.00321,0.00073,17,Trung bình
7.73,196.9,860.1,0.454,95.5,0.01134,0.00071,61,Trung bình
7.58,129.8,182.6,0.789,76.7,0.00281,6e-05,10,Tốt
6.93,212.4,204.0,1.243,138.8,0.00637,0.00053,20,Tốt
7.86,706.9,1804.0,0.649,643.6,0.0285,0.00091,2,Kém
9.0,107.9,2560.6,1.261,85.9,0.04026,0.00147,4726,Nguy hiểm
9.74,380.1,384.0,6.559,50.3,0.00701,0.00106,379,Nguy hiểm
6.13,163.8,287.5,0.904,92.3,0.00339,0.00305,8,Trung bình
7.88,188.0,1553.1,4.597,527.4,0.00389,0.00133,822,Kém
7.59,91.4,1600.9,0.426,646.6,0.02762,0.00065,553,Kém
7.02,320.7,1032.7,0.332,211.0,0.00207,0.00305,7,Trung bình
5.19,588.3,410.4,4.337,797.5,0.01378,0.00065,21,Kém
6.73,80.3,225.4,0.356,42.2,0.00229,0.00045,22,Tốt
6.91,210.9,1083.9,1.073,139.6,0.01417,0.00011,25,Trung bình
7.64,102.1,2053.4,1.025,842.8,0.03222,0.00486,4,Kém
9.62,114.6,423.9,1.646,206.4,0.0872,0.01996,25,Nguy hiểm
8.09,83.3,269.2,0.305,120.3,0.00477,0.00148,1,Tốt
6.39,99.2,729.3,0.374,94.1,0.01146,0.00136,14,Trung bình
6.96,187.1,361.4,0.44,172.6,0.00033,0.00056,14,Tốt
6.74,167.5,382.2,1.81,161.9,0.00797,0.00021,16,Tốt
7.65,125.4,472.7,0.485,126.8,0.10729,0.01497,20,Nguy hiểm
7.31,116.5,88.3,0.864,79.6,0.00737,0.00129,9,Tốt
6.83,178.0,814.3,6.82,1084.9,0.10727,0.00095,22,Nguy hiểm
9.81,112.8,176.4,1.762,388.5,0.03879,0.0066,844,Kém
8.18,141.0,1810.1,3.676,1265.7,0.00387,0.02072,10,Nguy hiểm
7.19,155.2,173.0,0.052,337.0,0.00449,0.0009,158,Trung bình
7.33,202.1,396.3,3.882,92.8,0.00376,0.00035,112,Trung bình
8.08,937.1,2444.6,1.367,361.8,0.00476,0.01798,12,Nguy hiểm
7.7,785.4,356.7,1.974,1133.6,0.00767,0.00069,3765,Nguy hiểm
10.16,178.4,866.1,1.459,517.5,0.0268,0.001,481,Kém
6.93,140.4,1541.5,0.046,266.0,0.00419,0.00065,1838,Nguy hiểm
7.69,172.8,104.0,0.592,67.2,0.00141,0.00037,21,Tốt
7.02,184.3,352.6,1.028,212.7,0.00018,0.00129,4,Tốt
7.25,704.7,221.4,0.528,213.3,0.04098,0.00039,259,Kém
7.56,218.4,156.1,1.354,207.0,0.00169,0.00015,23,Tốt
6.01,95.4,1091.7,0.379,86.8,0.00109,0.00143,13,Trung bình
8.13,89.0,424.1,1.978,129.6,0.00422,0.00021,11,Tốt
8.66,195.2,273.1,1.825,80.0,0.01267,0.00101,3,Trung bình
6.3,172.1,142.7,3.845,64.8,0.00288,0.00343,21,Trung bình
7.29,700.9,193.6,0.044,179.4,0.00712,0.0144,215,Nguy hiểm
5.21,97.7,427.0,0.654,588.3,0.01811,0.00251,335,Kém
7.06,596.9,2183.3,1.41,772.7,0.00432,0.00516,10,Kém
6.78,412.8,260.3,0.037,199.9,0.01099,0.00069,10,Trung bình
7.7,544.2,353.9,1.995,728.0,0.00678,0.00058,801,Kém
5.19,537.2,430.0,1.903,580.2,0.00675,0.00046,619,Kém
7.69,80.7,444.4,0.543,757.3,0.02816,0.00493,10,Kém
8.61,687.9,433.6,1.441,558.0,0.03353,0.00786,20,Kém
7.68,207.3,2142.1,1.841,64.9,0.01601,0.0006,399,Kém
7.82,534.9,86.3,1.707,192.9,0.0023,0.03714,153,Nguy hiểm
7.99,94.5,381.8,0.511,192.6,0.00317,0.00073,13,Tốt
4.2,189.8,281.7,1.059,123.7,0.00736,0.00096,81,Nguy hiểm
7.06,114.4,928.1,1.125,264.5,0.00475,0.00025,5,Trung bình
5.28,204.2,305.4,4.267,95.6,0.03463,0.00014,386,Kém
7.72,122.1,1963.2,1.765,84.1,0.1938,0.00076,8,Nguy hiểm
7.5,126.7,136.6,1.109,58.4,0.00739,0.00093,6,Tốt
7.63,199.9,2659.5,4.945,174.0,0.00726,0.00126,4934,Nguy hiểm
6.1,647.3,1966.9,4.519,169.9,0.00457,0.0073,21,Kém
8.09,158.1,407.7,0.569,1285.3,0.00336,0.00142,100,Nguy hiểm
7.29,591.9,1979.3,1.226,119.2,0.01888,0.00126,8,Kém
5.39,96.6,252.7,1.305,671.2,0.04066,0.0007,1,Kém
10.15,96.9,1886.6,4.513,399.9,0.03574,0.00062,2,Kém
10.13,98.4,1704.2,1.808,192.8,0.00463,0.00135,861,Kém
5.35,121.8,942.4,0.632,108.3,0.03416,0.00558,23,Kém
6.1,143.1,244.2,1.306,77.8,0.00373,0.00331,22,Trung bình
5.36,192.1,342.1,4.226,149.8,0.02107,0.0054,129,Kém
7.38,127.6,912.7,1.428,54.5,0.19762,0.00107,5,Nguy hiểm
7.94,179.7,429.8,1.587,83.0,0.00475,0.00129,5,Tốt
7.39,196.8,378.4,9.734,49.8,0.02973,0.00096,4505,Nguy hiểm
7.83,167.3,328.8,1.102,99.9,0.00539,0.00147,18,Tốt
7.68,85.6,1082.7,1.922,65.5,0.01296,0.00078,91,Trung bình
8.14,113.5,335.2,1.855,1202.7,0.00459,0.00306,4429,Nguy hiểm
5.37,552.7,2149.6,4.366,140.2,0.00757,0.0036,24,Kém
8.86,91.7,201.7,0.599,199.4,0.00712,0.00012,115,Trung bình
8.17,184.5,2192.5,4.892,758.7,0.02126,0.00012,17,Kém
7.82,125.8,2175.7,1.628,164.9,0.09381,0.00093,2167,Nguy hiểm
7.27,174.2,161.6,0.046,50.0,0.14132,0.00144,9,Nguy hiểm
7.16,167.3,97.6,0.361,184.4,0.0029,0.0009,23,Tốt
7.08,115.6,411.8,0.745,1056.2,0.00456,0.00071,4078,Nguy hiểm
7.72,861.8,943.3,0.689,1103.8,0.00109,0.00121,4640,Nguy hiểm
4.83,166.0,233.8,1.233,1256.7,0.00262,0.00037,18,Nguy hiểm
7.24,313.8,302.0,0.429,341.8,5e-05,0.00302,8,Trung bình
6.81,188.6,114.0,1.578,123.8,0.00305,0.00051,21,Tốt
7.42,201.6,439.7,1.926,99.2,0.00352,0.00112,24,Tốt
7.05,393.5,942.9,1.118,158.2,0.00107,0.00031,21,Trung bình
7.53,179.9,393.6,1.983,90.3,0.00173,0.00095,3,Tốt
8.04,132.2,102.7,0.785,201.7,0.00463,0.00146,21,Tốt
7.24,119.4,198.2,1.617,78.0,0.00633,0.00074,2,Tốt
8.06,196.7,433.2,1.153,133.9,0.00672,0.00087,23,Tốt
7.39,199.1,437.9,0.706,758.1,0.19786,0.00028,368,Nguy hiểm
5.16,420.8,2109.9,1.467,90.7,0.03838,0.00617,9,Kém
7.34,94.4,445.5,0.971,44.4,0.0013,0.00093,14,Tốt
7.68,203.0,476.1,0.444,80.5,0.01236,0.02958,20,Nguy hiểm
6.81,205.7,430.9,1.467,208.8,3e-05,0.00029,6,Tốt
10.16,204.4,2059.3,1.662,167.5,0.01783,0.00027,2,Kém
8.15,165.9,126.8,0.025,280.9,0.00675,0.00244,5,Trung bình
7.06,182.0,311.3,1.044,139.6,0.00659,0.00031,22,Tốt
5.16,591.2,197.0,1.533,298.5,0.02687,0.00078,412,Kém
6.96,205.9,472.3,1.421,57.1,0.00509,5e-05,5,Tốt
7.57,152.1,1767.3,0.997,275.4,0.00778,0.03952,674,Nguy hiểm
9.79,159.0,479.5,1.02,761.7,0.01716,0.00032,510,Kém
10.28,121.4,1573.2,4.716,90.1,0.00369,0.00028,289,Kém
7.65,187.2,299.5,1.157,213.0,0.00229,0.00124,12,Tốt
7.76,95.7,312.2,7.081,164.8,0.05815,0.00014,525,Nguy hiểm
9.71,198.0,1528.6,1.48,693.9,0.01367,0.00805,1,Kém
7.08,128.9,1730.5,0.867,299.4,0.0912,0.00024,4,Nguy hiểm
7.06,627.8,2017.1,0.548,169.0,0.00242,0.00607,2,Kém
6.79,608.6,1985.8,0.429,63.4,0.03386,0.00102,111,Kém
7.58,137.9,269.2,1.041,110.8,0.0035,0.00118,16,Tốt
10.12,593.9,1743.9,1.87,42.2,0.00443,0.00618,15,Kém
11.81,98.2,941.1,1.715,1090.0,0.00317,6e-05,4010,Nguy hiểm
7.32,197.7,372.2,7.636,47.3,0.00245,0.0011,4946,Nguy hiểm
9.76,160.6,180.6,0.587,803.5,0.00393,0.00821,769,Kém
5.25,674.1,467.4,4.772,188.7,0.00555,0.00038,499,Kém
6.7,149.7,127.8,1.892,41.1,0.00564,0.00123,17,Tốt
7.94,92.2,335.7,1.855,218.4,0.00685,0.00012,9,Tốt
7.8,205.1,165.5,0.022,91.9,0.00569,0.0,89,Trung bình
6.91,717.2,455.7,4.529,92.0,0.02319,0.0065,167,Kém
7.16,557.6,148.2,0.723,519.6,0.00384,0.00703,9,Kém
5.27,708.9,167.7,0.793,647.9,0.00475,0.0004,87,Kém
7.85,397.1,478.3,1.202,138.6,0.01859,0.00683,241,Kém
3.42,150.3,85.1,8.935,1256.3,0.0031,0.00043,16,Nguy hiểm
7.85,584.1,308.3,1.27,1328.4,0.00338,0.00021,584,Nguy hiểm
7.1,84.4,138.5,1.853,140.9,0.00462,0.00092,18,Tốt
7.52,155.4,156.2,0.917,92.5,0.0002,0.00096,22,Tốt
8.87,103.9,219.8,0.086,288.2,0.00602,0.00058,17,Trung bình
7.38,208.3,244.8,5.974,88.1,0.00398,0.00506,17,Nguy hiểm
5.41,106.7,1043.7,6.386,346.8,0.00678,0.00024,14,Nguy hiểm
10.12,194.2,288.0,1.484,93.9,0.00355,4e-05,3469,Nguy hiểm
7.87,134.2,941.3,1.838,269.1,0.00158,0.00058,23,Trung bình
7.29,626.1,339.2,6.465,132.0,0.17332,7e-05,19,Nguy hiểm
6.41,400.2,373.2,3.434,128.7,0.00425,0.00039,19,Trung bình
8.1,418.0,908.9,0.67,415.8,0.00494,9e-05,19,Trung bình
8.79,313.1,492.2,0.342,212.2,0.00698,0.00011,134,Trung bình
10.15,387.1,454.4,0.756,112.4,0.00034,0.02329,315,Nguy hiểm
7.84,109.1,376.6,0.657,81.6,0.00012,0.0007,9,Tốt
7.22,677.0,428.3,1.095,796.1,0.00512,0.00695,382,Kém
7.12,710.4,2133.8,1.201,733.6,0.00036,0.00885,4,Kém
7.1,203.7,348.7,1.521,400.3,0.00215,0.00246,7,Trung bình
6.81,209.9,251.7,0.503,100.7,0.00202,0.00046,13,Tốt
8.06,170.1,432.5,0.076,140.4,0.00187,0.00265,11,Trung bình
7.93,196.8,291.7,1.872,40.3,0.00576,0.00128,15,Tốt
7.7,418.1,96.0,0.687,138.0,0.01363,0.00116,167,Trung bình
10.09,141.7,1881.2,0.574,61.4,0.00763,0.00826,705,Kém
6.07,199.8,843.5,0.919,411.8,0.00148,0.00129,11,Trung bình
7.31,121.5,1016.5,0.044,273.7,0.00747,0.0005,15,Trung bình
7.85,93.9,1009.4,5.533,1270.7,0.00647,0.00131,23,Nguy hiểm
7.98,135.2,236.8,1.715,113.4,0.00109,0.00071,2,Tốt
9.66,698.0,363.0,1.4,193.7,0.01805,0.00092,251,Kém
4.74,207.2,2326.8,3.475,52.5,0.00087,0.01316,22,Nguy hiểm
7.97,568.8,1863.8,0.594,1227.9,0.00115,0.00072,493,Nguy hiểm
5.39,579.5,468.1,1.472,840.5,0.00453,0.00146,6,Kém
6.88,343.5,408.0,0.578,348.4,0.00102,0.00076,63,Trung bình
8.92,128.4,932.1,5.346,117.5,0.00771,0.00089,148,Nguy hiểm
7.99,145.5,432.2,0.057,62.2,0.00686,0.00135,69,Trung bình
7.34,108.9,210.9,7.435,794.4,0.06984,0.03614,10,Nguy hiểm
7.75,125.5,448.0,1.74,83.8,0.00196,0.00232,155,Trung bình
7.9,146.4,2155.3,0.608,142.1,0.00151,0.00567,638,Kém
6.2,87.3,1046.8,1.607,149.5,0.00185,0.00116,1,Trung bình
7.99,144.2,2088.7,4.445,1101.4,0.00657,0.00117,170,Nguy hiểm
7.83,194.5,371.0,1.699,387.7,0.00222,0.00312,4376,Nguy hiểm
7.13,164.2,2955.5,0.451,1161.6,0.01651,0.03703,2,Nguy hiểm
8.1,93.6,159.2,1.963,133.2,0.00719,0.00121,17,Tốt
8.82,332.1,159.3,1.562,258.2,0.00022,0.00093,22,Trung bình
6.97,179.4,824.1,0.804,398.0,0.01277,0.00099,5,Trung bình
8.12,140.4,185.9,0.787,185.2,0.00575,0.00034,0,Tốt
8.58,420.3,723.8,1.07,97.0,0.00554,0.00117,14,Trung bình
7.25,181.9,280.8,1.64,161.7,0.00311,0.0008,18,Tốt
6.9,164.3,463.1,0.98,40.8,0.0014,0.00117,12,Tốt
7.82,197.4,307.4,1.649,72.9,0.00317,0.00138,5,Tốt
6.8,161.1,249.0,6.412,212.4,0.03005,0.00308,3,Nguy hiểm
7.75,126.2,898.7,0.407,193.6,0.00521,0.00379,12,Trung bình
7.77,153.2,180.4,1.73,1110.6,0.00659,0.0008,3061,Nguy hiểm
6.96,114.6,217.4,9.934,327.0,0.16152,0.0013,15,Nguy hiểm
7.06,81.7,81.5,1.769,56.8,0.00348,0.00054,16,Tốt
7.22,187.2,469.0,0.943,362.2,0.01285,0.00095,170,Trung bình
7.88,693.6,763.1,4.542,185.1,0.00018,0.00102,1641,Nguy hiểm
7.01,152.0,424.8,7.627,200.8,0.00522,0.0088,2,Nguy hiểm
5.41,518.1,99.9,1.129,118.7,0.02535,0.00149,11,Kém
6.97,217.5,806.6,0.355,54.3,0.00268,0.0008,72,Trung bình
6.77,364.1,1661.4,0.667,154.7,0.00605,0.01763,20,Nguy hiểm
6.04,88.6,127.6,4.198,414.2,0.00504,4e-05,15,Trung bình
8.09,191.6,193.5,1.905,74.5,0.00088,0.00089,5,Tốt
7.23,119.4,341.2,0.521,212.7,0.0012,0.00032,18,Tốt
7.06,109.7,466.4,3.114,346.6,0.00222,0.0026,20,Trung bình
6.76,93.6,416.8,1.298,211.3,0.00191,0.00118,2,Tốt
6.17,416.3,324.3,0.722,160.5,0.0043,0.00135,174,Trung bình
7.99,120.3,1079.9,3.436,305.7,0.00131,9e-05,8,Trung bình
6.9,88.1,478.3,1.729,104.0,0.00213,0.0006,5,Tốt
11.43,129.2,364.1,1.681,203.1,0.03814,0.01213,16,Nguy hiểm
7.44,115.4,496.9,1.745,189.0,0.00552,0.00148,19,Tốt
6.91,534.9,384.2,0.781,611.2,0.0064,0.00501,217,Kém
6.24,344.4,462.1,1.453,116.1,0.01062,0.00127,6,Trung bình
7.48,348.4,453.0,1.076,147.3,0.15544,0.00105,23,Nguy hiểm
6.98,127.5,436.4,0.862,111.4,0.00227,2e-05,24,Tốt
6.74,641.2,1761.9,0.69,75.0,0.0067,0.00662,16,Kém
7.93,201.0,252.6,1.686,124.0,0.00523,0.00137,15,Tốt
8.74,91.6,393.3,1.389,262.0,0.00344,0.00043,157,Trung bình
9.8,180.3,491.2,1.276,80.3,0.03601,0.00574,2,Kém
7.06,184.3,453.9,1.483,90.5,0.00014,2e-05,15,Tốt
7.12,150.7,1006.2,0.86,272.8,0.00468,0.0009,1,Trung bình
7.68,209.8,1833.8,0.511,725.9,0.00395,0.00112,765,Kém
5.33,148.8,1867.1,1.004,102.4,0.00104,0.00029,427,Kém
8.17,146.0,452.7,1.09,219.4,0.00088,0.00113,8,Tốt
8.05,129.1,195.7,8.307,45.9,0.10096,3e-05,20,Nguy hiểm
6.79,679.6,487.6,4.764,1236.0,0.0045,0.00037,2381,Nguy hiểm
6.02,107.0,1078.9,1.159,273.1,0.0007,0.00147,13,Trung bình
6.78,218.2,131.6,0.522,218.3,0.00194,0.00144,8,Tốt
7.51,170.5,150.2,1.477,152.9,0.00042,0.00065,2,Tốt
6.74,186.8,96.1,1.556,57.9,0.00721,0.00057,18,Tốt
8.71,143.5,433.5,1.464,317.8,0.00283,0.00062,5,Trung bình
7.0,121.8,368.6,1.85,1344.9,0.00278,0.00116,57,Nguy hiểm
7.96,121.2,110.6,0.364,171.5,0.00069,0.00121,15,Tốt
9.72,657.7,445.4,3.855,614.7,0.00681,4e-05,885,Kém
7.63,91.9,480.8,1.636,132.0,0.05629,0.00041,3414,Nguy hiểm
7.55,749.1,184.9,5.329,157.6,0.16332,0.00102,21,Nguy hiểm
7.59,167.6,341.8,0.652,73.4,0.00358,0.00086,24,Tốt
7.73,96.0,83.1,0.921,166.7,0.00133,7e-05,17,Tốt
7.93,84.0,259.0,1.654,52.4,0.00559,0.00116,0,Tốt
11.83,81.5,2334.5,1.3,56.1,0.00132,0.00021,25,Nguy hiểm
4.29,112.8,144.3,5.996,76.6,0.06853,0.00095,23,Nguy hiểm
6.77,91.3,393.4,1.922,139.7,0.00099,0.00068,12,Tốt
6.83,89.9,266.4,0.44,218.5,0.00306,0.0009,9,Tốt
7.21,164.1,2081.8,1.234,267.3,0.02711,0.00707,20,Kém
7.87,147.4,345.2,4.259,1221.2,0.02628,0.00041,1,Nguy hiểm
5.18,186.1,2192.1,4.606,840.7,0.00417,0.00285,12,Kém
7.12,204.1,148.9,1.109,149.0,0.00617,0.00067,13,Tốt
9.62,649.8,162.0,0.559,747.1,0.00379,0.00771,10,Kém
5.35,95.2,1958.0,4.882,48.8,0.02306,0.00011,2,Kém
7.61,394.1,194.0,0.85,54.8,0.01163,0.00082,3,Trung bình
5.25,184.2,333.2,1.613,189.4,0.14979,0.04519,7,Nguy hiểm
7.72,186.1,164.0,0.337,1302.4,0.02724,0.00102,18,Nguy hiểm
8.02,411.4,258.9,0.449,165.7,0.1211,4e-05,499,Nguy hiểm
4.18,143.8,87.3,1.442,299.2,0.15345,0.0035,1,Nguy hiểm
3.9,117.9,235.9,6.901,151.6,0.00055,0.00016,7,Nguy hiểm
7.19,115.2,485.9,0.764,97.8,0.00756,9e-05,11,Tốt
7.16,119.0,444.0,0.075,1299.2,0.14729,0.00063,13,Nguy hiểm
9.8,332.9,116.9,1.406,631.5,0.0162,0.00118,23,Kém
6.92,355.8,461.3,1.677,175.1,0.00639,0.01951,7,Nguy hiểm
7.83,130.6,214.0,1.939,724.7,0.03402,0.0011,426,Kém
7.06,383.4,286.5,1.97,49.8,0.01272,0.00299,19,Trung bình
7.47,181.9,152.7,0.813,49.9,0.00658,0.00136,8,Tốt
8.05,158.2,429.4,1.274,67.6,0.00078,0.00064,21,Tốt
7.17,327.3,249.7,3.387,112.4,0.0072,0.00114,163,Trung bình
7.97,108.2,328.6,1.348,141.7,0.0022,0.00031,20,Tốt
7.97,628.1,3055.6,1.69,1249.9,0.13585,0.00078,19,Nguy hiểm
8.67,136.7,735.6,1.51,73.8,0.00425,0.00026,160,Trung bình
7.62,545.8,208.8,4.692,172.1,0.03566,7e-05,397,Kém
7.35,143.7,423.3,3.474,117.8,0.01091,0.00324,6,Trung bình
11.07,139.5,286.4,7.927,808.3,0.00098,0.00878,14,Nguy hiểm
11.04,197.7,304.7,1.805,1058.3,0.00166,0.0058,22,Nguy hiểm
10.24,126.7,191.1,4.924,151.9,0.01132,0.00646,672,Kém
7.48,84.3,234.1,0.699,211.7,0.0075,0.00052,8,Tốt
7.02,89.4,118.4,1.6,136.3,0.00678,0.00091,8,Tốt
5.2,559.4,2069.5,4.63,118.1,0.00694,0.00284,10,Kém
7.85,215.3,423.4,1.541,205.0,0.00177,0.00112,22,Tốt
8.76,112.8,868.9,0.415,120.1,0.00029,0.0023,23,Trung bình
6.71,714.9,302.8,0.759,779.7,0.00262,0.00013,408,Kém
6.76,118.6,99.0,6.596,148.4,0.00582,0.00139,4015,Nguy hiểm
7.85,151.7,361.5,0.798,139.6,0.00793,0.00018,11,Tốt
6.12,378.0,467.3,1.403,97.8,0.00635,0.00331,1,Trung bình
8.57,109.7,799.6,1.324,139.6,7e-05,0.00236,11,Trung bình
7.74,134.6,172.2,1.138,159.3,0.15366,8e-05,2610,Nguy hiểm
10.04,133.3,429.6,4.216,268.8,0.00645,0.00573,571,Kém
6.7,198.4,261.5,0.448,144.9,0.00531,0.00126,17,Tốt
5.31,133.5,2006.0,4.544,70.5,0.00202,0.00339,510,Kém
6.74,195.4,208.8,0.692,580.4,0.0983,0.0003,13,Nguy hiểm
7.17,137.8,3115.2,1.764,1336.8,0.00677,0.03788,12,Nguy hiểm
6.75,93.9,273.4,4.46,1169.6,0.00589,0.00124,14,Nguy hiểm
7.1,200.8,325.3,1.044,59.2,0.00475,0.00022,4,Tốt
6.2,336.2,345.3,3.318,213.8,0.00772,0.00033,12,Trung bình
6.07,411.8,296.1,0.56,319.3,0.00475,0.00021,21,Trung bình
8.09,198.0,1021.8,1.06,149.9,0.01437,2e-05,130,Trung bình
7.29,214.3,194.1,0.462,92.4,0.0033,0.00089,21,Tốt
7.45,171.9,374.7,1.356,109.3,0.00573,0.00013,10,Tốt
7.06,121.5,366.0,0.501,206.4,8e-05,0.00093,14,Tốt
6.34,118.1,223.9,1.732,91.9,0.00714,0.00118,158,Trung bình
6.92,152.2,370.9,1.205,200.8,0.00536,0.00039,10,Tốt
7.07,107.2,1027.0,4.244,1324.9,0.00593,0.03188,5,Nguy hiểm
9.92,104.8,83.7,4.939,390.6,0.04173,0.00085,666,Kém
5.16,529.8,152.7,4.55,635.5,0.00367,8e-05,98,Kém
6.73,179.6,367.3,1.48,97.9,0.00373,0.0003,22,Tốt
7.68,355.2,428.9,8.926,153.8,0.07651,0.00054,10,Nguy hiểm
8.15,187.5,2134.4,4.737,154.6,0.03421,0.00119,386,Kém
7.9,394.6,1086.0,3.655,213.2,0.00755,0.00048,25,Trung bình
6.86,178.7,485.0,0.531,208.8,0.01254,5e-05,90,Trung bình
7.36,177.9,170.5,1.891,55.3,0.00423,0.02984,4624,Nguy hiểm
7.37,208.8,434.2,0.95,42.1,0.0018,0.00067,23,Tốt
7.91,178.2,409.7,0.852,73.8,0.00556,0.00136,22,Tốt
7.07,133.8,141.8,0.495,208.8,0.00175,2e-05,2,Tốt
7.16,166.8,420.2,1.209,1335.7,0.1085,0.00116,434,Nguy hiểm
7.32,182.1,378.3,1.612,140.5,0.00186,0.00026,9,Tốt
10.23,582.6,125.9,0.867,299.6,0.03014,0.00613,17,Kém
6.76,631.1,363.3,4.426,525.6,0.00703,0.00343,0,Kém
6.45,149.5,967.5,0.043,217.9,0.00239,0.0005,11,Trung bình
7.89,138.4,947.1,1.283,312.9,0.00286,0.00129,9,Trung bình
9.71,183.6,120.0,8.768,79.1,0.00556,0.00079,25,Nguy hiểm
6.75,183.1,1514.4,4.902,87.4,0.02969,0.00094,362,Kém
3.56,100.3,475.5,1.505,179.4,0.00011,0.00582,18,Nguy hiểm
7.06,134.0,214.9,1.362,217.2,0.01212,0.00259,90,Trung bình
6.8,102.6,181.7,1.708,210.4,0.00301,0.00125,6,Tốt
6.78,114.9,98.5,1.771,65.9,0.00541,0.00142,18,Tốt
7.01,135.4,319.7,1.42,104.8,0.00693,4e-05,5,Tốt
7.36,195.9,350.0,1.193,117.4,0.00486,5e-05,6,Tốt
7.64,397.8,364.1,0.785,117.7,0.01192,0.00101,20,Trung bình
7.15,100.1,1835.4,1.729,839.4,0.00352,0.00729,18,Kém
7.99,157.9,365.8,1.512,119.9,0.00543,0.00016,8,Tốt
8.16,111.8,200.1,0.863,40.4,0.00147,0.00057,24,Tốt
7.13,521.0,2194.5,4.516,73.8,0.00015,0.00628,77,Kém
6.78,413.6,1038.2,0.554,100.5,0.00765,0.00137,132,Trung bình
7.85,102.9,205.4,1.167,154.1,0.00315,0.00113,14,Tốt
11.34,583.2,2939.5,1.404,155.7,0.00106,0.01154,6,Nguy hiểm
3.8,167.5,372.8,0.777,194.5,0.00487,0.00047,4457,Nguy hiểm
7.75,179.3,380.7,1.684,95.3,0.18016,0.00091,78,Nguy hiểm
7.34,92.6,141.9,1.1,84.9,0.00651,0.00225,4899,Nguy hiểm
7.09,96.6,1933.5,4.294,809.5,0.00536,0.00563,22,Kém
10.0,198.6,404.1,0.779,788.5,0.02592,0.00701,6,Kém
7.24,412.2,150.5,3.817,169.5,0.00505,0.00098,8,Trung bình
7.79,116.5,278.6,1.162,86.3,0.0063,1e-05,19,Tốt
6.77,82.1,356.4,1.222,79.8,0.01109,0.00276,13,Trung bình
10.19,351.9,177.9,4.839,183.1,0.00552,0.02881,4,Nguy hiểm
5.35,544.6,260.1,0.802,766.4,0.00507,0.00084,14,Kém
7.03,612.3,442.0,1.663,207.5,0.00313,0.0031,4029,Nguy hiểm
6.02,140.3,2096.4,0.545,74.5,0.01979,0.00805,11,Kém
7.99,711.2,1040.4,1.898,818.1,0.03411,0.00064,3,Kém
8.19,126.2,332.1,0.768,175.1,0.00427,0.00092,4,Tốt
8.56,219.2,229.7,3.8,214.6,0.00591,0.00042,13,Trung bình
5.38,108.8,356.9,0.992,1326.4,0.03633,0.00053,3,Nguy hiểm
6.85,542.9,2142.1,1.7,403.2,0.00121,0.00857,416,Kém
5.35,308.9,1666.5,0.462,120.0,0.03387,0.00088,20,Kém
10.83,113.4,191.8,5.62,207.5,0.03099,0.02193,13,Nguy hiểm
7.84,131.8,305.1,1.091,58.5,0.00136,0.00076,11,Tốt
6.75,356.8,449.8,4.03,204.7,0.01205,0.00052,2,Trung bình
7.46,96.5,288.5,0.673,843.7,0.02812,0.00099,644,Kém
7.77,104.0,259.5,1.549,172.1,0.00277,0.00135,21,Tốt
9.98,554.4,1711.2,1.13,119.7,0.00604,0.00135,805,Kém
7.61,188.4,153.2,1.912,384.7,0.00558,0.00036,142,Trung bình
7.45,621.7,259.0,0.839,780.1,0.00183,0.00649,661,Kém
8.16,171.8,114.6,3.349,258.9,0.00726,0.00117,99,Trung bình
6.98,166.2,282.5,3.801,293.5,0.00299,0.00065,2,Trung bình
7.05,135.4,359.2,1.858,134.5,0.00053,0.00055,9,Tốt
7.53,121.7,285.3,0.322,145.8,0.00328,0.00143,7,Tốt
7.34,416.6,398.1,3.63,185.3,0.00735,0.00118,1,Trung bình
7.26,168.1,87.7,0.901,184.2,0.00174,0.00027,21,Tốt
7.88,190.8,771.0,3.732,151.2,0.01382,0.00016,20,Trung bình
7.68,85.6,402.9,0.515,201.0,0.00234,0.00046,10,Tốt
7.55,217.5,1092.8,1.42,71.9,0.00557,0.00247,18,Trung bình
7.34,97.9,347.1,0.332,111.4,0.00175,0.00025,17,Tốt
8.8,94.3,160.7,1.089,282.3,0.01188,0.00111,6,Trung bình
8.77,104.0,101.4,0.346,262.9,0.00245,0.00318,21,Trung bình
6.85,404.3,459.7,1.221,123.7,0.01074,0.00062,151,Trung bình
4.02,712.9,141.3,0.369,68.5,0.00245,0.00085,889,Nguy hiểm
6.73,165.7,199.1,0.497,334.1,0.00731,0.00331,2,Trung bình
7.7,163.6,350.0,1.063,144.7,3e-05,0.00012,15,Tốt
7.37,143.9,2251.2,1.873,1222.8,0.00266,0.00077,2,Nguy hiểm
7.48,619.7,448.8,1.21,668.6,0.02244,9e-05,17,Kém
10.83,121.1,151.8,1.143,205.4,0.13037,0.00315,254,Nguy hiểm
5.22,176.6,113.3,1.714,804.7,0.00154,0.00119,308,Kém
6.96,166.8,90.5,1.413,207.5,0.00048,0.00084,19,Tốt
7.25,181.4,87.6,1.967,98.0,0.0131,0.00374,154,Trung bình
10.05,138.5,1885.1,1.991,177.1,0.04238,0.00087,850,Kém
7.29,169.2,205.6,1.824,280.7,0.19337,0.02357,16,Nguy hiểm
8.17,365.1,464.9,0.819,218.0,0.01187,0.00085,174,Trung bình
7.07,518.1,1631.2,1.257,835.8,0.01411,0.00068,22,Kém
7.38,652.0,134.7,1.642,571.7,0.01835,0.00014,118,Kém
7.13,189.4,359.8,1.071,207.1,0.00529,0.00011,1,Tốt
8.09,910.4,337.1,3.201,193.6,0.06816,0.00651,10,Nguy hiểm
7.33,378.1,187.2,0.607,131.0,0.01318,0.00317,9,Trung bình
8.02,106.1,292.6,1.849,149.8,0.00251,0.00111,12,Tốt
6.96,318.1,819.0,1.651,164.1,0.00543,0.00049,18,Trung bình
6.9,173.6,381.9,1.535,626.9,0.04278,0.00866,9,Kém
6.77,83.1,270.2,0.475,180.2,0.00567,0.00082,21,Tốt
6.79,394.9,210.8,0.068,58.7,0.00712,0.00019,156,Trung bình
6.29,136.4,1054.5,1.778,370.9,0.00264,0.0003,0,Trung bình
5.45,553.7,131.0,1.05,143.6,0.00177,0.00148,420,Kém
5.31,568.9,2070.2,1.341,119.5,0.02535,0.00027,8,Kém
9.99,129.0,298.7,0.526,80.6,0.00121,0.00748,714,Kém
8.8,104.9,366.2,0.832,66.5,0.01447,0.00025,8,Trung bình
5.19,315.7,170.3,1.968,574.0,0.04234,0.00014,238,Kém
7.9,204.7,222.5,1.136,178.2,0.00237,0.00011,10,Tốt
7.17,92.2,136.2,9.066,49.3,0.0201,0.00137,1244,Nguy hiểm
8.08,680.1,88.6,1.938,216.2,0.00684,0.00894,585,Kém
7.98,206.6,851.2,0.901,76.1,0.01091,0.00109,12,Trung bình
7.13,172.4,461.0,4.563,56.0,0.00391,0.00117,4362,Nguy hiểm
7.54,182.8,1629.5,0.055,706.8,0.00726,0.00482,254,Kém
7.64,83.3,355.9,0.398,172.9,0.00468,0.00129,6,Tốt
11.23,172.1,1073.0,1.607,175.9,0.00305,0.00087,3532,Nguy hiểm
7.23,202.6,200.3,0.457,103.4,0.00605,0.00068,11,Tốt
6.99,398.8,320.4,0.302,211.3,0.01442,0.00019,11,Trung bình
6.79,115.4,321.0,1.89,1357.6,0.00273,0.02066,12,Nguy hiểm
7.31,180.8,257.0,1.23,86.0,5e-05,0.00047,18,Tốt
7.34,83.6,404.7,1.219,74.3,0.00662,0.00047,5,Tốt
7.71,112.2,429.5,0.492,1197.3,0.12019,0.00061,8,Nguy hiểm
10.95,316.8,342.7,0.564,367.6,0.00594,9e-05,1277,Nguy hiểm
9.97,205.7,484.5,4.333,706.0,0.02254,0.00059,9,Kém
8.13,347.1,1048.4,0.959,52.6,0.00737,0.00046,11,Trung bình
7.8,566.4,2144.4,4.697,190.7,0.01402,0.00587,8,Kém
3.83,181.5,295.3,0.719,1153.1,0.00341,0.03077,25,Nguy hiểm
7.17,174.4,124.7,1.257,94.2,0.00497,0.00084,3,Tốt
7.39,536.9,1586.8,0.834,525.4,0.02394,0.00115,18,Kém
6.84,199.5,480.7,0.929,104.8,0.00419,0.00109,12,Tốt
8.94,105.8,1014.9,0.933,115.1,0.01298,0.00088,22,Trung bình
7.72,93.4,424.3,0.454,136.3,0.00299,7e-05,22,Tốt
8.18,591.0,354.2,4.529,176.7,0.04486,0.00771,22,Kém
3.89,309.8,371.3,1.151,1393.6,0.00352,0.00136,6,Nguy hiểm
8.1,189.8,2243.2,1.017,200.0,0.13377,0.00126,793,Nguy hiểm
7.58,512.1,1964.3,4.29,187.4,0.00375,0.00551,15,Kém
7.75,639.5,302.2,0.427,96.9,0.00107,0.03829,24,Nguy hiểm
8.1,97.7,204.5,1.667,132.2,0.00243,0.00079,22,Tốt
7.76,550.5,101.0,4.48,176.1,0.03892,0.00765,125,Kém
7.55,112.8,263.1,0.79,141.0,0.0024,0.00144,22,Tốt
6.98,218.2,417.8,0.778,58.7,0.00339,0.0001,25,Tốt
7.24,147.8,155.6,1.098,322.3,0.01105,0.00047,171,Trung bình
10.17,426.6,155.2,1.377,776.4,0.02481,0.00526,22,Kém
6.72,158.5,1011.3,1.775,123.4,0.00035,0.00264,21,Trung bình
5.16,90.4,484.6,4.646,551.6,0.00463,0.00087,501,Kém
7.12,135.2,133.6,1.631,292.1,0.00164,0.00241,15,Trung bình
7.51,192.9,842.8,9.857,70.6,0.00368,0.01109,20,Nguy hiểm
7.47,749.4,80.6,3.288,1148.5,0.00049,0.00021,141,Nguy hiểm
7.09,109.3,818.0,0.518,361.3,0.01127,0.00103,24,Trung bình
10.25,520.3,425.2,0.519,67.6,0.0041,0.00608,5,Kém
6.88,718.0,210.4,0.903,209.7,0.01713,0.00856,588,Kém
7.77,197.3,197.6,4.878,1397.1,0.00243,0.00027,71,Nguy hiểm
7.51,675.7,475.3,4.406,159.9,0.00462,0.00684,152,Kém
8.69,179.6,383.3,1.626,329.7,0.00224,0.0014,154,Trung bình
7.0,107.5,328.9,4.076,151.5,0.00306,0.0385,15,Nguy hiểm
7.29,81.6,1029.8,1.456,127.4,0.00712,0.00028,128,Trung bình
7.38,120.1,204.9,1.966,92.5,0.00302,0.00057,10,Tốt
7.91,188.5,2220.0,6.623,198.6,0.00669,0.00075,12,Nguy hiểm
5.24,213.9,2069.5,0.328,83.8,0.03593,0.00879,21,Kém
7.78,153.6,474.2,7.968,74.0,0.0006,0.04163,12,Nguy hiểm
6.03,213.4,364.9,1.795,299.1,0.00222,0.00113,61,Trung bình
7.48,181.6,375.9,1.89,157.2,0.00781,0.00149,24,Tốt
7.9,601.2,1833.8,1.987,80.8,0.04372,0.00033,899,Kém
6.89,168.2,120.5,8.569,1246.8,0.00448,0.04176,5,Nguy hiểm
8.84,387.7,263.2,0.936,51.0,0.00791,0.00071,6,Trung bình
10.14,536.2,419.3,0.754,839.1,0.03966,0.00138,9,Kém
7.31,214.2,2257.0,4.197,297.7,0.00743,0.00083,4655,Nguy hiểm
7.62,87.3,99.8,0.7,217.7,3e-05,0.00103,14,Tốt
4.89,212.3,366.3,1.449,1117.1,0.00318,0.02246,19,Nguy hiểm
8.94,335.7,120.2,0.883,415.5,0.00651,0.00147,22,Trung bình
6.78,350.5,249.7,3.794,136.4,0.00061,0.00089,21,Trung bình
7.74,198.9,385.9,1.319,206.3,0.00401,0.00106,22,Tốt
6.86,178.5,128.7,1.955,537.1,0.03722,0.00841,570,Kém
8.09,402.5,290.5,1.81,279.7,0.00031,0.00125,103,Trung bình
6.93,359.6,270.6,1.265,135.4,0.18344,0.00103,17,Nguy hiểm
5.34,81.6,185.3,4.583,141.4,0.00794,0.00573,303,Kém
7.35,189.3,89.0,0.644,281.6,0.00142,0.00343,139,Trung bình
8.64,209.7,293.7,3.994,168.1,0.00112,0.00279,8,Trung bình
11.23,167.7,412.5,9.813,98.7,0.00216,0.0011,25,Nguy hiểm
8.67,127.1,376.8,0.053,159.5,0.00069,0.00049,2,Trung bình
8.76,119.1,375.5,1.997,84.0,0.00048,0.00092,3916,Nguy hiểm
4.27,156.8,731.1,1.899,91.2,0.0396,0.00015,328,Nguy hiểm
9.71,209.2,2949.4,0.393,115.6,0.00035,0.00029,3585,Nguy hiểm
6.92,313.3,398.5,1.781,61.4,0.00632,0.00148,130,Trung bình
5.29,180.1,281.7,4.779,723.0,0.0036,0.00552,6,Kém
7.12,798.6,84.6,4.793,104.2,0.1745,9e-05,2944,Nguy hiểm
10.23,184.3,1815.7,0.844,110.9,0.00663,0.00541,0,Kém
9.75,89.8,1625.5,7.566,85.6,0.00422,0.01319,15,Nguy hiểm
9.93,84.6,937.1,1.187,560.8,0.01783,0.00087,10,Kém
7.16,183.5,247.6,1.178,66.9,0.00128,0.00104,10,Tốt
7.8,182.2,1770.2,0.842,518.7,0.00423,0.00112,883,Kém
10.14,95.1,232.3,0.545,697.6,0.00148,0.00036,229,Kém
11.24,201.9,2142.7,7.16,171.0,0.00626,0.00035,20,Nguy hiểm
9.04,159.9,752.1,0.847,190.7,0.0078,0.00149,85,Trung bình
6.09,120.3,272.1,5.92,71.0,0.0002,0.00122,2293,Nguy hiểm
9.87,712.4,2057.4,0.633,110.3,0.00501,0.00883,168,Kém
7.51,421.1,367.0,1.965,214.7,0.00716,0.00041,130,Trung bình
8.12,164.8,141.8,3.408,88.7,0.00232,0.00379,159,Trung bình
7.3,156.9,461.2,1.042,192.0,0.01121,0.00259,20,Trung bình
7.96,155.7,2851.8,5.237,1355.2,0.00273,0.00087,1,Nguy hiểm
5.23,120.1,454.6,0.418,216.2,0.03217,0.00036,526,Kém
7.85,178.3,355.4,1.605,184.5,0.00658,0.00109,24,Tốt
6.78,333.5,760.3,1.227,56.1,0.00536,0.00011,14,Trung bình
3.79,332.2,479.3,0.915,212.7,0.00183,0.04972,127,Nguy hiểm
3.41,169.8,455.1,4.752,197.2,0.00458,7e-05,7,Nguy hiểm
7.17,83.4,168.6,1.629,266.6,0.0046,0.00135,101,Trung bình
6.99,121.9,1801.6,0.501,94.4,0.00109,0.00053,1124,Nguy hiểm
7.17,531.9,321.1,1.621,548.1,0.04458,0.00029,6,Kém
5.34,103.7,2128.5,1.021,206.2,0.03889,0.00113,552,Kém
7.93,157.0,309.2,7.667,1368.4,0.0051,0.00248,517,Nguy hiểm
8.8,110.0,246.5,0.855,98.2,0.01197,0.00082,21,Trung bình
5.33,701.1,229.4,1.694,282.0,0.00211,0.00088,356,Kém
10.09,178.2,2762.4,8.399,136.7,0.00114,0.0013,15,Nguy hiểm
8.09,137.5,906.0,1.007,133.0,0.01079,0.00091,21,Trung bình
7.44,115.4,795.7,1.014,153.4,0.00145,0.00333,5,Trung bình
4.16,99.1,446.8,0.051,112.3,0.18619,0.02033,14,Nguy hiểm
7.71,209.5,161.4,1.258,86.0,0.00429,0.00054,14,Tốt
7.03,86.5,487.3,1.303,134.7,0.00375,0.00068,15,Tốt
6.88,320.3,219.5,1.29,97.2,0.00159,0.00316,4,Trung bình
9.08,191.2,98.9,0.075,1367.1,0.00617,0.00358,9,Nguy hiểm
8.09,653.7,388.7,1.808,219.2,0.0749,0.00122,1,Nguy hiểm
7.06,116.3,213.4,0.589,170.7,0.00424,0.00048,5,Tốt
7.44,116.4,2148.6,1.917,190.6,0.03264,0.00705,211,Kém
8.01,367.4,484.4,3.555,168.5,0.00788,3e-05,22,Trung bình
7.66,119.3,122.4,8.955,178.0,0.00095,0.00124,2693,Nguy hiểm
7.98,418.2,164.1,1.33,100.2,0.00436,0.00089,80,Trung bình
6.9,103.4,398.7,0.324,59.0,0.0048,0.00128,0,Tốt
7.08,169.5,1685.6,0.894,131.5,0.03358,0.00359,230,Kém
3.92,158.6,170.1,1.36,129.0,0.00278,0.00024,811,Nguy hiểm
7.34,152.0,887.5,3.781,183.8,0.00155,0.00015,164,Trung bình
7.78,96.0,750.4,1.389,193.3,0.01226,0.00276,19,Trung bình
9.99,166.8,118.7,4.596,68.8,0.01785,0.00074,389,Kém
5.27,81.9,456.0,9.266,190.7,0.06458,0.00047,16,Nguy hiểm
8.15,103.6,380.3,1.301,138.2,0.00396,0.00116,19,Tốt
7.33,191.6,419.6,4.122,134.8,0.00734,0.00104,64,Trung bình
7.83,172.7,1029.8,0.086,148.3,0.00461,0.00127,176,Trung bình
7.78,145.1,224.8,1.266,95.9,0.01426,0.00032,165,Trung bình
7.11,152.7,1572.6,1.201,143.4,0.00194,0.00844,560,Kém
7.23,213.7,433.3,1.422,1073.7,0.00227,0.00685,120,Nguy hiểm
8.02,183.0,1094.9,0.756,98.9,0.01406,1e-05,174,Trung bình
8.16,397.3,443.5,0.021,158.2,0.00598,0.0013,2,Trung bình
7.95,426.8,253.3,0.891,44.8,0.0141,0.00099,21,Trung bình
9.74,716.1,83.9,1.969,159.0,0.00166,0.00752,9,Kém
6.72,207.0,1822.2,0.356,640.7,0.03403,0.00139,536,Kém
8.19,631.7,357.5,1.925,90.1,0.03892,0.00014,604,Kém
7.42,573.8,2142.9,0.693,627.2,0.00157,0.00042,12,Kém
8.19,198.0,1544.6,1.731,154.2,0.09897,0.00533,744,Nguy hiểm
8.59,163.7,787.2,0.989,162.3,0.00799,0.00027,2,Trung bình
7.65,154.6,164.7,1.417,176.9,0.00139,0.00054,7,Tốt
7.61,82.5,269.4,1.79,586.5,0.13916,0.00088,1,Nguy hiểm
4.73,145.8,343.0,0.822,50.9,0.01355,0.00085,16,Nguy hiểm
8.02,125.1,109.1,1.354,200.1,0.00146,0.0029,101,Trung bình
8.06,162.0,1894.2,0.476,193.8,0.01775,0.00143,577,Kém
7.13,416.3,392.5,4.127,182.6,0.002,0.00335,10,Trung bình
7.09,157.8,187.4,1.28,168.6,0.00429,0.00082,1,Tốt
8.14,409.0,819.6,1.353,144.9,0.00203,0.00055,9,Trung bình
10.29,628.8,339.6,1.379,618.3,0.02688,0.00138,18,Kém
7.09,103.3,756.0,3.117,74.7,0.00399,0.00042,145,Trung bình
9.09,176.5,356.5,3.487,136.3,0.00675,0.00029,6,Trung bình
7.17,178.8,92.7,1.01,106.4,0.00056,0.00029,10,Tốt
8.73,422.9,205.9,1.855,91.1,0.00188,0.00309,4,Trung bình
7.76,407.2,128.7,1.205,1325.3,0.00545,0.0004,15,Nguy hiểm
6.36,161.0,126.1,3.798,190.4,0.0011,0.0008,22,Trung bình
8.06,216.8,206.9,3.712,115.3,0.00731,0.00234,97,Trung bình
7.26,209.9,414.1,9.922,124.7,0.18832,0.03414,9,Nguy hiểm
5.2,110.5,319.3,0.656,552.7,0.00037,0.00094,515,Kém
9.89,173.0,384.4,1.915,615.7,0.02927,0.00304,411,Kém
7.01,206.2,378.9,0.458,182.8,0.00322,0.00149,10,Tốt
7.43,606.2,2178.7,1.258,740.5,0.0041,0.00695,25,Kém
8.16,117.9,147.4,0.82,102.3,0.00319,0.00034,14,Tốt
7.68,143.1,461.3,1.269,121.7,0.00297,8e-05,10,Tốt
8.0,182.8,477.0,1.117,152.6,0.16011,0.00222,23,Nguy hiểm
7.2,128.7,2154.8,4.339,676.0,0.02757,0.00111,8,Kém
9.71,93.2,2005.5,0.369,184.2,0.00688,0.0073,620,Kém
6.73,313.1,2184.8,1.425,58.8,0.17455,0.02263,1,Nguy hiểm
11.06,365.4,936.6,1.061,161.4,0.00181,0.00015,21,Nguy hiểm
7.38,347.5,178.7,1.178,48.9,0.00332,0.00271,78,Trung bình
8.19,164.2,173.4,1.903,296.3,0.01153,0.00112,1,Trung bình
5.35,212.2,225.6,9.259,43.9,0.12028,0.00873,5,Nguy hiểm
7.15,192.6,286.1,1.382,826.0,0.03989,0.00828,740,Kém
6.99,184.6,1841.6,1.862,213.8,0.04155,0.00552,11,Kém
10.16,99.8,145.5,4.344,637.1,0.00345,0.00097,626,Kém
7.58,144.3,379.6,0.846,61.6,0.00216,0.00058,24,Tốt
7.11,172.1,111.4,1.255,77.6,0.00179,0.00134,8,Tốt
7.7,219.3,435.7,1.015,213.9,0.00266,0.00025,24,Tốt
7.74,656.7,950.4,5.615,1312.9,0.00786,0.0,19,Nguy hiểm
6.83,184.9,216.9,0.387,89.9,0.00352,0.0009,19,Tốt
7.5,173.8,206.2,0.381,108.0,0.00447,0.00131,23,Tốt
7.21,95.3,459.0,1.866,76.1,0.0035,0.00032,20,Tốt
11.68,148.5,284.1,1.17,1211.4,0.02669,0.02861,16,Nguy hiểm
11.06,143.6,301.0,0.478,115.8,0.00114,0.03044,11,Nguy hiểm
7.66,101.9,116.3,1.133,202.3,0.00416,0.00086,9,Tốt
9.88,636.7,411.5,4.533,47.3,0.01274,0.00102,3,Kém
7.69,159.3,382.8,0.698,88.3,0.00151,0.00075,17,Tốt
5.27,636.2,138.6,1.88,285.2,5e-05,0.00609,4,Kém
6.92,181.6,118.7,1.56,137.9,0.00206,0.0012,22,Tốt
7.58,93.7,182.1,1.593,289.1,0.16509,0.00135,10,Nguy hiểm
6.96,129.1,129.0,6.628,211.1,0.00796,0.00747,6,Nguy hiểm
9.93,181.6,1723.3,4.393,115.6,0.03261,0.0037,2,Kém
10.25,642.9,852.0,1.185,591.3,0.00287,0.00091,25,Kém
8.78,194.9,278.0,1.696,340.2,0.01132,0.00087,4,Trung bình
3.89,204.7,972.8,1.659,152.9,0.00215,0.00297,1,Nguy hiểm
11.24,151.1,1969.6,0.995,107.6,0.16603,0.00135,10,Nguy hiểm
8.7,199.0,867.4,0.553,45.6,0.00494,0.00074,2,Trung bình
8.13,101.8,321.0,0.426,145.0,0.0055,0.00043,20,Tốt
7.91,189.9,2126.7,7.581,179.3,0.00267,0.00286,303,Nguy hiểm
9.62,153.9,2035.9,0.763,89.8,0.00581,0.00088,863,Kém
8.8,510.1,1709.9,1.56,665.3,0.002,0.00123,17,Kém
7.3,214.4,415.5,4.01,306.2,0.0055,0.00145,12,Trung bình
3.74,97.0,486.9,0.787,91.0,0.06593,0.0012,127,Nguy hiểm
6.87,427.7,466.1,6.276,1140.2,0.00487,0.00061,22,Nguy hiểm
7.06,213.8,466.6,1.275,128.3,0.00614,0.00072,21,Tốt
9.86,619.3,1805.6,4.857,311.5,0.00547,0.00075,11,Kém
6.72,408.6,877.6,1.384,156.6,0.002,0.00018,176,Trung bình
8.6,103.7,89.2,4.875,207.6,0.00666,0.00898,381,Kém
8.15,327.2,164.9,3.405,275.2,0.00263,0.00122,7,Trung bình
7.62,136.2,2023.1,1.688,613.7,0.03398,0.00074,22,Kém
9.97,164.3,1846.3,4.835,351.1,0.00429,0.00051,732,Kém
7.52,107.0,309.0,0.05,403.6,0.01402,0.0001,19,Trung bình
7.6,206.6,300.7,0.72,157.3,0.0059,0.00086,19,Tốt
7.34,375.7,453.1,9.617,213.4,0.01393,0.00736,5,Nguy hiểm
9.68,98.1,271.3,0.527,1218.8,0.02685,0.00475,10,Nguy hiểm
9.03,117.9,233.7,0.6,46.3,0.00324,0.00284,175,Trung bình
7.39,118.9,194.5,0.555,167.6,0.00436,0.00091,20,Tốt
7.28,80.7,302.3,0.044,104.9,0.07891,0.00021,113,Nguy hiểm
7.89,115.4,294.6,8.388,74.4,0.15463,0.00083,13,Nguy hiểm
9.87,672.5,189.0,4.391,787.8,0.00583,0.00048,63,Kém
8.88,184.1,809.0,1.422,309.4,0.00467,6e-05,12,Trung bình
4.77,194.2,770.3,1.286,194.3,0.00168,0.00269,19,Nguy hiểm
9.79,203.8,231.6,4.725,593.7,0.00779,0.00615,2,Kém
7.41,160.4,279.3,0.715,671.9,0.03243,0.00707,21,Kém
7.76,602.9,1557.5,1.084,527.5,0.00333,0.00687,16,Kém
7.01,166.3,311.4,1.454,127.1,0.17263,0.00323,5,Nguy hiểm
6.31,378.4,94.3,0.332,114.8,0.00533,0.00116,1,Trung bình
7.74,169.4,232.0,0.492,186.0,0.00586,0.00077,3,Tốt
9.76,191.9,376.4,1.915,122.2,0.00135,0.00689,782,Kém
3.84,191.3,849.1,0.307,165.1,0.00122,0.00015,13,Nguy hiểm
6.04,82.9,404.3,0.811,417.1,0.01325,0.0013,20,Trung bình
4.17,316.4,2895.8,4.432,71.7,0.00175,0.0013,2,Nguy hiểm
7.27,163.0,399.3,1.618,105.7,0.00447,0.00097,22,Tốt
7.8,168.8,129.9,0.88,70.8,0.01875,0.00517,758,Kém
7.86,162.5,197.0,1.394,187.0,0.00353,1e-05,12,Tốt
7.31,207.0,3187.9,9.181,149.0,0.0052,0.00047,1,Nguy hiểm
6.95,82.0,80.8,1.796,42.2,0.00769,0.00079,4,Tốt
6.06,122.6,1674.9,4.925,168.6,0.00329,0.00628,9,Kém
7.63,189.3,418.6,0.054,174.8,0.00774,0.02585,1965,Nguy hiểm
4.41,666.5,1074.0,0.36,82.3,0.00118,0.00092,1898,Nguy hiểm
7.06,132.3,409.3,1.463,117.4,0.00044,2e-05,9,Tốt
8.18,87.1,341.7,1.028,101.7,0.00133,0.0005,22,Tốt
9.99,601.8,1940.5,0.318,80.1,0.00236,0.00762,22,Kém
7.74,91.5,478.2,0.467,125.6,0.00711,0.0003,6,Tốt
7.45,170.5,1742.7,8.281,137.0,0.0051,0.0007,22,Nguy hiểm
7.96,420.8,271.3,0.024,138.9,0.0019,0.00029,21,Trung bình
11.04,174.7,314.7,0.971,132.5,0.10387,1e-05,24,Nguy hiểm
7.12,140.8,111.5,1.033,189.5,0.00756,8e-05,15,Tốt
9.89,630.5,273.0,0.828,516.2,0.02873,0.00286,11,Kém
7.82,137.4,2055.6,0.642,654.4,0.00234,0.00115,574,Kém
7.37,192.6,267.0,0.327,95.5,0.00269,0.00081,0,Tốt
7.62,187.1,308.5,1.632,72.2,0.00118,0.00014,12,Tốt
7.32,717.8,228.5,3.937,70.0,0.00392,0.00011,2128,Nguy hiểm
4.8,145.3,2288.7,7.535,1373.5,0.00395,0.001,13,Nguy hiểm
8.14,100.1,233.6,0.97,40.2,0.00554,0.00065,16,Tốt
8.07,181.8,390.5,1.672,162.4,0.00207,0.00097,1,Tốt
7.61,102.2,304.9,1.587,147.0,0.00108,0.00142,16,Tốt
8.0,153.9,251.2,1.763,66.5,0.00034,0.00041,23,Tốt
5.27,567.3,174.1,1.698,813.0,0.00061,0.00067,1,Kém
6.83,216.6,450.9,0.728,209.1,0.00073,0.00054,25,Tốt
7.19,94.6,2065.5,0.411,532.2,0.00439,0.0089,25,Kém
7.79,951.2,437.2,0.327,55.2,0.00592,0.01414,20,Nguy hiểm
8.02,331.8,235.4,0.76,109.8,0.00227,0.03281,16,Nguy hiểm
7.97,122.5,969.3,3.393,79.7,0.00219,0.00062,124,Trung bình
6.2,110.6,253.2,0.508,50.1,0.18811,0.00054,5,Nguy hiểm
7.85,205.3,171.1,1.686,88.4,0.00441,0.00046,2,Tốt
7.4,136.8,171.7,0.587,124.2,0.00793,0.00127,4,Tốt
5.41,100.9,441.0,0.625,79.0,0.03525,0.00619,1,Kém
5.12,97.9,2070.2,0.877,214.6,0.03939,0.00116,20,Kém
9.75,529.1,194.1,1.091,153.0,0.0018,0.00129,562,Kém
6.76,347.9,151.5,0.041,344.1,0.00733,0.00103,2,Trung bình
7.78,152.5,105.2,1.561,148.5,0.00051,0.0003,13,Tốt
6.91,186.9,425.5,1.457,142.9,0.00453,0.00128,13,Tốt
7.36,219.1,123.2,1.749,399.2,0.0039,0.00306,88,Trung bình
6.99,574.1,156.3,1.292,142.1,0.00349,0.00778,615,Kém
7.35,144.5,1611.4,4.324,85.7,0.00778,0.00756,564,Kém
7.48,90.2,344.4,1.498,56.7,0.00757,0.00019,9,Tốt
7.87,134.7,296.9,0.803,156.6,0.00388,0.0002,1,Tốt
7.24,169.1,319.3,1.558,202.2,0.00679,0.00131,22,Tốt
7.14,171.2,272.0,0.683,118.3,0.00532,0.00148,22,Tốt
7.77,344.7,1862.4,1.073,199.1,0.03664,0.00468,716,Kém
9.66,368.7,109.4,4.203,110.0,0.03784,7e-05,235,Kém
7.44,121.9,379.4,0.721,149.9,0.15774,0.00025,3482,Nguy hiểm
7.46,206.5,355.5,3.343,76.7,0.00506,0.00337,120,Trung bình
7.9,667.6,418.5,1.384,183.8,0.00027,0.0058,326,Kém
5.32,582.7,398.9,1.143,1352.3,0.00505,0.00013,3919,Nguy hiểm
8.96,180.9,906.9,1.562,1332.8,0.00103,0.00039,2,Nguy hiểm
8.91,103.9,435.8,0.884,281.4,0.0076,0.00042,91,Trung bình
7.69,186.9,954.5,1.176,58.0,0.01178,0.00068,11,Trung bình
7.16,195.3,2589.2,0.39,1076.0,0.00032,0.00073,14,Nguy hiểm
9.71,144.1,2092.6,0.429,591.1,0.00358,0.00352,17,Kém
7.89,325.9,230.9,1.262,732.5,0.19187,0.0373,18,Nguy hiểm
7.69,148.5,355.3,3.393,277.6,0.01371,4e-05,8,Trung bình
7.12,115.6,434.4,1.594,1299.6,0.00419,0.00628,2454,Nguy hiểm
7.07,124.7,794.6,0.395,1106.3,0.00013,0.00052,2,Nguy hiểm
6.2,194.3,1038.1,0.771,358.3,0.00769,0.00055,14,Trung bình
7.9,373.9,808.4,0.522,178.6,0.00018,0.00142,154,Trung bình
7.76,216.3,401.1,0.962,178.2,0.00295,0.0,20,Tốt
8.02,176.1,153.5,1.87,172.6,0.00698,0.00016,22,Tốt
8.99,119.3,351.2,0.613,178.6,0.0021,0.00247,11,Trung bình
7.88,517.6,263.5,1.371,706.9,0.01396,0.0085,669,Kém
7.06,144.5,441.9,0.617,104.1,0.00462,0.00115,17,Tốt
5.13,193.8,1514.0,0.355,795.8,0.00786,0.00088,433,Kém
7.15,606.4,2172.0,1.201,772.3,0.03296,0.00011,21,Kém
7.32,184.2,481.9,1.502,103.9,0.00418,0.0014,9,Tốt
5.17,217.1,1927.4,1.629,693.0,0.00256,0.00117,10,Kém
6.26,93.5,96.7,1.457,170.7,0.00722,0.00012,109,Trung bình
8.14,207.6,465.9,0.994,165.4,0.00065,0.0007,24,Tốt
6.81,102.1,97.1,0.672,188.6,0.0002,0.0004,25,Tốt
7.71,107.5,426.5,4.886,322.0,0.04301,0.00572,247,Kém
7.1,158.1,2770.8,0.764,173.7,0.03477,0.00011,3619,Nguy hiểm
7.39,363.2,950.5,1.31,169.4,0.00323,0.00104,137,Trung bình
7.88,115.2,456.8,1.164,180.5,0.00696,0.0006,17,Tốt
8.7,121.9,438.0,6.89,169.2,0.01929,0.00117,11,Nguy hiểm
11.86,179.0,237.5,1.087,213.0,0.00234,0.0002,110,Nguy hiểm
7.61,156.5,254.2,0.639,131.3,0.00716,0.00139,6,Tốt
7.48,382.8,261.0,1.609,49.9,0.01446,0.00041,24,Trung bình
5.35,114.0,110.8,4.81,833.0,0.00494,0.00661,18,Kém
6.72,155.2,300.3,1.977,96.1,0.00024,0.00098,8,Tốt
3.55,125.5,265.3,0.814,217.5,0.04183,0.00228,1460,Nguy hiểm
11.05,89.6,183.1,0.803,175.7,0.00606,0.04776,18,Nguy hiểm
10.13,550.8,429.5,1.126,598.0,0.01269,0.00081,700,Kém
6.06,190.5,393.5,1.497,189.2,0.00023,0.003,127,Trung bình
3.71,162.2,2204.5,1.811,172.7,0.03094,0.00026,1809,Nguy hiểm
7.25,138.7,399.9,0.872,76.2,0.00789,0.00105,20,Tốt
6.96,214.1,214.6,1.358,61.0,0.0037,0.00051,14,Tốt
8.13,179.8,159.8,0.71,165.3,0.00025,0.0037,90,Trung bình
7.29,150.9,147.1,1.986,122.5,0.00066,0.00142,9,Tốt
7.94,184.3,1012.3,1.552,60.6,0.01172,0.00087,24,Trung bình
8.01,207.9,192.7,3.243,273.7,0.00061,0.00285,10,Trung bình
6.18,98.6,1966.8,4.911,79.6,0.0363,0.00781,13,Kém
4.54,196.8,763.1,1.549,51.5,0.00339,0.00112,19,Nguy hiểm
6.95,91.1,340.9,0.077,362.2,0.00021,8e-05,169,Trung bình
7.71,81.5,477.4,0.335,69.9,0.00263,0.0012,19,Tốt
7.22,376.9,331.8,4.18,122.2,0.00501,0.00048,11,Trung bình
6.84,179.8,393.5,0.791,292.1,0.014,0.00026,165,Trung bình
7.12,354.3,104.2,0.891,59.8,0.00529,0.00104,84,Trung bình
6.3,373.9,844.2,1.136,179.5,0.00172,0.00128,24,Trung bình
7.53,167.9,383.4,1.344,135.0,0.0053,0.00116,24,Tốt
7.56,118.1,928.7,0.626,386.8,0.007,0.00138,75,Trung bình
4.02,104.4,136.7,0.528,162.8,0.0062,0.00062,158,Nguy hiểm
11.38,380.8,291.0,1.518,362.9,0.00799,0.00042,25,Nguy hiểm
6.77,181.8,328.0,0.73,71.4,0.005,0.00121,5,Tốt
7.13,82.8,371.2,1.209,135.8,0.00279,0.00131,21,Tốt
8.14,192.5,387.7,0.636,85.0,0.00104,0.00014,5,Tốt
4.05,92.0,2157.7,0.022,62.7,0.00021,0.00127,24,Nguy hiểm
8.75,113.0,286.6,1.495,307.1,0.00712,0.00146,22,Trung bình
6.21,161.8,1070.6,0.727,395.2,0.00653,0.00136,16,Trung bình
7.14,213.4,437.4,1.648,94.7,0.00493,0.00024,2,Tốt
7.73,197.1,94.0,1.907,115.1,0.00549,0.00012,16,Tốt
7.52,120.0,315.5,0.716,188.2,0.00724,0.00022,23,Tốt
6.91,132.7,448.2,1.284,97.1,0.00528,0.00057,16,Tốt
9.86,185.3,231.4,0.728,582.7,0.01409,0.00849,291,Kém
5.32,181.2,378.8,4.508,550.0,0.00236,0.00846,120,Kém
7.1,167.2,465.5,1.87,287.3,0.00777,0.00251,164,Trung bình
10.2,621.5,872.1,1.943,823.5,0.03033,0.00146,16,Kém
5.15,333.8,98.3,1.149,751.9,0.00467,0.00655,736,Kém
10.22,139.1,1518.9,3.846,719.0,0.02504,0.00143,17,Kém
6.83,88.3,942.7,3.334,170.6,3e-05,0.00043,107,Trung bình
4.1,162.2,135.7,1.335,191.9,0.00463,0.02777,13,Nguy hiểm
7.05,134.8,173.1,0.966,179.9,0.00759,0.0007,2,Tốt
6.95,386.1,177.4,0.936,199.3,0.0107,0.0004,9,Trung bình
7.61,305.9,1011.0,3.441,214.9,0.00617,4e-05,18,Trung bình
10.08,117.4,1959.4,1.533,763.7,0.00165,0.0083,2,Kém
9.04,131.7,429.1,0.633,206.7,0.0131,0.00308,19,Trung bình
7.03,687.1,386.6,0.726,301.6,0.03997,0.0012,243,Kém
7.87,177.7,1550.7,4.745,793.9,0.02382,0.00048,24,Kém
6.96,678.4,268.0,0.681,756.5,0.00168,0.00599,2,Kém
7.92,195.5,471.5,1.308,155.8,0.15509,0.04273,9,Nguy hiểm
7.72,81.1,991.9,1.403,95.9,0.00105,0.00373,19,Trung bình
11.11,124.7,391.0,1.065,162.4,0.00049,0.00305,19,Nguy hiểm
7.16,322.3,816.9,0.886,326.8,0.00258,0.00094,15,Trung bình
6.16,179.9,441.9,1.634,200.3,0.00468,0.0035,4,Trung bình
7.53,177.9,359.3,1.95,175.5,0.00691,0.0013,20,Tốt
10.08,208.2,90.6,1.866,78.2,0.04295,0.00515,74,Kém
5.34,152.9,447.8,1.561,383.4,0.00085,0.00792,282,Kém
7.41,180.3,1669.4,0.615,613.9,0.0293,0.00669,1,Kém
5.33,539.0,154.0,0.486,102.4,0.01609,0.005,16,Kém
6.76,207.4,235.7,1.755,196.3,0.00751,0.00119,1,Tốt
6.31,99.2,479.1,1.368,74.0,0.00616,0.00064,2989,Nguy hiểm
6.17,305.8,318.8,0.79,214.4,0.01285,0.00058,21,Trung bình
5.42,371.5,1668.2,0.49,48.0,0.10796,0.00013,9,Nguy hiểm
7.6,88.3,220.1,0.531,133.4,0.00415,6e-05,18,Tốt
7.41,186.2,115.7,0.595,174.3,0.00179,0.00034,14,Tốt
7.99,86.4,1683.1,0.074,197.6,0.0008,0.00574,4497,Nguy hiểm
8.11,119.6,182.6,3.234,198.4,0.01424,0.00086,5,Trung bình
7.53,121.3,241.3,6.772,145.7,0.00749,0.00461,728,Nguy hiểm
7.7,103.2,1544.8,4.874,165.2,0.12762,0.03038,16,Nguy hiểm
6.79,202.1,227.7,0.662,667.6,0.01357,0.00091,2296,Nguy hiểm
8.17,122.0,480.2,0.982,105.6,0.00116,0.00138,10,Tốt
7.6,381.0,453.4,0.811,40.2,0.00764,0.00327,169,Trung bình
6.92,334.5,920.3,1.9,185.7,0.00282,0.00144,123,Trung bình
8.16,849.6,371.5,6.185,1116.3,0.00149,7e-05,5,Nguy hiểm
6.17,416.3,333.2,1.931,136.2,0.00459,0.04377,496,Nguy hiểm
6.97,106.3,270.0,4.727,97.0,0.00144,0.00016,4519,Nguy hiểm
6.82,158.7,294.2,3.311,208.5,0.01337,0.00363,1,Trung bình
11.05,759.2,374.6,1.061,73.4,5e-05,0.00105,2644,Nguy hiểm
6.81,201.4,403.5,0.851,154.9,0.01309,0.00034,81,Trung bình
7.75,215.8,405.5,1.709,78.2,0.00596,0.00015,19,Tốt
7.86,647.0,91.9,0.584,578.9,0.00445,0.00831,6,Kém
5.15,556.3,419.3,1.642,215.9,0.02345,0.00064,359,Kém
7.08,185.8,746.2,1.476,142.0,0.01434,0.00244,10,Trung bình
7.14,214.4,405.1,4.002,45.7,0.00412,0.0028,17,Trung bình
3.6,138.7,299.8,1.388,118.3,0.00508,0.00076,2417,Nguy hiểm
7.72,720.0,2149.6,4.214,71.8,0.03401,0.00089,19,Kém
6.24,211.8,268.7,9.756,87.2,0.00748,9e-05,157,Nguy hiểm
8.11,378.6,1551.4,0.702,153.4,0.04056,0.00527,5,Kém
7.36,383.2,198.2,0.415,197.4,0.00314,0.00281,5,Trung bình
8.08,111.4,337.3,0.551,350.1,0.00327,0.04264,4,Nguy hiểm
6.87,219.6,436.7,0.051,97.5,0.0011,0.00376,24,Trung bình
4.73,328.0,860.2,1.042,158.2,0.00143,0.00076,255,Nguy hiểm
7.85,400.4,420.7,4.134,125.7,0.004,0.00076,65,Trung bình
4.53,183.9,153.5,1.447,47.5,0.07943,0.00144,2,Nguy hiểm
4.1,315.5,262.5,1.627,1271.6,0.00628,0.00122,19,Nguy hiểm
7.62,360.2,1539.6,6.521,90.6,0.00493,0.0008,18,Nguy hiểm
8.05,191.1,396.3,0.438,42.4,0.00606,3e-05,13,Tốt
10.11,668.3,1592.4,0.792,582.5,0.00145,0.00076,19,Kém
7.33,101.4,240.7,0.439,135.0,0.00226,0.00096,11,Tốt
6.99,214.0,470.8,8.365,55.6,0.02657,0.00056,615,Nguy hiểm
8.93,134.1,351.8,7.888,556.0,0.09588,0.00052,0,Nguy hiểm
5.23,702.1,300.2,1.84,165.0,0.02077,0.00027,11,Kém
7.51,183.0,493.6,3.775,354.5,0.0073,0.00144,64,Trung bình
11.48,353.6,166.4,0.358,66.5,0.00591,0.00091,17,Nguy hiểm
6.92,182.2,937.8,0.525,299.7,0.00358,0.00074,22,Trung bình
7.23,100.6,310.0,0.031,165.0,0.01353,0.00323,15,Trung bình
7.35,665.0,120.4,5.988,191.6,0.10517,0.00027,18,Nguy hiểm
7.31,212.8,400.2,1.406,125.6,0.00127,3e-05,18,Tốt
7.81,110.6,146.3,0.717,162.2,0.00751,0.00118,10,Tốt
8.07,373.4,203.3,1.063,364.1,0.00242,0.00327,22,Trung bình
5.3,146.0,1071.0,4.487,592.7,0.00026,0.00845,15,Kém
8.01,560.5,1519.1,1.587,154.2,0.0214,0.00452,18,Kém
7.19,216.2,267.4,0.427,163.4,0.0027,0.00069,22,Tốt
6.73,131.8,139.2,1.146,75.4,0.00417,0.00025,1,Tốt
7.76,156.6,430.6,0.746,218.5,0.0065,0.00115,3,Tốt
6.8,119.6,767.8,1.538,90.6,0.00254,0.00358,1,Trung bình
6.41,344.8,170.5,1.457,118.6,0.01429,0.0005,21,Trung bình
7.25,87.0,127.8,1.189,168.0,0.00584,0.00021,21,Tốt
6.81,369.4,401.3,1.988,206.3,0.00724,0.00314,10,Trung bình
6.27,127.0,210.7,1.55,57.6,0.01232,0.00062,17,Trung bình
6.75,131.0,293.7,1.73,48.7,0.00497,0.00084,21,Tốt
7.55,521.4,1860.1,1.444,566.3,0.02506,9e-05,14,Kém
7.41,140.5,126.6,1.634,63.4,0.00136,0.00131,15,Tốt
8.12,693.8,2128.5,1.057,820.7,0.00129,0.00088,385,Kém
7.37,195.4,2048.2,4.493,778.3,0.00611,0.00138,77,Kém
7.53,156.7,101.9,1.258,75.3,0.00398,0.00044,11,Tốt
7.88,210.2,278.5,1.233,100.7,0.01441,0.00094,144,Trung bình
7.03,864.3,773.9,0.562,203.4,0.07989,0.00016,7,Nguy hiểm
7.03,186.3,1025.2,1.725,331.2,0.0072,0.0011,7,Trung bình
9.89,170.5,2095.2,0.366,156.9,0.00739,0.00543,11,Kém
6.92,184.9,313.9,0.449,195.8,0.00168,0.00089,20,Tốt
7.2,679.5,306.9,8.747,88.4,0.01245,0.00098,23,Nguy hiểm
7.06,93.4,2104.3,0.572,157.5,0.00175,0.00549,393,Kém
6.89,656.9,2092.4,0.547,137.6,0.00356,0.03199,24,Nguy hiểm
10.13,556.3,1556.9,0.413,145.0,0.00387,0.00133,7,Kém
7.52,198.3,392.8,1.715,173.4,0.00025,0.00047,20,Tốt
7.07,374.1,182.3,1.912,405.9,0.00288,0.00077,3,Trung bình
7.92,206.3,244.3,1.417,164.3,0.00573,0.00027,4,Tốt
7.17,194.8,406.4,0.32,368.4,0.00094,0.00322,3,Trung bình
7.58,86.1,188.2,1.521,121.8,0.00112,0.00131,6,Tốt
11.01,93.5,452.0,7.101,147.3,0.00249,0.00082,13,Nguy hiểm
7.92,399.8,107.7,0.073,190.3,0.00784,0.00335,1,Trung bình
7.92,714.4,125.8,4.58,534.5,0.00713,0.00641,24,Kém
7.95,145.9,1786.5,1.726,837.8,0.03102,0.00649,175,Kém
7.58,188.2,201.3,5.254,90.4,0.00321,0.03963,25,Nguy hiểm
7.5,177.9,284.5,7.689,118.8,0.004,0.01365,79,Nguy hiểm
10.09,681.9,288.7,1.572,703.0,0.01247,0.00847,12,Kém
6.92,104.8,397.7,1.057,108.8,0.00566,0.00091,2,Tốt
6.73,189.2,425.0,0.815,95.0,0.00217,0.0005,20,Tốt
6.84,702.7,312.2,0.989,667.4,0.00057,0.00291,370,Kém
9.06,99.5,355.0,0.084,177.7,0.00786,0.00019,7,Trung bình
7.87,141.7,305.3,1.576,170.1,0.00595,0.00134,14,Tốt
7.6,132.2,2884.8,0.049,144.1,0.00543,0.00364,1832,Nguy hiểm
6.78,186.9,241.9,1.952,819.0,0.00639,0.04294,7,Nguy hiểm
4.76,112.7,425.2,4.219,168.5,0.00477,0.00085,23,Nguy hiểm
8.86,174.0,231.0,3.415,103.5,0.01362,0.00093,12,Trung bình
7.11,401.2,1055.8,3.509,154.8,0.00367,0.0012,14,Trung bình
6.23,390.2,468.1,0.504,188.6,0.19743,0.00126,6,Nguy hiểm
6.29,404.7,307.4,1.259,150.1,0.00592,0.00119,111,Trung bình
8.1,146.3,353.8,1.853,177.2,0.00333,0.00122,1,Tốt
6.9,163.7,256.9,1.044,373.3,0.00055,0.00108,66,Trung bình
7.91,518.4,368.0,4.37,116.9,0.04049,0.00131,417,Kém
6.06,616.6,2082.8,4.609,54.4,0.00613,0.00777,16,Kém
9.03,415.9,377.6,1.729,126.2,0.00152,0.00258,17,Trung bình
7.0,609.4,1652.3,0.961,800.0,0.02085,2e-05,9,Kém
7.14,214.4,1085.5,1.917,74.6,0.00554,0.00022,132,Trung bình
7.6,196.4,385.2,3.648,288.9,0.00478,0.00062,20,Trung bình
7.78,163.5,141.4,1.296,281.9,0.01407,0.00036,162,Trung bình
8.15,559.6,2184.8,1.621,147.7,0.00526,0.00314,354,Kém
7.37,113.0,182.9,3.314,163.7,0.00017,0.00237,15,Trung bình
6.45,175.7,464.4,0.508,203.4,0.01122,6e-05,96,Trung bình
8.03,217.7,92.5,1.972,211.4,0.00625,0.00104,24,Tốt
7.51,218.0,229.3,1.876,134.5,0.00651,7e-05,5,Tốt
9.81,88.3,2001.8,1.458,210.9,0.01861,0.00715,22,Kém
9.88,953.3,258.4,3.889,145.7,0.001,0.01219,17,Nguy hiểm
8.02,755.6,2861.3,0.914,58.3,0.05997,0.00252,21,Nguy hiểm
7.31,207.3,2507.4,1.606,1200.2,0.00554,0.00107,8,Nguy hiểm
5.44,109.9,424.0,1.094,745.5,0.03083,0.00054,440,Kém
8.88,188.3,375.4,1.462,312.2,0.00142,0.00101,23,Trung bình
7.27,125.2,246.9,0.48,111.2,0.00641,0.00088,4,Tốt
8.02,393.0,238.9,0.029,188.7,0.00708,0.00017,6,Trung bình
6.93,219.5,451.3,0.365,64.3,0.00207,0.00081,3,Tốt
7.97,111.0,164.9,1.306,148.3,0.00798,0.00129,18,Tốt
7.96,192.6,447.6,0.4,129.5,0.00125,0.00022,17,Tốt
8.09,106.6,727.9,1.846,155.1,0.01353,0.00058,3,Trung bình
6.24,335.0,373.5,3.316,155.1,0.00387,0.00055,2,Trung bình
9.06,108.7,269.7,4.846,702.0,0.04287,0.00576,14,Kém
5.18,692.8,185.9,0.963,169.3,0.04195,0.0013,9,Kém
7.31,217.6,319.5,0.546,150.3,0.00285,0.00051,5,Tốt
10.16,112.7,330.2,4.196,95.4,0.04345,0.00864,17,Kém
10.24,197.5,412.3,3.888,810.6,0.00651,0.00144,528,Kém
7.13,131.7,241.1,1.885,182.7,0.00414,0.00109,5,Tốt
7.1,195.2,403.5,0.822,58.6,0.00584,0.00119,25,Tốt
8.8,351.1,1710.1,0.649,73.2,0.16022,0.0011,7,Nguy hiểm
8.71,565.2,281.0,4.828,73.2,0.00607,0.00012,697,Kém
8.13,82.0,195.6,0.527,43.8,0.00251,0.0009,1,Tốt
7.88,374.7,957.1,0.679,42.6,0.00724,0.00102,123,Trung bình
6.71,91.3,972.7,0.039,265.0,0.00307,0.00033,12,Trung bình
8.91,189.4,299.2,1.624,73.9,0.01242,0.00068,23,Trung bình
7.22,203.6,467.5,0.62,135.5,0.00017,0.00015,15,Tốt
8.17,204.9,141.0,1.437,70.6,0.00028,0.00061,23,Tốt
5.23,162.1,1637.7,3.469,816.9,0.00727,0.00043,24,Kém
7.3,354.7,186.8,0.492,74.2,0.0114,0.04964,3976,Nguy hiểm
6.74,118.5,381.0,4.784,1219.4,0.00796,0.00812,14,Nguy hiểm
6.06,100.3,396.0,1.399,198.4,0.00407,0.00369,19,Trung bình
7.16,130.8,396.2,1.674,131.7,0.01346,0.00293,176,Trung bình
7.56,107.3,1631.9,4.46,275.1,0.03144,0.00129,776,Kém
8.17,149.4,283.5,0.93,107.3,0.00135,0.00147,13,Tốt
7.81,187.6,102.1,1.28,203.2,0.00425,0.00132,10,Tốt
5.35,579.0,117.8,1.294,151.3,0.09747,0.00043,10,Nguy hiểm
7.11,192.5,265.2,1.318,159.7,0.01129,0.00032,124,Trung bình
7.22,92.4,214.8,0.556,134.3,0.00548,5e-05,23,Tốt
9.92,169.1,2090.9,1.554,136.6,0.02634,0.00481,10,Kém
7.73,122.6,255.8,1.759,52.8,0.01333,0.00374,4,Trung bình
7.25,522.0,415.4,1.256,688.4,0.00675,0.00541,12,Kém
9.85,195.8,406.8,1.897,139.2,0.04012,0.00061,585,Kém
7.83,141.2,892.4,1.927,374.4,0.01121,0.001,6,Trung bình
9.82,93.5,360.3,1.305,384.8,0.03788,0.0082,10,Kém
4.08,339.5,319.7,0.544,163.8,0.17478,0.0266,19,Nguy hiểm
8.0,149.7,1623.8,1.099,845.3,0.00335,0.00462,22,Kém
5.4,175.4,1054.3,4.275,149.6,0.03062,0.0015,405,Kém
7.32,112.9,236.9,1.151,145.6,0.00703,0.0008,15,Tốt
7.75,191.6,438.3,0.564,49.7,0.00497,0.00078,13,Tốt
7.45,206.9,332.0,0.681,103.3,0.00268,0.00079,1,Tốt
7.98,521.0,112.6,4.377,114.6,0.00456,0.00887,616,Kém
8.0,169.1,1649.4,0.862,64.3,0.03497,0.00549,19,Kém
7.83,142.2,475.1,1.269,49.7,0.00131,0.00021,6,Tốt
6.88,159.7,453.9,0.879,130.5,0.00666,0.00053,21,Tốt
7.71,175.2,451.0,1.373,207.4,0.00416,0.00039,2,Tốt
7.11,374.1,892.5,1.044,112.3,0.0067,0.0031,22,Trung bình
8.87,951.0,145.0,1.763,1061.6,0.06475,0.00107,10,Nguy hiểm
7.72,105.1,254.5,0.335,100.2,0.00175,0.00141,4,Tốt
7.71,170.7,130.1,3.179,350.4,0.00765,0.00135,10,Trung bình
7.54,207.2,257.7,0.801,298.1,0.00463,0.00284,5,Trung bình
9.95,141.1,363.4,0.451,789.4,0.00045,0.00699,5,Kém
8.88,83.1,224.8,1.163,59.3,0.01382,0.00073,25,Trung bình
7.92,666.2,1919.5,0.84,107.7,0.01904,0.00115,7,Kém
7.36,200.9,149.7,0.048,626.8,0.0386,0.00554,229,Kém
7.41,136.5,283.9,0.31,42.5,0.0049,0.00055,1,Tốt
7.71,135.4,386.2,0.599,214.6,0.00493,0.00066,17,Tốt
6.83,323.4,164.2,1.657,406.6,0.00286,0.00097,16,Trung bình
6.96,165.7,1985.0,1.168,678.1,0.00613,0.00038,580,Kém
6.88,186.6,124.7,1.742,72.0,0.00274,0.03489,2908,Nguy hiểm
7.25,142.0,332.0,1.199,64.9,0.00163,0.00049,2,Tốt
7.26,135.2,2868.3,1.262,40.6,0.14947,0.00113,1,Nguy hiểm
9.62,127.1,82.6,0.052,782.9,0.01807,0.00686,4,Kém
7.58,686.6,336.7,4.95,733.3,0.00663,0.00114,655,Kém
7.28,186.5,252.8,0.892,214.4,0.00705,0.00062,12,Tốt
7.72,192.1,143.0,0.992,89.7,0.00628,0.00015,21,Tốt
7.1,103.9,416.9,1.13,114.1,0.00607,0.00064,16,Tốt
7.24,205.7,2009.4,4.333,44.7,0.03733,0.00718,2,Kém
6.87,128.7,334.9,0.973,135.9,0.01349,0.00299,99,Trung bình
7.37,214.9,224.2,1.04,198.1,0.00683,0.00149,5,Tốt
7.8,188.8,352.4,1.669,132.8,0.00501,0.00082,19,Tốt
8.69,360.6,199.0,0.035,156.5,0.00397,0.00122,13,Trung bình
7.39,183.5,168.1,1.776,141.3,0.00605,0.00033,6,Tốt
11.45,95.7,794.7,1.488,1072.2,0.00423,0.00221,11,Nguy hiểm
7.76,126.9,1619.8,0.357,208.3,0.0026,0.00693,696,Kém
7.99,107.7,370.2,0.666,375.6,0.03087,0.00727,853,Kém
5.42,181.4,1737.7,1.905,563.0,0.00539,0.00092,20,Kém
7.82,144.8,1577.5,4.203,194.3,0.01893,0.00742,8,Kém
6.7,171.8,283.4,1.252,291.5,0.00208,0.00041,137,Trung bình
5.22,86.3,292.7,0.629,79.3,0.00538,0.00508,278,Kém
6.79,85.3,323.9,1.087,202.6,0.0043,0.00047,6,Tốt
9.1,119.4,268.7,0.651,327.1,0.00166,0.02255,3369,Nguy hiểm
7.15,85.5,274.5,1.522,180.1,0.00031,0.00137,9,Tốt
8.0,134.7,1589.8,3.449,732.6,0.02137,0.00031,683,Kém
7.23,151.5,463.3,4.282,755.6,0.01136,0.0002,880,Kém
7.57,117.5,81.3,1.877,135.2,0.00468,0.00118,10,Tốt
6.78,381.7,175.8,1.543,122.6,0.01352,0.00097,169,Trung bình
9.08,101.4,95.6,0.872,266.8,0.011,0.00142,25,Trung bình
8.09,163.1,86.6,1.846,89.9,0.00573,0.00035,6,Tốt
6.71,126.9,288.6,1.949,133.0,0.00379,0.001,7,Tốt
7.84,127.7,129.4,1.392,215.8,0.00632,0.00094,3,Tốt
7.93,195.5,917.8,1.432,137.8,0.0067,0.00318,22,Trung bình
7.01,166.8,996.0,3.793,75.5,0.01089,0.00046,10,Trung bình
7.79,219.8,211.1,1.246,285.6,0.01077,0.03794,95,Nguy hiểm
7.29,137.5,122.1,1.263,170.6,0.00768,0.00067,14,Tốt
3.56,94.1,93.9,1.275,180.9,0.00565,0.00085,111,Nguy hiểm
8.03,154.9,362.7,0.923,180.9,0.00446,0.00109,24,Tốt
6.76,130.4,294.3,0.313,162.3,0.00212,0.00014,21,Tốt
8.11,320.3,466.8,0.943,197.5,0.00174,0.00258,20,Trung bình
8.83,211.8,97.4,3.168,130.0,4e-05,0.03416,24,Nguy hiểm
6.04,427.6,250.3,0.696,100.5,0.00082,0.003,18,Trung bình
6.8,312.2,493.6,0.971,129.0,0.00741,0.00282,13,Trung bình
8.08,210.2,2422.2,9.881,165.6,0.00654,0.02756,687,Nguy hiểm
8.56,88.2,283.4,0.817,82.9,0.01134,0.00098,20,Trung bình
7.95,133.2,246.5,3.324,90.4,0.00048,5e-05,1675,Nguy hiểm
6.77,679.6,1729.3,4.472,151.0,0.00214,0.0002,459,Kém
7.96,145.1,720.5,0.828,355.7,0.00055,0.00366,21,Trung bình
5.26,607.2,219.3,1.604,60.5,0.00059,0.00506,10,Kém
6.94,215.4,339.3,0.056,136.6,0.00782,0.00112,148,Trung bình
6.05,422.7,905.3,0.752,210.5,0.00018,0.00059,24,Trung bình
11.22,105.1,259.0,0.332,299.7,0.00695,0.00014,19,Nguy hiểm
8.66,133.3,129.6,0.083,174.6,0.00469,0.00125,17,Trung bình
9.84,165.3,113.9,4.329,765.6,0.00291,0.00016,760,Kém
9.82,110.8,2099.9,0.395,140.1,0.00798,0.00061,778,Kém
7.77,218.0,1916.1,1.445,174.9,0.16951,9e-05,24,Nguy hiểm
10.01,624.1,498.8,1.555,385.6,0.00693,0.00133,367,Kém
11.68,114.1,280.8,1.506,219.2,0.00536,0.00054,1457,Nguy hiểm
7.89,620.2,821.5,1.992,789.8,0.00164,0.00143,3219,Nguy hiểm
8.03,162.3,1636.3,4.914,118.8,0.03652,0.00122,290,Kém
8.84,161.9,301.0,4.034,45.6,0.00404,0.00026,25,Trung bình
7.76,114.5,499.3,0.775,81.7,0.0079,0.00108,6,Tốt
8.1,161.2,912.0,1.205,195.4,0.012,0.00092,13,Trung bình
6.78,182.0,373.4,1.134,122.6,0.00256,0.00055,2,Tốt
7.51,320.8,480.6,3.806,295.0,0.00044,0.00111,10,Trung bình
5.4,115.0,722.8,0.499,179.4,0.03102,0.00879,12,Kém
5.17,701.9,472.9,1.208,143.0,0.01669,0.00652,13,Kém
5.44,575.6,341.0,1.024,218.5,0.04229,0.0001,456,Kém
7.75,153.2,947.1,0.447,1335.5,0.00542,0.00089,24,Nguy hiểm
8.7,166.9,112.4,1.833,75.8,0.00528,0.00336,22,Trung bình
8.07,127.5,341.4,1.699,291.5,0.04203,0.02874,20,Nguy hiểm
5.38,185.9,1861.4,0.811,836.4,0.00539,0.00065,17,Kém
11.58,92.9,163.7,7.797,141.6,0.00363,0.00284,15,Nguy hiểm
7.27,581.1,429.5,1.948,153.0,0.1107,0.00036,66,Nguy hiểm
7.67,619.3,206.0,1.651,156.9,0.03357,0.00102,661,Kém
6.96,353.1,259.0,1.114,402.4,0.00159,0.00016,12,Trung bình
5.22,206.9,259.8,0.625,196.9,0.03822,0.00085,335,Kém
8.8,401.0,416.7,1.253,94.3,0.01229,0.00105,15,Trung bình
6.9,179.0,163.1,1.887,59.3,0.00791,0.00035,9,Tốt
7.98,202.0,82.8,1.43,675.8,0.1507,0.03682,1,Nguy hiểm
7.92,116.1,1927.9,1.439,1222.1,0.03471,0.03501,15,Nguy hiểm
6.85,132.8,281.4,1.892,173.6,0.00359,0.00106,8,Tốt
7.12,193.6,131.0,1.255,199.2,0.01437,0.00338,7,Trung bình
7.56,144.5,146.5,0.988,43.0,0.0018,0.00125,10,Tốt
7.19,582.9,133.2,1.072,172.9,0.03997,0.00565,20,Kém
7.88,695.4,252.2,5.393,1128.5,0.00112,0.00039,798,Nguy hiểm
7.48,196.5,98.8,1.479,56.5,0.00107,0.00045,22,Tốt
7.91,132.8,451.6,4.931,576.7,0.00476,0.00841,408,Kém
7.84,86.9,2068.6,0.56,182.7,0.03373,0.00576,829,Kém
11.04,163.1,278.5,4.565,49.8,0.01111,0.01484,6,Nguy hiểm
6.95,217.3,202.5,1.366,158.4,0.00786,0.00149,4,Tốt
5.15,115.9,2089.4,1.636,153.6,0.0055,0.00143,317,Kém
6.21,139.1,125.1,1.875,395.3,0.00768,0.00014,134,Trung bình
7.23,132.5,117.7,1.574,195.6,0.00373,0.00095,20,Tốt
5.43,186.8,1608.4,0.701,120.9,3e-05,0.00515,14,Kém
7.2,357.0,292.6,0.476,84.9,0.00735,0.00288,8,Trung bình
7.66,840.1,253.1,1.278,1293.9,0.01184,0.00135,24,Nguy hiểm
7.3,102.2,322.3,0.429,390.9,0.01134,0.00265,8,Trung bình
6.74,132.6,366.9,0.953,626.1,0.13794,0.00091,4068,Nguy hiểm
4.67,99.5,960.0,0.936,172.4,0.14935,0.00087,1,Nguy hiểm
7.4,180.0,181.6,1.053,159.4,0.00235,0.001,2,Tốt
8.67,379.7,211.6,0.829,136.3,0.00639,0.00233,14,Trung bình
5.18,90.2,2171.8,1.449,81.8,0.00677,0.0074,24,Kém
8.58,158.3,1030.5,0.732,95.2,0.00467,0.00065,9,Trung bình
8.67,118.9,284.2,0.32,209.1,0.19808,0.03517,176,Nguy hiểm
6.39,191.4,1026.2,1.725,96.0,0.00781,0.00015,85,Trung bình
7.97,95.5,325.0,1.116,42.3,0.00188,0.00128,1,Tốt
8.05,82.7,231.1,1.571,83.5,0.00199,0.00051,14,Tốt
7.75,158.6,781.4,0.916,102.6,0.01318,0.001,76,Trung bình
8.05,703.7,184.4,8.606,1333.0,0.00546,0.0397,23,Nguy hiểm
7.15,566.9,1921.9,1.117,742.9,0.0003,0.00068,321,Kém
7.39,153.7,1719.5,1.274,63.2,0.01794,0.00588,3,Kém
8.68,200.2,268.4,7.981,732.5,0.00309,0.00077,14,Nguy hiểm
7.72,654.0,1763.5,1.852,608.1,0.03297,0.0005,16,Kém
6.96,116.0,113.1,4.909,125.6,0.00391,0.04164,716,Nguy hiểm
7.38,117.6,2582.9,1.672,1220.2,0.00291,0.00019,7,Nguy hiểm
5.31,164.2,157.4,0.599,366.2,0.00136,0.00582,487,Kém
9.06,100.1,334.5,1.785,255.5,0.01411,0.00021,19,Trung bình
6.82,123.6,431.4,1.862,83.6,0.08288,0.00706,9,Nguy hiểm
7.97,154.2,1626.7,4.299,219.4,0.01968,0.00337,14,Kém
7.83,130.2,203.4,0.942,49.0,0.00224,7e-05,10,Tốt
10.08,187.8,368.5,1.124,46.0,0.03743,0.00078,252,Kém
7.55,121.3,372.0,1.934,159.9,0.00395,0.00091,6,Tốt
11.0,124.3,157.3,1.697,94.2,0.00098,0.0002,179,Nguy hiểm
7.21,83.3,342.2,0.345,103.8,0.0049,0.0003,1,Tốt
6.71,136.0,330.6,4.324,690.1,0.012,0.00639,350,Kém
7.85,155.1,376.3,0.731,76.4,0.00786,0.00095,24,Tốt
7.64,609.4,891.4,0.656,552.2,0.02898,0.00833,11,Kém
8.01,317.8,2628.2,1.799,210.2,0.00554,0.0356,3699,Nguy hiểm
9.78,116.5,1632.6,0.904,623.4,0.00017,0.00764,24,Kém
5.22,93.7,448.3,0.441,720.4,0.00375,0.00326,804,Kém
7.44,136.4,344.6,1.942,140.2,0.01074,0.00242,23,Trung bình
7.25,157.8,3100.4,7.6,176.2,0.00618,0.00102,15,Nguy hiểm
9.88,375.9,1575.8,0.415,117.2,0.00721,0.00473,728,Kém
7.19,218.4,432.7,1.4,404.3,0.00102,0.00089,176,Trung bình
7.95,194.1,216.0,1.925,137.3,0.04201,0.03788,11,Nguy hiểm
6.88,199.7,90.6,0.332,102.3,0.00125,0.00052,4,Tốt
7.47,90.2,112.3,0.782,200.7,0.0044,0.00039,15,Tốt
7.09,84.7,444.9,0.687,109.9,0.00104,0.00049,15,Tốt
8.9,105.3,914.1,1.574,404.1,0.00708,0.00035,1,Trung bình
11.26,157.4,389.2,1.915,418.0,0.06181,0.00333,20,Nguy hiểm
6.2,191.5,343.6,1.93,168.3,0.00012,0.02278,2,Nguy hiểm
7.69,186.5,204.9,8.025,194.5,0.01415,0.00046,798,Nguy hiểm
7.98,133.4,351.7,1.914,105.2,0.00472,0.00095,20,Tốt
10.0,134.6,1530.7,1.588,684.5,0.00271,0.00054,24,Kém
5.39,92.2,189.1,1.921,392.3,0.13468,0.00244,11,Nguy hiểm
7.71,212.1,345.1,0.365,68.9,0.08486,0.00033,177,Nguy hiểm
6.91,203.9,403.1,8.108,135.2,0.11932,0.00103,4,Nguy hiểm
6.25,182.3,185.8,0.059,132.9,0.01408,0.00104,17,Trung bình
6.73,214.2,186.9,1.155,355.2,0.01154,0.00022,3,Trung bình
6.98,209.1,276.0,1.943,176.2,0.00075,0.00141,15,Tốt
6.83,184.1,248.5,1.854,1378.7,0.0688,0.03487,24,Nguy hiểm
5.19,705.4,141.8,1.443,684.9,0.01062,0.00075,596,Kém
10.16,107.6,2031.9,1.192,55.7,0.00621,0.0054,1,Kém
10.12,579.5,128.3,4.682,211.0,0.00282,0.00493,64,Kém
9.91,133.1,134.3,1.587,279.2,0.12459,0.00147,13,Nguy hiểm
7.73,213.3,158.4,1.383,189.7,0.04353,0.00047,2078,Nguy hiểm
11.08,161.9,440.7,1.161,123.6,0.12947,0.04766,2035,Nguy hiểm
7.08,990.7,1060.8,1.835,715.9,0.00564,0.02815,4,Nguy hiểm
7.49,112.3,269.8,5.554,610.2,0.00326,0.00076,11,Nguy hiểm
5.38,116.8,1928.6,0.861,212.3,0.02115,0.00114,645,Kém
8.06,138.7,353.2,0.912,167.0,0.00047,0.00087,18,Tốt
7.2,207.0,128.6,1.571,205.0,0.00013,0.00098,4,Tốt
7.59,172.6,442.6,1.741,51.9,0.0036,0.0013,0,Tốt
7.06,82.9,464.9,3.23,84.6,0.00301,0.0028,6,Trung bình
6.92,83.7,167.6,1.642,61.0,0.01409,0.03249,6,Nguy hiểm
9.62,640.2,421.7,4.602,198.5,0.00307,0.00052,387,Kém
7.86,133.7,459.4,1.105,106.4,0.00424,0.00087,5,Tốt
6.74,396.8,482.3,3.158,201.5,0.00679,6e-05,12,Trung bình
6.24,122.5,484.9,8.61,90.2,0.00216,0.0008,19,Nguy hiểm
9.04,118.7,2464.3,1.304,1098.6,0.00793,0.00022,124,Nguy hiểm
5.45,594.8,197.8,0.732,576.8,0.00104,0.00076,2,Kém
7.68,110.7,111.6,0.757,201.5,0.00772,0.00046,11,Tốt
6.39,89.6,103.3,0.672,819.8,0.00492,0.00476,536,Kém
7.98,164.1,364.0,1.296,165.0,0.0115,0.00365,112,Trung bình
7.06,704.6,213.7,0.489,696.6,0.03673,0.00779,20,Kém
7.41,137.1,152.3,0.652,81.5,0.00733,0.00124,3,Tốt
7.21,310.8,337.2,1.669,67.4,0.01337,0.00033,18,Trung bình
7.76,183.9,2665.3,5.557,157.8,0.00752,0.01672,139,Nguy hiểm
9.86,125.1,2171.6,4.499,619.0,0.00096,0.00079,16,Kém
5.38,131.5,1822.0,9.752,144.7,0.01428,0.00094,20,Nguy hiểm
7.33,212.9,481.7,8.202,195.4,0.00323,0.00022,3330,Nguy hiểm
7.8,164.5,403.7,0.931,147.3,0.00107,0.00025,11,Tốt
7.71,116.6,764.4,0.354,65.9,0.01354,0.00091,64,Trung bình
7.54,91.7,228.9,1.223,77.8,0.00292,0.00086,18,Tốt
7.01,177.0,145.4,0.479,265.1,0.00759,0.00028,164,Trung bình
6.09,411.2,278.8,1.148,63.3,0.00782,0.00051,6,Trung bình
7.81,119.3,1706.8,1.029,843.3,0.00299,0.00306,764,Kém
7.03,663.0,112.4,0.954,75.2,0.02478,0.0073,126,Kém
8.04,563.9,110.1,1.623,558.4,0.00423,0.00487,17,Kém
8.11,141.9,99.8,1.37,153.7,0.00168,0.00048,21,Tốt
7.45,629.6,861.5,4.442,172.4,0.00259,0.00676,760,Kém
7.1,104.7,390.5,1.801,266.5,0.00232,0.00284,4,Trung bình
7.33,706.5,238.3,1.249,138.7,0.04395,0.0072,16,Kém
7.67,132.6,396.0,0.401,66.6,0.00457,0.00095,9,Tốt
8.17,219.2,212.4,7.716,120.9,0.07447,0.00102,5,Nguy hiểm
7.07,103.7,1095.6,1.568,302.7,0.00314,0.00072,22,Trung bình
7.81,141.9,323.7,1.993,144.3,0.00114,0.00131,7,Tốt
7.1,738.5,451.4,0.061,276.1,0.17473,0.00104,21,Nguy hiểm
6.31,319.2,117.6,1.001,72.4,0.01059,0.00045,5,Trung bình
11.97,94.5,394.8,9.768,80.5,0.02154,0.00119,63,Nguy hiểm
6.75,165.5,252.7,1.855,299.5,0.00532,0.00335,24,Trung bình
7.0,690.1,1748.0,0.425,533.3,0.02581,0.00138,6,Kém
7.08,158.8,433.6,3.249,158.1,0.0135,0.00146,84,Trung bình
7.71,206.5,407.2,0.319,217.1,0.00755,0.00149,7,Tốt
8.19,393.2,344.8,1.204,153.0,0.00731,0.00318,3,Trung bình
7.66,165.6,397.3,1.527,204.7,0.00058,0.00074,7,Tốt
6.9,163.5,255.4,0.895,208.3,0.00602,0.00257,169,Trung bình
6.71,555.2,2140.9,4.623,357.7,0.00251,0.00119,394,Kém
7.27,123.2,84.8,0.035,329.4,0.00237,0.00036,6,Trung bình
7.79,82.6,344.8,1.961,98.8,0.01116,0.00141,117,Trung bình
7.23,668.5,208.8,0.366,88.7,0.03953,0.00827,10,Kém
7.84,338.1,228.7,4.195,217.6,0.00546,0.00075,56,Trung bình
4.32,122.6,476.1,3.344,171.4,0.00444,0.00044,20,Nguy hiểm
9.97,643.1,413.5,1.751,603.7,0.0013,0.00801,67,Kém
7.85,655.8,460.3,5.711,1380.2,0.00697,0.00104,19,Nguy hiểm
8.19,215.8,171.1,1.488,185.3,0.00797,0.00109,2,Tốt
5.23,148.3,84.2,0.847,602.7,0.03928,0.00502,4,Kém
6.79,200.4,129.8,1.738,117.8,0.0031,0.00074,15,Tốt
6.93,91.2,947.7,4.776,548.2,0.00707,0.00504,25,Kém
7.07,103.2,3168.1,0.401,1159.4,0.0019,0.00101,3525,Nguy hiểm
7.78,411.7,272.6,0.999,41.4,0.00545,3e-05,68,Trung bình
7.77,99.9,372.7,0.689,193.6,0.00549,0.00049,21,Tốt
7.42,382.5,468.9,0.877,206.0,0.01198,0.00111,7,Trung bình
7.15,190.1,349.1,0.744,124.6,0.00149,0.00028,6,Tốt
7.19,215.0,283.9,1.84,152.8,0.00095,0.00073,9,Tốt
7.45,193.1,430.9,1.412,192.5,0.00567,0.00121,18,Tốt
6.74,147.1,338.7,3.358,279.5,0.00211,0.0001,2,Trung bình
7.39,101.6,426.9,1.174,216.4,0.00266,0.00027,1,Tốt
7.49,607.4,765.5,1.996,724.1,0.03619,0.00037,22,Kém
7.03,139.6,499.8,1.488,270.5,0.00658,0.00146,140,Trung bình
8.96,138.0,179.8,1.137,172.0,0.00214,0.00084,3982,Nguy hiểm
8.78,101.0,101.1,0.706,210.2,0.00386,0.00014,145,Trung bình
7.72,196.0,370.3,1.692,136.7,0.00423,0.00053,16,Tốt
7.99,128.5,415.8,4.931,187.8,0.0054,0.01268,14,Nguy hiểm
7.56,126.6,85.8,0.7,151.5,0.00267,0.00054,20,Tốt
7.58,146.6,182.8,1.841,188.0,0.00754,0.00071,17,Tốt
9.89,170.7,2045.6,0.4,743.8,0.00589,0.00338,335,Kém
7.2,572.3,481.9,0.584,95.4,0.00353,0.00624,376,Kém
5.21,217.4,248.2,0.497,661.9,0.03342,0.00105,608,Kém
7.42,129.2,123.8,0.533,179.5,0.00388,0.00131,16,Tốt
8.08,208.4,322.6,0.579,148.4,0.00795,0.00068,11,Tốt
4.24,199.9,300.7,4.035,321.7,0.00558,0.00021,1759,Nguy hiểm
11.44,149.4,2374.0,0.32,134.9,0.08363,0.00293,11,Nguy hiểm
7.51,169.5,332.5,0.056,66.9,0.01271,0.00073,19,Trung bình
7.0,168.0,1525.7,1.076,405.3,0.0079,0.03328,23,Nguy hiểm
7.11,184.0,121.3,1.266,166.0,0.01314,0.00316,8,Trung bình
9.68,545.4,1792.6,1.368,141.8,0.01266,0.00116,5,Kém
7.82,112.8,288.0,0.698,211.1,0.00602,0.02365,3150,Nguy hiểm
6.12,179.4,303.5,0.056,79.5,0.0014,0.00012,2,Trung bình
5.14,188.7,444.2,4.714,554.8,0.02576,0.00078,11,Kém
5.37,167.3,419.2,4.243,724.3,0.02924,0.00087,5,Kém
7.16,111.2,341.5,0.07,381.3,0.00169,0.00013,3,Trung bình
8.83,199.5,351.8,3.719,88.8,0.01384,0.00118,16,Trung bình
7.77,136.5,433.1,1.973,128.3,0.00122,0.00146,4,Tốt
7.66,623.6,1724.6,0.071,679.2,0.00581,0.00475,17,Kém
7.42,422.8,147.5,1.4,544.6,0.01394,0.00127,2934,Nguy hiểm
7.07,123.0,227.7,0.673,92.7,0.00435,7e-05,4,Tốt
7.35,166.3,125.6,1.918,309.3,0.02931,0.03026,1580,Nguy hiểm
6.98,114.6,255.1,4.754,113.7,0.03936,0.00701,876,Kém
4.81,127.7,324.5,0.048,111.7,0.00165,0.00539,4,Nguy hiểm
5.38,92.2,810.3,1.838,655.4,0.00046,0.00826,850,Kém
4.69,138.8,249.8,1.535,115.9,0.00378,0.00326,4012,Nguy hiểm
7.56,536.2,219.7,4.508,53.6,0.00274,0.00536,678,Kém
7.41,214.1,499.8,0.667,142.9,0.00306,0.00064,16,Tốt
7.98,386.2,228.2,1.359,211.8,0.01324,0.00067,22,Trung bình
10.96,115.0,472.6,4.911,718.0,0.00556,0.00353,4,Nguy hiểm
7.39,181.9,2656.6,1.966,715.1,0.00795,0.00865,4017,Nguy hiểm
7.31,387.8,1001.1,1.573,113.4,0.00591,0.00025,8,Trung bình
7.61,154.0,334.2,1.37,181.8,0.00285,0.00137,19,Tốt
8.2,380.3,180.0,1.73,118.0,0.00763,0.00337,9,Trung bình
7.27,112.2,274.9,1.897,184.9,0.0077,0.00063,1,Tốt
9.89,143.4,959.2,4.938,158.1,0.02251,0.00497,8,Kém
7.81,151.6,446.1,1.889,342.4,0.00129,0.0013,152,Trung bình
7.72,107.2,1750.0,0.037,613.4,0.00351,0.00772,13,Kém
8.6,141.1,137.2,1.418,89.4,0.01256,0.00143,25,Trung bình
7.96,110.4,232.2,0.4,217.7,0.00434,0.00105,16,Tốt
7.59,143.1,166.6,1.571,135.3,0.00358,3e-05,6,Tốt
7.41,137.8,263.9,0.939,218.9,0.00494,0.00069,14,Tốt
10.09,609.8,1696.4,1.213,123.4,0.00549,0.00146,23,Kém
7.14,186.7,126.0,0.824,219.3,0.00377,0.0004,20,Tốt
6.98,215.1,310.7,4.333,98.6,0.00456,0.00088,4400,Nguy hiểm
8.14,387.5,973.2,1.259,196.1,0.00222,0.0035,6,Trung bình
7.89,118.4,100.7,0.074,332.8,0.0042,0.00376,2808,Nguy hiểm
9.72,164.3,1588.3,4.313,360.3,0.00534,0.00134,1,Kém
7.34,177.6,273.5,1.358,50.0,0.00599,0.00115,21,Tốt
7.34,167.0,240.6,1.887,194.2,0.00079,0.00048,8,Tốt
7.25,140.2,211.8,0.5,187.5,0.00639,0.00148,17,Tốt
7.96,107.3,927.2,4.733,131.1,0.04384,0.00579,686,Kém
6.4,127.6,288.2,1.044,136.0,0.00653,0.0408,18,Nguy hiểm
11.39,333.0,402.0,0.056,520.4,0.00789,0.0015,11,Nguy hiểm
8.14,209.8,369.3,1.558,49.4,0.00789,0.00131,12,Tốt
7.97,365.4,89.8,0.908,175.2,0.00562,0.00338,2,Trung bình
7.12,120.5,490.3,0.418,352.2,0.00782,0.00045,86,Trung bình
7.87,158.2,1544.8,7.314,87.0,0.00422,8e-05,7,Nguy hiểm
7.55,149.2,250.9,0.634,53.2,0.00303,0.00091,14,Tốt
7.13,101.0,3000.0,4.788,180.8,0.00559,0.00595,4825,Nguy hiểm
7.99,214.8,1695.6,1.916,792.0,0.00603,0.00643,460,Kém
8.04,215.8,1881.8,0.645,713.9,0.03829,0.00108,731,Kém
7.5,157.5,282.5,0.387,371.2,0.13963,0.00116,24,Nguy hiểm
8.12,560.9,2159.7,4.301,125.3,0.00646,0.00098,381,Kém
6.92,116.5,309.7,1.917,59.8,0.0049,0.00128,9,Tốt
8.83,208.5,320.8,1.647,134.7,0.14724,0.00124,22,Nguy hiểm
6.81,168.5,445.2,7.999,182.7,0.02563,0.00019,7,Nguy hiểm
7.55,150.8,825.0,0.411,285.1,0.01359,0.00042,5,Trung bình
7.42,125.4,1876.4,4.483,131.6,0.01845,0.00741,86,Kém
9.02,381.7,295.8,0.995,99.2,0.01194,0.00086,11,Trung bình
6.03,95.4,2073.3,1.852,547.0,0.00312,0.00858,12,Kém
7.47,734.4,314.3,7.335,165.4,0.00551,0.0001,22,Nguy hiểm
7.77,146.0,801.9,0.971,98.8,0.02162,0.02219,0,Nguy hiểm
7.52,212.4,140.6,0.698,406.0,0.01107,0.00316,9,Trung bình
7.3,199.8,947.7,3.172,282.4,0.00502,0.00122,10,Trung bình
7.31,136.1,139.2,0.455,146.7,0.00041,0.00128,23,Tốt
5.43,697.5,352.5,4.774,190.8,0.00126,0.00516,9,Kém
8.2,384.4,421.0,0.775,171.7,0.0044,0.00145,155,Trung bình
6.74,160.2,2343.5,5.325,310.6,0.00212,0.00095,2,Nguy hiểm
7.71,181.6,211.5,0.568,59.1,0.00214,0.00055,16,Tốt
7.02,181.1,1912.4,1.021,708.6,0.03762,1e-05,714,Kém
7.5,195.9,327.0,1.666,203.7,0.00349,0.00035,12,Tốt
6.71,125.1,331.2,0.859,108.6,0.04029,0.00012,1141,Nguy hiểm
7.52,170.1,1611.1,0.944,537.5,0.0053,0.0071,371,Kém
8.13,181.3,317.5,0.368,186.8,0.00291,0.00132,13,Tốt
7.09,519.6,371.4,1.781,822.4,0.10693,0.00808,11,Nguy hiểm
8.19,173.0,118.9,4.471,173.4,0.01116,0.00569,811,Kém
6.75,129.8,171.2,1.188,363.0,0.00052,0.00087,175,Trung bình
9.02,150.4,86.8,0.305,128.7,0.13658,0.00633,23,Nguy hiểm
7.19,111.5,1810.4,1.138,56.0,0.00638,0.00582,832,Kém
7.3,131.3,253.7,0.603,93.3,0.00552,0.00072,2,Tốt
6.3,146.1,1735.2,1.537,1234.1,0.00523,0.03048,10,Nguy hiểm
7.39,305.5,153.3,0.028,127.2,0.00463,0.0009,136,Trung bình
8.75,984.9,2310.5,0.353,132.7,0.13804,0.00044,12,Nguy hiểm
7.61,707.1,163.0,4.677,724.4,0.03613,0.00128,73,Kém
7.89,192.5,220.3,0.067,60.5,0.01361,0.0008,20,Trung bình
7.82,138.6,269.0,0.034,66.5,0.00381,0.00054,88,Trung bình
5.24,136.8,1511.2,1.026,73.8,0.03273,0.00077,549,Kém
7.46,174.4,310.6,0.415,197.6,0.00613,0.00147,13,Tốt
7.93,195.6,440.7,1.597,78.9,0.0005,0.00094,16,Tốt
7.24,162.0,422.4,0.375,143.4,0.00292,0.0014,4,Tốt
3.44,177.9,736.1,0.354,127.6,0.01415,0.00341,7,Nguy hiểm
7.8,192.7,470.1,1.992,189.0,0.00734,0.00233,90,Trung bình
7.93,132.4,966.2,3.845,303.6,0.00113,0.00087,11,Trung bình
7.13,99.5,810.6,3.56,47.5,0.00729,0.00101,108,Trung bình
7.78,189.7,381.5,0.972,153.8,0.00444,0.00037,5,Tốt
6.39,142.2,401.8,1.504,128.6,0.00252,0.00356,12,Trung bình
7.9,135.5,175.4,4.765,752.5,0.03284,0.00071,70,Kém
11.73,202.5,318.8,1.622,210.7,0.00474,0.0014,136,Nguy hiểm
8.2,128.1,153.1,4.597,651.5,0.00612,0.00254,832,Kém
8.01,120.0,393.2,1.634,61.9,0.00115,0.00066,9,Tốt
7.51,107.1,237.7,1.109,74.3,0.00458,5e-05,21,Tốt
5.33,204.3,905.5,1.165,131.2,0.17571,0.00012,17,Nguy hiểm
10.01,154.5,390.8,1.436,62.1,0.02876,0.00483,12,Kém
10.05,645.0,459.5,1.028,64.5,0.04357,0.00566,7,Kém
6.93,206.0,347.2,1.439,43.3,0.00604,0.00052,23,Tốt
7.07,161.1,172.9,1.625,122.7,0.00522,0.00051,19,Tốt
8.16,181.7,197.1,0.788,150.9,0.00188,0.00089,17,Tốt
8.03,143.4,251.9,0.754,316.1,0.00788,0.00246,88,Trung bình
7.75,342.0,229.6,0.329,141.0,0.01119,0.00087,3466,Nguy hiểm
6.86,175.4,228.8,1.891,45.4,4e-05,0.00068,12,Tốt
6.21,110.6,252.1,0.901,340.0,0.01411,0.00084,21,Trung bình
8.97,100.6,461.2,1.66,157.0,0.01173,0.00087,91,Trung bình
8.05,167.5,821.3,4.466,680.3,0.00698,0.00097,360,Kém
7.23,610.4,232.3,0.04,567.4,0.04032,0.0006,793,Kém
7.21,201.8,884.5,0.325,368.9,0.0033,0.00101,115,Trung bình
11.82,208.2,192.1,1.422,756.2,0.00329,0.00366,19,Nguy hiểm
8.95,207.9,902.7,1.454,201.4,0.0029,0.00066,18,Trung bình
6.77,216.8,315.1,1.781,49.3,0.00765,0.00109,14,Tốt
7.96,185.0,493.5,1.478,559.5,0.00755,0.00098,2247,Nguy hiểm
9.03,217.7,1081.5,1.089,166.8,0.01298,0.0014,1,Trung bình
9.88,196.2,1657.0,0.759,79.4,0.00228,0.00529,381,Kém
7.95,179.8,913.7,9.587,366.8,0.00149,0.00232,15,Nguy hiểm
7.82,91.3,712.0,4.075,156.7,0.00329,0.00014,17,Trung bình
6.82,102.3,472.3,0.434,193.2,0.00524,0.00143,14,Tốt
7.16,134.4,94.0,0.518,105.0,0.00353,0.00131,25,Tốt
8.01,113.0,1561.8,0.919,690.5,0.0077,0.0011,3484,Nguy hiểm
9.77,526.6,1716.1,4.86,116.0,0.00205,0.00029,8,Kém
9.77,183.2,109.8,1.412,133.7,0.00267,0.00593,272,Kém
9.63,125.0,1915.2,1.807,121.3,0.00745,0.00788,12,Kém
9.69,193.5,1093.8,1.485,316.0,0.00292,0.04782,2,Nguy hiểm
7.81,144.3,436.3,0.572,178.8,0.00345,0.00085,1,Tốt
6.73,427.2,87.1,0.079,352.0,0.00315,0.00078,3,Trung bình
4.0,192.9,1724.7,1.161,303.8,0.00262,0.00047,4217,Nguy hiểm
7.91,539.8,92.1,4.755,101.4,0.00518,0.00626,374,Kém
6.74,134.6,743.9,0.055,79.0,0.01296,0.00101,17,Trung bình
6.96,178.9,457.0,1.941,125.4,0.00467,0.00068,17,Tốt
7.36,187.9,106.3,0.902,150.9,0.00489,0.00103,13,Tốt
6.13,521.6,178.0,0.45,519.2,0.00234,0.00012,825,Kém
3.53,180.4,420.0,0.042,114.6,0.15836,0.0003,3234,Nguy hiểm
9.63,560.0,849.3,1.59,123.9,0.01773,0.00045,685,Kém
7.74,207.6,170.3,0.415,136.1,0.00089,9e-05,23,Tốt
10.04,523.1,183.6,0.879,658.2,0.00136,0.00062,8,Kém
6.17,93.0,465.4,5.856,215.1,0.00503,0.03656,2,Nguy hiểm
7.44,83.4,414.2,0.304,207.8,0.00349,0.00264,98,Trung bình
3.64,176.5,428.9,8.192,136.5,0.00303,0.00235,10,Nguy hiểm
5.17,206.9,109.7,4.687,56.9,0.03988,0.00053,853,Kém
7.12,161.8,131.3,1.006,202.9,0.03276,0.00739,700,Kém
7.06,211.5,331.2,0.086,409.8,0.00088,0.00044,8,Trung bình
7.03,162.8,255.6,0.921,43.6,0.00789,0.00073,5,Tốt
6.29,873.1,110.9,8.294,1202.5,0.00729,0.00015,17,Nguy hiểm
7.04,137.3,1582.6,1.988,43.5,0.00578,0.00517,497,Kém
8.09,105.0,252.0,0.678,77.6,0.00784,0.00135,19,Tốt
7.33,719.4,139.8,1.126,845.4,0.01157,0.0078,618,Kém
7.23,178.0,210.9,1.226,701.3,0.03363,0.00106,634,Kém
7.91,389.8,476.8,1.571,102.8,0.01345,0.00048,2,Trung bình
5.25,634.3,2193.5,1.78,196.7,0.00627,0.00461,19,Kém
7.16,515.3,262.0,3.902,1078.6,0.19379,0.00147,18,Nguy hiểm
7.74,175.1,462.1,0.467,156.2,0.00563,0.00141,6,Tốt
7.18,90.0,172.7,4.421,802.9,0.02128,0.00762,19,Kém
7.43,84.6,296.2,1.932,116.4,0.00212,0.00116,6,Tốt
10.78,136.0,2334.0,0.574,1367.1,0.01844,0.00085,22,Nguy hiểm
6.03,305.7,434.8,1.471,47.6,0.01303,0.00057,21,Trung bình
6.83,683.1,396.4,1.535,334.1,0.00393,0.00518,553,Kém
7.79,156.9,217.8,0.74,185.7,0.00095,0.00108,16,Tốt
8.71,139.1,100.1,1.073,96.3,0.01347,0.0003,18,Trung bình
11.9,171.1,114.7,0.065,120.5,0.02489,0.01288,3,Nguy hiểm
7.05,186.7,476.4,5.49,147.3,0.00239,0.0012,334,Nguy hiểm
7.38,188.1,81.2,1.564,181.5,0.00492,0.00122,2,Tốt
9.92,359.2,1793.2,1.551,518.3,0.03847,0.00053,16,Kém
7.3,161.1,382.0,0.965,152.1,0.00537,0.00127,14,Tốt
8.09,215.7,106.5,0.67,176.0,0.00626,0.00144,3,Tốt
7.06,710.2,2098.8,4.594,630.3,0.00404,0.00056,13,Kém
7.32,682.0,242.8,1.015,65.6,0.03939,0.00624,19,Kém
8.14,85.8,410.2,1.878,90.8,0.00314,9e-05,18,Tốt
7.8,83.1,233.8,0.585,103.7,0.00568,0.0006,11,Tốt
8.6,159.0,870.9,0.08,52.4,0.00288,0.00096,8,Trung bình
6.91,200.9,470.4,1.29,213.3,0.00668,0.00132,16,Tốt
6.86,219.0,902.1,3.446,177.3,0.00714,0.00086,12,Trung bình
7.39,150.5,203.7,0.05,354.9,0.01212,0.00141,22,Trung bình
7.5,158.1,222.0,1.884,149.3,0.0125,0.00132,144,Trung bình
6.73,368.9,1842.6,1.711,826.2,0.00301,0.0064,273,Kém
6.83,319.5,215.5,0.561,402.2,0.01395,0.00105,19,Trung bình
7.6,590.8,1619.2,1.533,108.5,0.04086,0.00059,19,Kém
8.03,584.7,421.3,0.05,619.4,0.00517,0.00604,4,Kém
8.09,215.7,104.8,1.786,115.6,0.00689,0.00128,22,Tốt
6.98,218.6,288.9,1.726,183.4,0.00168,0.00112,20,Tốt
7.67,366.3,404.8,1.586,216.3,0.00667,2e-05,155,Trung bình
6.74,151.4,220.9,0.863,217.9,0.00699,0.00035,0,Tốt
7.8,523.2,1636.1,0.661,839.6,0.01158,0.00893,15,Kém
8.07,216.2,108.4,4.197,151.7,0.00712,0.00352,138,Trung bình
7.05,173.7,937.0,1.29,1152.5,7e-05,0.00364,4282,Nguy hiểm
7.37,144.9,131.0,0.653,112.2,0.00094,0.00051,2,Tốt
8.05,157.4,80.6,4.614,217.6,0.02714,0.00735,562,Kém
7.49,146.9,131.2,1.422,156.0,0.0066,0.00055,12,Tốt
7.3,601.7,221.2,1.132,182.1,0.00786,0.00045,4269,Nguy hiểm
7.85,118.5,397.0,3.619,294.8,0.00655,0.00032,18,Trung bình
6.71,124.5,190.0,1.473,88.9,0.00071,0.0009,9,Tốt
8.17,171.5,183.7,1.124,55.6,0.00154,0.00111,18,Tốt
3.84,361.7,165.9,0.716,401.4,0.00118,0.00119,3,Nguy hiểm
9.75,162.1,377.3,1.638,150.1,0.02424,0.00659,16,Kém
6.94,125.8,236.9,1.236,56.7,0.00052,0.00147,25,Tốt
7.52,111.2,109.2,0.468,93.3,0.00398,0.00109,17,Tốt
7.11,103.5,446.4,3.95,41.5,0.01171,0.00143,16,Trung bình
9.64,307.0,370.2,0.698,697.3,0.01958,0.00524,22,Kém
7.65,105.5,918.9,1.505,343.4,0.00157,0.00051,5,Trung bình
8.04,199.9,192.5,0.023,45.3,0.01318,0.00116,9,Trung bình
8.16,127.5,296.9,0.394,154.3,0.01355,0.00297,91,Trung bình
7.08,565.4,130.6,4.768,520.4,0.00246,0.00148,215,Kém
4.89,726.5,150.2,3.913,84.6,0.00633,0.00115,5,Nguy hiểm
7.87,213.4,89.3,1.618,51.6,0.00296,0.00107,17,Tốt
8.6,130.6,382.9,0.695,111.5,0.01193,0.00129,17,Trung bình
5.13,137.2,2194.0,0.744,769.7,0.02762,0.00103,122,Kém
7.18,90.8,929.9,1.696,285.1,0.00064,0.00057,137,Trung bình
7.59,187.8,215.6,1.489,108.7,0.00776,0.00024,17,Tốt
7.95,342.7,167.8,0.582,217.3,0.01277,0.00012,169,Trung bình
7.33,159.1,256.2,1.863,61.9,0.00452,0.00112,20,Tốt
8.9,386.7,179.8,0.053,117.2,0.00022,0.00103,3,Trung bình
10.05,718.5,115.2,1.934,417.3,0.00104,0.00748,15,Kém
5.35,85.9,315.2,1.318,125.2,0.03224,0.00565,10,Kém
5.36,625.3,355.7,0.798,64.4,0.00793,0.00455,871,Kém
7.51,174.7,346.3,1.474,91.4,0.00141,0.00094,11,Tốt
7.01,146.4,448.8,3.529,152.6,0.00064,0.00322,68,Trung bình
7.87,136.4,289.9,5.206,550.2,0.00208,0.03945,766,Nguy hiểm
7.87,184.2,93.7,1.362,134.0,0.0005,0.00135,14,Tốt
7.13,140.3,433.8,1.749,173.5,0.00648,0.00146,21,Tốt
7.03,626.3,1747.3,4.329,53.4,0.02505,0.00031,4,Kém
8.16,158.8,835.0,3.781,100.9,0.01443,0.00044,23,Trung bình
7.85,169.2,854.8,1.761,44.1,0.0173,0.00131,2603,Nguy hiểm
8.02,326.4,395.7,1.589,296.8,0.00145,0.00277,7,Trung bình
10.8,127.2,2266.2,1.597,414.8,0.00676,0.0009,4892,Nguy hiểm
8.16,706.2,858.8,1.346,74.3,0.02836,0.00127,736,Kém
5.12,216.7,1781.3,0.719,151.5,0.00508,0.00811,19,Kém
6.91,83.4,367.9,1.72,165.8,0.00017,0.00131,21,Tốt
7.62,156.2,217.5,1.677,1317.7,0.11545,0.00885,4,Nguy hiểm
7.75,139.8,463.9,1.559,58.1,0.00731,0.0014,20,Tốt
7.15,80.8,3181.0,0.074,1050.4,0.00596,0.04159,7,Nguy hiểm
8.04,335.1,245.9,3.399,204.5,0.01281,0.00068,16,Trung bình
7.07,147.0,234.6,4.586,187.0,0.09967,0.02939,15,Nguy hiểm
7.62,144.8,439.2,0.369,151.5,0.17229,0.00052,152,Nguy hiểm
6.82,385.7,1067.7,1.649,58.4,0.00476,0.00033,7,Trung bình
11.0,145.6,259.1,8.602,193.2,0.00654,0.00084,20,Nguy hiểm
6.74,128.5,323.3,1.981,158.9,0.00616,0.00016,16,Tốt
7.18,80.6,357.8,4.318,110.8,0.04348,0.00245,735,Kém
6.89,214.7,1757.1,4.336,118.5,0.02595,0.00837,20,Kém
9.9,580.9,486.9,0.368,188.8,0.01226,0.00855,15,Kém
7.72,209.2,121.2,1.638,145.1,0.00689,0.00135,10,Tốt
11.2,82.1,149.4,1.239,193.9,0.15407,2e-05,10,Nguy hiểm
7.42,913.5,220.5,3.263,1083.3,0.00063,0.00131,16,Nguy hiểm
3.51,394.6,321.8,0.385,110.9,0.0034,0.00026,18,Nguy hiểm
7.6,155.5,278.1,4.488,578.6,0.01655,0.00094,549,Kém
7.61,115.7,1020.7,4.395,218.1,0.00025,0.04588,21,Nguy hiểm
7.97,686.0,1692.1,1.111,801.6,0.00546,0.0004,14,Kém
8.07,90.9,166.5,1.697,150.4,0.15002,0.00282,5,Nguy hiểm
7.73,170.5,331.6,0.87,130.9,0.00113,0.00115,3,Tốt
7.15,387.6,1084.4,0.804,172.8,0.00252,0.00254,19,Trung bình
4.75,194.3,418.2,0.425,1343.4,0.00412,0.0013,22,Nguy hiểm
7.22,639.1,130.3,1.82,201.9,0.03813,0.00754,657,Kém
7.72,172.6,138.3,3.258,141.8,0.01074,0.00069,7,Trung bình
7.77,158.8,471.0,0.732,176.0,0.00507,0.00103,5,Tốt
7.79,148.2,227.3,1.582,365.7,0.00428,0.00328,9,Trung bình
7.49,116.5,128.3,1.582,1374.6,0.00503,0.03081,3614,Nguy hiểm
5.21,372.9,297.9,1.337,543.6,0.02562,0.00829,20,Kém
7.76,350.0,1031.7,0.028,152.8,0.00348,0.00052,23,Trung bình
8.68,91.8,803.3,0.743,339.6,0.00592,0.00096,16,Trung bình
6.95,210.5,165.9,0.429,89.6,0.00357,0.00012,16,Tốt
7.16,680.7,3034.8,1.309,144.4,0.03107,0.00014,3374,Nguy hiểm
7.55,390.5,860.2,0.351,192.1,0.00387,0.00088,21,Trung bình
7.49,314.0,439.3,3.167,126.8,0.00093,0.00272,2,Trung bình
7.17,133.7,339.3,0.811,198.2,0.00414,0.00048,22,Tốt
11.73,193.2,176.5,1.504,66.5,0.00701,0.04533,7,Nguy hiểm
9.04,172.6,446.8,1.497,311.6,0.00498,0.00015,5,Trung bình
7.47,89.6,2144.2,4.459,612.8,0.00554,0.00325,496,Kém
7.84,589.7,2174.8,0.789,154.1,0.00162,0.00757,18,Kém
7.57,138.9,147.0,0.954,95.9,0.00317,0.00124,16,Tốt
8.08,587.7,110.7,1.669,203.0,0.00311,0.00553,212,Kém
7.36,149.7,488.2,1.014,139.6,0.00558,0.00052,14,Tốt
8.17,215.0,174.5,0.747,166.1,0.00107,0.00103,4,Tốt
9.7,609.5,435.7,0.694,784.2,0.01353,0.00631,12,Kém
7.17,326.4,453.2,1.6,130.3,0.00626,0.00069,138,Trung bình
6.74,136.5,142.8,0.028,63.7,0.01195,0.00248,21,Trung bình
8.19,520.7,2180.7,1.739,143.2,0.00431,0.00107,613,Kém
3.7,752.0,360.1,1.049,1228.1,0.00349,0.00053,11,Nguy hiểm
7.32,204.9,478.3,0.737,80.6,0.00423,0.00065,20,Tốt
6.73,159.5,1068.5,0.358,178.6,0.01397,0.00094,71,Trung bình
8.8,171.4,118.0,0.617,202.5,0.01098,0.0006,17,Trung bình
9.66,82.2,2095.3,0.781,63.7,0.00146,0.00713,23,Kém
6.33,168.2,393.7,0.999,612.2,0.03255,0.00606,468,Kém
3.47,701.5,325.8,1.579,61.7,0.00182,0.00113,389,Nguy hiểm
6.16,87.5,140.1,0.087,76.1,0.01319,0.00063,23,Trung bình
6.33,510.3,2017.0,0.515,113.7,0.0077,0.00645,23,Kém
7.6,89.3,949.3,1.095,112.8,0.00289,0.0036,15,Trung bình
7.13,211.7,894.8,4.221,584.4,0.00774,0.00036,583,Kém
5.37,165.4,197.5,6.744,65.9,0.0071,0.00821,8,Nguy hiểm
6.72,181.7,308.3,0.562,191.4,0.00791,0.00116,10,Tốt
9.67,159.4,349.4,0.053,657.6,0.01704,0.00707,9,Kém
7.89,219.3,275.1,0.458,135.1,0.00605,0.00039,2,Tốt
6.31,106.8,404.3,1.77,54.1,0.00379,0.00234,1,Trung bình
7.28,121.7,212.2,0.862,135.8,0.00377,0.00073,18,Tốt
7.67,182.4,804.3,3.786,67.3,0.00728,0.00308,22,Trung bình
7.98,139.9,749.2,0.034,350.9,0.00621,0.00057,4,Trung bình
6.75,151.6,454.6,4.535,1283.0,0.00474,0.00142,4,Nguy hiểm
7.89,318.7,481.0,1.134,197.0,0.00513,0.02808,1,Nguy hiểm
7.29,98.2,391.7,1.29,102.8,0.00753,0.00149,8,Tốt
7.53,595.9,241.1,4.589,207.2,0.04462,0.00677,18,Kém
7.99,392.8,764.0,0.874,137.0,0.01245,0.00081,5,Trung bình
7.53,108.2,204.4,0.327,314.8,0.00092,0.00052,93,Trung bình
8.1,101.7,95.1,3.26,130.5,0.00645,0.00282,84,Trung bình
7.54,111.5,192.3,0.051,219.1,0.09219,0.00131,57,Nguy hiểm
7.78,190.8,461.4,1.657,148.3,0.00794,0.00114,4,Tốt
7.66,684.4,1923.4,1.028,72.7,0.0067,0.00688,16,Kém
8.06,203.3,496.1,0.487,143.3,0.00681,0.00056,6,Tốt
7.56,213.8,302.8,1.897,157.4,0.00035,0.00089,15,Tốt
7.7,138.2,438.8,4.624,1358.2,0.00598,0.02693,2,Nguy hiểm
7.01,162.0,468.5,1.465,90.7,0.00768,0.00069,16,Tốt
8.18,537.5,277.7,1.935,87.3,0.00111,0.01245,22,Nguy hiểm
7.59,638.5,133.9,0.509,791.7,0.03712,0.00108,803,Kém
8.06,675.9,1516.5,4.775,183.0,0.00617,0.00723,8,Kém
7.3,159.7,427.5,0.767,62.6,0.0012,0.00139,0,Tốt
6.74,185.2,789.3,0.026,107.1,0.00616,0.00304,21,Trung bình
7.48,135.6,425.2,0.558,74.5,0.00403,0.00117,18,Tốt
7.75,104.1,406.0,1.613,214.6,0.00426,0.00022,14,Tốt
7.47,151.4,234.3,4.506,1079.9,0.00046,0.00088,1977,Nguy hiểm
7.79,203.2,293.6,1.702,130.9,0.00277,0.00127,12,Tốt
7.55,716.1,113.3,8.876,91.1,0.00203,0.00468,15,Nguy hiểm
8.86,107.2,80.4,1.691,320.2,0.00242,0.00068,18,Trung bình
7.58,375.6,1039.5,3.12,89.6,0.00788,0.00033,19,Trung bình
6.95,186.5,202.6,1.332,195.5,0.00557,6e-05,14,Tốt
7.49,168.1,489.7,0.023,264.4,0.0118,0.001,3,Trung bình
7.89,127.7,1058.6,0.048,1158.4,0.00578,0.00135,14,Nguy hiểm
7.36,122.2,345.2,1.942,146.0,0.00711,0.00059,24,Tốt
8.11,572.0,221.8,0.637,1138.1,0.00073,0.02523,409,Nguy hiểm
7.32,201.7,304.5,0.921,598.3,0.03439,0.00867,382,Kém
7.4,382.7,136.9,0.412,85.4,0.00249,0.00224,4,Trung bình
7.14,150.3,279.5,0.947,130.6,0.00572,0.00061,18,Tốt
7.42,408.7,438.4,1.864,555.2,0.02637,0.00521,483,Kém
7.26,133.0,178.6,1.583,43.7,0.00143,0.00085,5,Tốt
8.14,92.9,1791.6,4.938,675.1,0.04161,0.00138,8,Kém
7.94,380.5,472.9,0.532,68.6,0.00762,0.00027,175,Trung bình
7.7,126.6,111.7,1.392,149.2,0.0067,0.00097,24,Tốt
5.19,182.5,1038.4,4.279,140.1,0.02502,0.00074,434,Kém
7.68,578.4,285.3,8.533,116.0,0.10537,0.00074,3,Nguy hiểm
7.28,140.4,313.5,1.31,85.3,0.00392,0.00092,22,Tốt
7.03,181.3,427.8,4.671,411.9,0.0448,0.00133,669,Kém
5.12,151.1,351.9,4.329,610.4,0.00373,0.0067,23,Kém
7.47,158.0,405.9,0.572,78.9,0.00208,0.00069,5,Tốt
7.62,305.7,424.4,1.749,388.4,0.00195,0.00049,14,Trung bình
6.79,116.1,842.2,1.647,315.8,0.0139,3e-05,22,Trung bình
5.39,159.5,105.3,4.832,132.5,0.0429,0.00715,8,Kém
6.19,176.7,342.9,1.375,153.9,0.01783,0.00147,4413,Nguy hiểm
7.3,165.4,497.6,1.121,166.6,0.00199,1e-05,3,Tốt
5.16,689.0,1656.3,1.426,550.8,0.00225,0.00125,10,Kém
6.09,143.7,355.3,1.885,319.0,0.0057,0.00141,59,Trung bình
8.13,178.7,1559.1,0.769,570.7,0.00362,0.00888,236,Kém
7.99,173.1,453.2,0.624,209.8,0.00528,0.00239,91,Trung bình
4.86,160.3,159.2,8.515,107.7,0.00301,0.00135,3105,Nguy hiểm
7.54,186.7,154.0,1.656,318.7,0.13132,0.00045,16,Nguy hiểm
7.27,110.4,349.0,0.902,112.5,0.00286,0.00059,21,Tốt
10.08,404.2,219.0,4.625,1080.8,0.00214,0.00097,22,Nguy hiểm
7.06,612.9,2021.9,1.313,112.2,0.04136,0.00018,21,Kém
7.01,410.3,2790.2,6.639,140.1,0.00419,0.02,17,Nguy hiểm
11.91,372.6,496.0,3.395,90.8,0.00485,0.00063,15,Nguy hiểm
6.18,389.3,107.0,1.875,156.0,0.00119,0.0003,6,Trung bình
7.27,162.9,100.8,1.098,1314.5,0.00742,0.03746,4719,Nguy hiểm
8.06,193.3,153.0,3.139,275.6,0.01391,0.00029,15,Trung bình
7.04,152.8,1684.4,0.973,536.4,0.00551,0.00791,580,Kém
6.72,530.6,1766.2,1.15,202.3,0.00225,0.00669,708,Kém
7.13,122.3,3158.8,1.966,212.6,0.0042,0.03786,176,Nguy hiểm
7.33,716.5,223.2,3.248,155.3,0.00153,0.00881,3313,Nguy hiểm
6.76,198.3,449.9,0.406,54.3,0.00281,0.00091,21,Tốt
8.73,317.1,812.9,1.545,99.3,0.00431,0.00037,21,Trung bình
7.78,113.9,245.9,1.166,140.9,0.00338,0.00087,20,Tốt
7.09,105.4,420.2,3.903,305.4,0.00536,0.00304,4,Trung bình
7.32,152.3,476.8,0.483,78.5,0.00723,0.00139,20,Tốt
6.22,399.5,188.8,0.518,114.2,0.01064,0.00106,11,Trung bình
7.86,137.1,1029.4,0.316,41.9,0.00301,0.00057,160,Trung bình
6.71,159.5,1846.4,4.795,40.1,0.00424,0.00498,795,Kém
7.4,169.9,281.1,0.071,196.9,0.01137,3e-05,104,Trung bình
7.08,175.3,184.7,0.036,361.7,0.01432,0.00086,24,Trung bình
10.01,116.3,1819.5,1.051,731.7,0.00603,0.00052,15,Kém
7.65,110.4,337.4,1.837,102.9,0.01829,0.0309,826,Nguy hiểm
5.43,131.5,197.1,4.402,98.6,0.01288,0.00139,417,Kém
7.67,124.1,269.0,1.925,175.0,0.00385,0.00028,23,Tốt
7.2,171.7,111.0,1.999,138.1,0.00613,0.00092,3,Tốt
7.64,210.4,500.0,0.945,177.2,0.00417,0.00134,24,Tốt
3.78,692.6,445.8,5.77,167.2,0.00107,5e-05,4095,Nguy hiểm
7.74,198.9,235.4,1.865,145.1,0.00678,0.00099,0,Tốt
8.1,635.7,829.6,7.772,184.1,0.00538,0.00048,2572,Nguy hiểm
6.25,88.0,973.6,1.687,100.1,0.00557,0.00109,25,Trung bình
7.92,195.7,119.8,1.261,127.2,0.00032,0.00014,22,Tốt
7.74,130.9,450.7,1.566,171.4,0.00338,0.00088,9,Tốt
10.22,117.2,132.0,8.854,57.8,0.11398,0.00233,6,Nguy hiểm
8.2,186.8,799.4,0.37,357.5,0.00198,0.00072,105,Trung bình
7.62,101.9,1759.2,0.652,195.0,0.01824,0.00831,712,Kém
7.19,218.0,263.1,1.225,210.4,0.00206,0.00106,11,Tốt
4.44,81.6,2545.8,1.162,193.3,0.00343,0.00144,95,Nguy hiểm
11.95,355.6,310.5,3.299,61.7,0.00722,0.00067,168,Nguy hiểm
5.16,694.7,137.9,1.074,126.9,0.00566,0.0071,4,Kém
7.75,219.3,148.3,1.833,60.5,0.0079,0.00035,19,Tốt
10.05,512.8,1580.0,0.033,199.0,0.00431,0.00118,514,Kém
6.99,573.4,259.8,0.024,169.7,0.02063,0.00824,599,Kém
6.78,88.6,87.7,0.805,145.8,0.00535,0.00136,11,Tốt
9.09,110.6,774.9,1.968,66.5,0.0074,0.00111,9,Trung bình
7.36,152.0,497.4,1.568,111.9,0.00348,0.00136,12,Tốt
6.79,174.2,340.9,0.971,182.5,0.00227,0.0,20,Tốt
8.14,159.7,1550.5,0.532,196.0,0.00645,0.00059,3488,Nguy hiểm
7.19,170.2,284.2,1.002,155.5,0.00117,0.00031,19,Tốt
7.95,138.4,174.1,1.665,177.1,0.00138,0.0005,14,Tốt
6.96,154.2,208.5,1.737,173.0,0.00793,0.00092,13,Tốt
6.38,205.0,169.1,0.5,293.0,0.00103,0.00037,2,Trung bình
7.6,93.0,293.6,1.217,68.0,0.00759,0.00105,0,Tốt
7.73,201.7,449.0,0.845,50.1,0.00773,5e-05,20,Tốt
7.67,160.7,299.8,1.842,61.5,0.00632,0.00052,1,Tốt
6.17,152.9,405.5,0.814,362.0,0.00379,0.00047,12,Trung bình
8.02,188.8,269.8,0.924,178.7,0.00638,0.00107,22,Tốt
7.6,694.8,2118.2,0.541,193.9,0.00375,0.00814,17,Kém
7.33,216.5,149.7,1.753,55.2,0.0061,0.00094,20,Tốt
6.71,541.4,95.4,1.327,563.0,0.03324,0.00066,14,Kém
7.27,525.3,107.3,0.304,281.3,0.00295,0.00647,3770,Nguy hiểm
7.5,218.1,312.2,0.786,739.6,0.042,0.00081,849,Kém
6.44,176.4,310.4,4.148,90.6,0.01269,0.00048,19,Trung bình
7.68,177.6,109.8,1.61,101.4,0.00585,0.00113,8,Tốt
7.01,196.2,444.8,1.375,178.7,0.0017,1e-05,11,Tốt
6.98,81.4,356.7,0.734,256.8,0.01054,0.00352,7,Trung bình
6.91,181.9,1075.1,1.025,160.1,0.09502,0.00028,13,Nguy hiểm
5.41,681.2,2108.8,0.532,75.6,0.00225,8e-05,22,Kém
5.27,171.2,1751.9,1.678,779.9,0.03873,0.00093,5,Kém
8.14,169.6,1963.5,1.166,771.4,0.01741,0.0002,297,Kém
6.91,165.5,204.5,1.645,97.6,0.0022,0.00099,1,Tốt
10.11,153.0,1895.1,0.4,603.8,0.02208,0.00065,14,Kém
7.5,173.2,843.2,0.353,129.2,0.01119,0.00239,14,Trung bình
10.26,386.0,866.1,1.506,58.8,0.00717,0.00017,1491,Nguy hiểm
7.12,84.1,313.7,0.667,129.9,0.00797,0.00148,8,Tốt
5.1,121.3,3049.1,6.353,155.5,0.00124,0.00102,10,Nguy hiểm
6.93,330.4,310.0,0.939,85.3,0.00771,0.00319,62,Trung bình
6.8,174.0,488.5,0.444,148.4,0.00278,0.00057,2,Tốt
9.64,211.0,104.2,0.376,594.9,0.01791,0.00138,25,Kém
7.38,146.0,1672.7,4.267,176.9,0.03274,0.00034,534,Kém
6.98,94.3,1004.9,6.984,723.2,0.00102,0.00013,21,Nguy hiểm
8.08,172.1,101.2,1.436,112.4,0.00326,0.0038,158,Trung bình
7.93,135.7,113.2,1.896,214.8,0.00612,0.00037,13,Tốt
6.14,208.0,358.9,0.074,153.3,0.00519,3e-05,140,Trung bình
7.2,391.5,142.3,0.564,308.4,0.00418,0.0013,3,Trung bình
8.16,373.7,330.8,1.69,106.4,0.00478,0.00233,21,Trung bình
7.87,167.2,390.9,0.721,97.9,0.00611,0.03299,295,Nguy hiểm
7.73,136.0,324.5,1.936,163.1,0.00238,0.00145,20,Tốt
7.72,93.2,113.4,0.309,375.0,0.00201,0.00012,103,Trung bình
7.81,546.3,1595.0,1.253,540.3,0.02873,0.00051,14,Kém
4.61,214.4,396.2,1.316,121.3,0.01307,0.00058,16,Nguy hiểm
6.75,115.2,162.1,1.667,215.1,0.00589,0.00011,17,Tốt
7.54,160.1,462.7,1.921,825.3,0.02723,0.00121,624,Kém
6.76,197.0,306.4,0.542,722.6,0.00107,0.00452,855,Kém
7.24,425.3,326.5,0.868,62.5,0.00285,0.00096,134,Trung bình
8.03,574.1,160.0,9.677,172.6,0.00744,0.00231,17,Nguy hiểm
7.25,564.8,1868.9,0.653,218.3,0.00782,0.00509,331,Kém
5.13,677.4,377.5,0.072,657.8,0.00391,0.00595,18,Kém
7.91,187.5,477.5,0.755,133.0,0.00693,8e-05,23,Tốt
7.9,719.8,219.2,1.991,168.6,0.03381,0.00827,25,Kém
7.62,212.7,2396.3,0.899,152.3,0.0009,0.03782,10,Nguy hiểm
11.93,162.0,301.3,1.425,723.5,0.01267,0.00067,19,Nguy hiểm
7.57,196.1,130.9,1.447,338.4,0.0127,0.0007,170,Trung bình
5.21,186.5,330.3,4.251,580.4,0.00023,0.008,6,Kém
6.92,125.4,206.0,1.946,77.4,0.00747,0.00044,5,Tốt
11.05,140.0,410.7,1.417,179.6,0.1423,0.03697,4,Nguy hiểm
7.58,124.2,212.4,1.161,171.1,0.00545,0.00069,16,Tốt
6.35,184.3,1831.3,4.52,767.9,0.02312,7e-05,6,Kém
7.17,133.3,400.2,0.639,322.9,0.01338,0.00262,25,Trung bình
7.97,422.9,146.2,0.448,202.8,0.0025,0.00233,134,Trung bình
7.61,198.4,425.7,1.167,52.6,0.07633,0.00142,2233,Nguy hiểm
11.71,152.3,455.8,4.622,1362.0,0.00278,0.00123,6,Nguy hiểm
6.33,141.4,847.0,0.069,148.1,0.00609,1e-05,15,Trung bình
8.65,189.6,973.6,1.749,48.3,0.0026,0.00037,126,Trung bình
3.71,113.9,463.4,1.878,552.6,0.00039,0.03089,3,Nguy hiểm
9.65,192.5,2056.6,1.917,157.8,0.02762,0.00495,8,Kém
8.19,206.9,2786.1,9.663,213.5,0.00606,0.00114,4,Nguy hiểm
6.99,330.4,366.4,1.368,134.3,0.05598,0.00037,8,Nguy hiểm
8.89,165.2,152.2,0.615,353.6,0.00476,0.00017,24,Trung bình
7.98,212.5,454.0,4.757,167.5,0.00356,0.02205,118,Nguy hiểm
6.94,107.0,311.0,0.53,181.1,0.00254,0.00106,24,Tốt
6.92,92.4,240.6,1.269,86.6,0.00781,0.00294,4752,Nguy hiểm
7.36,145.8,216.6,1.192,105.7,0.00405,0.00082,6,Tốt
8.78,308.7,388.4,1.631,75.2,0.00299,0.00271,6,Trung bình
7.4,880.1,768.2,8.328,69.0,0.09415,0.00014,13,Nguy hiểm
7.79,165.7,248.9,1.787,63.8,0.00767,0.00013,24,Tốt
7.75,214.1,442.6,1.566,68.0,0.00684,0.00066,10,Tốt
9.02,117.6,872.4,1.316,218.9,0.00571,0.00292,18,Trung bình
7.52,366.3,757.8,1.474,55.3,0.01409,0.00062,15,Trung bình
6.14,363.9,1049.3,0.964,218.1,0.0007,0.00083,20,Trung bình
7.84,109.0,1667.4,0.494,280.3,0.01801,0.00021,261,Kém
5.42,90.3,1643.6,1.006,210.1,0.02784,0.00069,24,Kém
7.29,147.9,296.1,3.692,300.4,0.00286,0.00321,16,Trung bình
7.24,97.0,265.7,6.57,156.7,0.08531,0.00075,14,Nguy hiểm
5.12,217.2,256.5,1.976,547.4,0.00497,0.00048,860,Kém
7.53,176.2,161.9,1.056,63.2,0.00718,0.00106,3,Tốt
6.45,153.2,751.4,3.935,132.5,0.00478,0.0002,24,Trung bình
7.5,145.5,352.5,1.785,110.6,0.00299,0.00106,22,Tốt
7.83,95.0,265.8,0.7,160.8,0.00653,0.0004,18,Tốt
9.93,565.6,258.1,4.591,146.0,0.00735,0.00038,689,Kém
7.45,104.7,741.9,0.717,169.8,0.0056,0.00357,75,Trung bình
6.83,169.8,168.8,0.676,177.8,0.00669,0.00053,13,Tốt
8.62,399.3,1046.4,1.374,200.6,0.00569,0.0009,7,Trung bình
8.03,675.4,329.4,4.426,691.2,0.00384,0.00269,685,Kém
8.14,183.6,317.9,0.569,166.3,0.00293,0.00143,16,Tốt
7.29,131.3,796.2,0.034,58.6,0.0134,7e-05,21,Trung bình
7.7,187.5,964.7,0.953,161.1,0.01219,0.00132,17,Trung bình
6.26,81.2,478.8,0.073,216.9,0.00219,0.00113,153,Trung bình
7.54,126.7,431.5,1.031,67.4,0.00463,0.00145,22,Tốt
7.37,94.8,151.1,0.614,160.0,0.00168,0.00077,4,Tốt
6.99,118.5,1682.5,4.65,294.7,0.00479,0.00135,222,Kém
4.78,202.0,304.0,5.659,209.3,0.00755,0.00126,20,Nguy hiểm
7.56,84.5,146.9,1.584,187.7,0.00611,0.00052,15,Tốt
7.53,113.6,184.9,0.768,152.1,0.00713,0.00115,1,Tốt
6.7,190.3,464.3,3.655,55.6,0.06989,0.01779,586,Nguy hiểm
7.14,158.1,285.6,1.844,169.6,0.01292,0.00318,17,Trung bình
3.79,131.7,1583.3,4.325,219.4,0.00154,0.00039,15,Nguy hiểm
8.05,166.7,294.2,0.444,182.5,0.18323,0.00089,442,Nguy hiểm
8.71,171.9,256.6,0.061,176.7,0.00194,0.00127,19,Trung bình
7.84,391.4,119.1,0.029,167.1,0.00338,0.0011,6,Trung bình
5.35,82.4,430.0,8.967,142.3,0.00473,0.04313,15,Nguy hiểm
4.16,823.6,282.3,1.466,194.0,0.00477,0.00034,390,Nguy hiểm
11.02,108.6,316.4,0.047,171.3,0.00775,0.00058,22,Nguy hiểm
9.01,784.8,349.4,1.433,126.3,0.17839,0.00251,2,Nguy hiểm
7.52,112.3,462.5,1.209,72.0,0.00582,0.00133,8,Tốt
8.08,157.7,2082.0,0.57,172.7,0.09623,0.02951,2,Nguy hiểm
7.75,97.3,275.2,1.077,290.4,0.08211,0.00108,24,Nguy hiểm
7.95,204.0,437.8,1.642,95.7,0.00122,0.00055,3,Tốt
9.0,333.0,293.2,3.419,79.9,0.00238,0.00111,19,Trung bình
9.96,213.2,158.3,4.407,842.9,0.01089,0.00737,2,Kém
7.39,374.9,934.1,1.691,164.2,0.00343,0.00023,16,Trung bình
7.76,130.0,405.4,4.01,331.7,0.00568,0.00051,16,Trung bình
8.09,144.1,460.8,1.796,125.2,0.00343,0.00036,3,Tốt
5.2,118.2,179.0,1.494,79.4,0.00496,0.0057,747,Kém
5.14,108.8,2195.7,0.965,56.1,0.00323,0.00251,683,Kém
6.77,96.1,368.3,0.032,159.3,0.00379,0.02843,20,Nguy hiểm
7.81,207.5,265.8,1.257,218.3,0.00787,0.00147,4,Tốt
7.12,215.2,437.9,1.867,86.3,0.00282,0.00014,16,Tốt
8.08,154.8,1040.2,0.061,114.8,0.00093,0.00031,80,Trung bình
7.39,387.9,430.9,0.814,272.2,0.00548,0.00262,19,Trung bình
8.08,702.6,253.7,4.234,47.0,0.05761,0.00069,2485,Nguy hiểm
7.48,197.3,434.5,0.61,141.5,0.00361,0.00113,3,Tốt
7.29,557.4,181.9,1.061,1367.4,0.0051,0.02643,447,Nguy hiểm
8.08,181.0,994.8,0.487,68.2,0.01418,0.00042,5,Trung bình
8.13,131.4,395.4,0.405,218.3,0.00497,0.00097,23,Tốt
11.85,170.6,369.7,6.475,63.7,0.04449,0.00016,2797,Nguy hiểm
8.04,551.0,430.9,4.674,710.6,0.02307,0.00268,4,Kém
7.51,212.9,2149.0,0.447,116.5,0.03682,0.00899,0,Kém
7.71,155.3,165.7,6.96,120.5,0.061,0.00045,9,Nguy hiểm
7.92,334.9,429.7,3.439,55.7,0.00401,0.00028,8,Trung bình
6.06,134.8,397.9,1.423,120.7,0.00231,0.00321,122,Trung bình
6.89,130.3,101.1,4.027,195.3,0.00102,0.0031,153,Trung bình
11.86,174.1,466.3,1.72,1283.8,0.17391,0.00033,5,Nguy hiểm
7.4,176.7,143.0,1.271,148.6,0.01127,0.00257,9,Trung bình
8.76,116.5,392.6,0.071,173.8,0.01415,0.0259,21,Nguy hiểm
3.91,118.4,178.1,1.366,699.2,0.01073,0.00318,13,Nguy hiểm
7.91,211.1,393.7,1.954,1176.5,0.00311,0.00244,72,Nguy hiểm
7.86,141.7,326.8,0.742,42.1,0.00041,0.00042,19,Tốt
6.79,106.7,147.8,3.86,121.1,0.00469,0.00102,83,Trung bình
6.89,131.4,474.1,1.71,172.2,0.00133,0.00048,8,Tốt
9.09,162.3,252.9,4.179,77.4,0.00731,0.0013,21,Trung bình
7.0,117.6,435.2,1.536,127.0,0.00236,0.00046,0,Tốt
6.23,91.2,389.2,1.893,139.1,0.01212,0.00122,22,Trung bình
6.91,157.2,1914.0,1.543,368.9,0.00553,0.04773,60,Nguy hiểm
9.05,83.6,296.9,1.203,376.0,0.00273,0.00268,15,Trung bình
7.21,169.9,479.0,0.817,146.3,5e-05,0.0,9,Tốt
6.76,117.3,141.0,1.171,87.7,0.07931,0.00264,15,Nguy hiểm
4.83,183.5,383.5,1.67,121.5,0.04101,0.00335,2393,Nguy hiểm
7.62,206.4,134.3,0.623,581.7,0.14638,0.00025,1,Nguy hiểm
9.69,204.4,163.8,1.152,752.9,0.02795,0.0009,461,Kém
7.39,686.3,2180.2,4.552,99.7,0.04371,0.00086,3,Kém
7.66,135.7,383.9,0.767,331.0,0.00725,0.00098,101,Trung bình
6.84,201.4,143.4,0.796,84.6,0.0041,0.00069,15,Tốt
6.88,191.9,190.0,0.448,197.4,0.00726,0.00069,2,Tốt
6.43,115.1,1089.6,9.662,175.4,0.14175,0.00103,0,Nguy hiểm
6.35,84.8,121.9,0.962,175.7,0.00581,0.00253,18,Trung bình
7.91,169.0,383.6,0.962,169.5,0.0064,0.0009,0,Tốt
9.02,210.9,392.7,1.909,197.6,0.00101,0.00243,170,Trung bình
11.26,115.6,159.9,7.763,185.2,0.001,0.00023,885,Nguy hiểm
8.92,379.3,418.1,1.321,116.1,0.00018,0.00141,117,Trung bình
6.87,133.0,418.8,0.889,1271.6,0.029,0.00136,125,Nguy hiểm
6.22,311.9,160.9,1.01,54.3,0.00616,4e-05,7,Trung bình
3.52,208.3,279.3,5.202,138.1,0.00421,0.00056,10,Nguy hiểm
8.8,214.5,124.6,1.25,205.2,0.00538,0.0182,1238,Nguy hiểm
7.68,191.6,144.6,1.064,214.3,0.0044,7e-05,24,Tốt
7.58,111.7,1697.5,1.499,162.0,0.03356,0.00069,268,Kém
6.98,194.8,334.9,1.86,1276.4,0.03445,0.00039,628,Nguy hiểm
7.48,86.8,408.5,0.92,64.5,0.00772,0.00054,5,Tốt
6.29,86.8,113.0,0.943,117.4,0.10284,0.00092,18,Nguy hiểm
11.44,203.7,134.6,1.24,185.7,0.0057,0.02549,226,Nguy hiểm
5.28,85.3,421.5,4.648,126.6,0.00135,0.00101,3916,Nguy hiểm
6.86,107.4,141.8,1.52,99.8,0.0054,4e-05,21,Tốt
7.91,152.3,278.3,0.59,213.6,0.00527,4e-05,8,Tốt
7.4,131.7,241.8,1.888,293.8,0.01089,0.00076,167,Trung bình
6.79,183.9,148.5,1.984,315.0,0.00744,0.00299,84,Trung bình
6.13,211.8,376.9,3.637,132.5,0.0003,0.00247,13,Trung bình
8.06,160.1,133.7,0.651,128.8,0.07845,0.00378,25,Nguy hiểm
7.6,120.6,1934.2,4.421,665.6,0.02661,0.00123,11,Kém
8.02,138.0,396.4,0.945,214.8,0.00372,0.00058,25,Tốt
8.15,180.7,170.4,1.086,179.2,0.00116,0.0012,23,Tốt
7.77,158.8,896.8,1.904,305.6,0.00242,0.0006,169,Trung bình
7.05,616.9,939.6,4.601,574.5,0.03525,0.00054,1,Kém
6.09,413.5,213.1,0.383,98.5,0.00291,0.00336,7,Trung bình
7.04,206.7,167.9,1.061,216.5,0.00297,0.00094,24,Tốt
7.89,194.6,277.6,0.777,50.8,0.0052,0.00103,8,Tốt
7.3,98.6,460.3,0.305,49.4,0.0056,0.00026,18,Tốt
7.64,94.1,293.1,1.106,141.9,0.00228,0.00075,6,Tốt
7.92,168.5,409.5,1.164,825.5,0.04191,0.02483,13,Nguy hiểm
5.43,137.8,491.9,0.617,161.2,0.02192,0.00649,12,Kém
9.91,197.5,2026.4,1.647,599.0,0.01427,0.00099,578,Kém
8.09,162.6,483.2,0.396,182.6,0.00473,0.00067,14,Tốt
7.31,175.1,1724.0,1.701,599.7,0.00145,0.00099,834,Kém
8.18,89.5,310.5,0.65,1205.9,0.00188,0.01588,3187,Nguy hiểm
9.95,590.1,896.0,0.474,834.6,0.03531,0.00147,15,Kém
6.41,192.7,332.5,1.452,258.1,0.00516,0.00143,24,Trung bình
8.02,94.6,388.0,1.41,762.2,0.03584,0.00457,172,Kém
6.73,196.2,123.7,0.976,209.2,0.00196,0.00271,1417,Nguy hiểm
11.46,120.0,394.9,1.835,161.9,0.00655,0.00067,4568,Nguy hiểm
8.05,183.4,80.2,0.818,96.8,0.00635,0.00022,21,Tốt
6.75,108.8,182.8,1.337,89.1,0.00512,8e-05,19,Tốt
7.23,125.5,1868.6,0.06,834.8,0.04282,0.00072,0,Kém
6.81,203.9,866.0,6.549,153.3,9e-05,0.00131,18,Nguy hiểm
5.25,166.5,1861.2,4.605,166.6,0.00609,0.0013,288,Kém
6.71,98.5,434.0,1.039,49.8,0.00527,0.0004,7,Tốt
10.11,564.6,417.3,4.5,165.7,0.00727,0.00676,10,Kém
6.78,153.0,433.8,1.044,81.9,0.00494,0.00271,142,Trung bình
7.09,90.4,202.5,0.52,194.8,0.00453,0.00033,20,Tốt
11.12,93.5,2865.7,1.674,51.2,6e-05,0.00521,3,Nguy hiểm
6.3,354.7,340.8,1.915,117.5,0.00481,0.00098,172,Trung bình
7.54,152.5,385.8,1.017,1347.6,0.07969,0.02815,1,Nguy hiểm
8.96,545.2,165.7,4.625,143.3,0.00246,0.00889,12,Kém
7.34,135.1,189.3,1.365,271.6,0.01418,0.00285,21,Trung bình
6.93,99.6,180.6,8.248,1239.9,0.07559,0.02412,8,Nguy hiểm
8.13,783.8,153.7,8.248,1380.4,0.00026,0.00097,1761,Nguy hiểm
6.84,312.5,351.8,1.523,66.8,0.01277,0.00033,18,Trung bình
7.53,95.7,238.6,1.301,51.5,0.0007,0.0012,16,Tốt
6.75,309.6,476.0,1.277,259.1,0.0036,0.00084,21,Trung bình
9.86,91.2,234.7,3.328,514.8,0.00097,0.00772,231,Kém
6.22,660.0,320.7,0.38,806.3,0.03148,0.00876,10,Kém
6.78,185.3,352.6,1.287,144.2,0.00225,0.00116,11,Tốt
8.09,109.1,1605.2,1.132,752.3,0.00135,0.00643,16,Kém
7.22,135.9,2170.9,0.677,122.2,0.03974,0.00121,442,Kém
6.31,182.2,108.8,4.894,629.6,0.03786,0.00024,644,Kém
11.13,429.6,319.4,1.664,167.6,0.07206,0.03712,23,Nguy hiểm
8.06,193.8,84.0,4.167,212.9,0.01059,0.00326,11,Trung bình
7.65,155.5,129.7,1.912,92.9,0.00711,0.00031,8,Tốt
7.85,131.5,248.9,0.369,58.5,0.00628,0.00076,7,Tốt
7.09,175.9,367.3,1.744,73.4,0.00184,0.00022,6,Tốt
5.17,579.8,2114.7,0.305,684.3,0.00123,0.00057,11,Kém
7.94,140.1,476.0,0.514,289.7,0.00424,0.00053,67,Trung bình
5.11,85.5,1706.7,0.425,109.9,0.03621,0.00519,0,Kém
6.96,131.4,832.4,0.402,1321.6,0.11746,0.02373,10,Nguy hiểm
7.91,192.0,92.2,1.414,102.6,0.00286,0.00064,13,Tốt
8.13,91.4,226.3,7.408,41.8,0.00663,0.00079,173,Nguy hiểm
5.17,548.4,221.0,4.352,201.5,0.00593,0.00556,18,Kém
6.76,335.7,1570.2,4.477,72.4,0.00178,0.00662,4,Kém
4.12,83.1,391.7,1.174,137.2,0.03137,0.00082,4,Nguy hiểm
8.04,83.1,497.5,1.659,210.4,0.00458,0.00064,5,Tốt
5.42,187.1,1862.6,4.353,731.0,0.00565,0.00115,18,Kém
5.31,641.8,2147.8,4.257,193.2,0.00567,0.00033,15,Kém
10.05,376.0,159.7,1.477,530.7,0.00605,0.00147,2935,Nguy hiểm
4.43,192.9,1014.4,1.498,1148.3,0.07188,0.00072,3,Nguy hiểm
7.95,89.7,230.3,1.029,179.6,0.00083,0.00104,7,Tốt
6.78,123.3,178.3,0.545,219.0,0.0048,0.00035,5,Tốt
7.38,407.4,995.3,0.459,189.2,0.00245,0.0013,112,Trung bình
6.05,171.6,265.3,3.962,175.4,0.00762,0.00096,19,Trung bình
8.01,683.8,1889.6,0.561,186.7,0.17486,7e-05,22,Nguy hiểm
7.35,188.2,421.4,1.248,170.7,0.00662,0.00086,16,Tốt
6.82,544.2,2018.7,1.537,111.2,0.00094,0.0077,7,Kém
10.22,121.1,417.3,0.764,261.9,0.07315,0.01732,2,Nguy hiểm
9.93,202.0,2043.7,0.745,580.5,0.0017,0.00321,10,Kém
6.96,128.1,205.2,1.853,199.8,0.13359,0.02596,6,Nguy hiểm
5.13,556.8,482.5,1.731,838.6,0.00037,0.00063,768,Kém
7.71,345.9,100.0,1.389,399.9,0.00188,0.00069,118,Trung bình
7.05,95.8,3044.8,6.047,101.3,0.01283,0.04297,3,Nguy hiểm
7.24,322.4,148.6,1.301,125.6,0.01099,0.00019,12,Trung bình
7.34,82.9,270.9,1.437,47.6,0.00613,0.00031,8,Tốt
6.06,750.6,437.3,1.466,168.2,0.05667,0.0002,3230,Nguy hiểm
5.44,533.3,2010.7,0.569,72.7,0.00188,0.00025,542,Kém
8.08,700.1,1732.1,4.419,93.2,0.0032,0.00583,6,Kém
7.84,306.9,486.9,1.294,150.2,0.01445,0.00134,7,Trung bình
10.03,103.8,185.9,1.371,70.3,0.0268,0.00889,1,Kém
7.28,144.7,727.6,0.469,206.4,0.00339,0.0024,24,Trung bình
6.71,150.3,173.7,0.64,209.5,0.00675,0.00033,9,Tốt
7.06,375.6,778.5,0.022,171.1,0.00626,0.00112,12,Trung bình
6.98,212.8,1027.1,5.522,1187.6,0.00461,0.00046,10,Nguy hiểm
7.15,153.6,879.6,1.449,336.7,0.00316,0.00025,8,Trung bình
7.82,169.4,92.0,5.994,1323.2,0.00064,0.00034,12,Nguy hiểm
7.34,87.0,273.9,0.075,141.7,0.00023,0.00245,18,Trung bình
7.5,139.8,339.8,1.896,179.9,0.00624,0.00097,2,Tốt
9.87,674.9,1557.9,1.628,75.4,0.00601,0.00068,25,Kém
7.74,95.8,270.4,1.071,85.6,0.00343,0.0001,3,Tốt
5.15,159.6,388.5,4.916,57.9,0.14024,0.02722,7,Nguy hiểm
7.35,105.0,397.1,1.078,146.6,0.09779,0.0242,8,Nguy hiểm
7.59,174.5,330.7,7.442,106.7,0.03045,0.02862,22,Nguy hiểm
7.62,147.8,2295.4,1.258,63.3,0.01419,0.03821,225,Nguy hiểm
6.73,218.5,325.0,0.504,157.1,0.00593,0.00116,9,Tốt
9.73,194.8,360.6,1.09,153.8,0.03883,0.00867,413,Kém
9.82,210.0,936.2,4.858,1367.2,0.00268,7e-05,12,Nguy hiểm
5.11,153.2,495.9,4.585,116.3,0.02209,0.00741,19,Kém
11.33,123.4,444.3,0.457,792.2,0.0214,0.00093,11,Nguy hiểm
6.15,115.0,983.3,3.801,69.9,0.00106,0.00034,23,Trung bình
5.27,101.2,1584.7,0.914,120.8,0.03834,0.00493,19,Kém
6.87,705.5,325.5,4.22,514.0,0.00683,0.00631,20,Kém
9.06,102.5,228.0,3.314,144.7,0.00357,0.00328,13,Trung bình
8.7,170.2,426.8,1.81,265.1,0.00737,0.00133,77,Trung bình
6.98,135.4,452.6,1.663,132.6,0.00486,0.00091,13,Tốt
7.55,125.9,442.1,1.94,146.1,0.0346,0.03392,179,Nguy hiểm
11.52,145.2,277.1,1.049,343.5,0.00635,0.00124,1,Nguy hiểm
7.11,155.4,271.6,1.633,67.2,0.00434,0.00123,16,Tốt
8.68,164.3,829.5,1.296,138.6,0.0046,0.00351,24,Trung bình
5.41,663.2,87.0,1.822,746.6,0.02243,0.00332,22,Kém
7.44,600.6,1881.9,1.561,600.9,0.00045,0.00133,11,Kém
5.42,183.1,1977.4,0.527,123.1,0.00477,0.00526,16,Kém
6.75,179.8,90.0,1.395,86.9,0.00507,0.0001,15,Tốt
7.57,98.3,306.1,0.865,1093.7,0.01265,0.00364,13,Nguy hiểm
7.02,180.6,360.0,1.89,133.6,0.00736,0.00066,14,Tốt
8.75,139.9,105.4,1.667,1394.9,0.01412,0.00128,15,Nguy hiểm
6.77,615.1,2034.6,1.503,142.2,0.02417,0.00479,14,Kém
9.63,110.7,1986.2,0.609,636.7,0.00076,0.00757,74,Kém
7.72,89.2,360.4,0.475,153.6,0.12798,0.00268,3465,Nguy hiểm
7.98,87.0,1803.1,0.067,144.1,0.00774,0.00731,438,Kém
7.19,554.3,1964.8,1.926,115.6,0.00181,0.00086,430,Kém
7.52,204.7,453.1,0.538,77.0,0.00174,0.00014,16,Tốt
8.78,112.5,370.6,1.015,161.9,0.00576,0.00072,168,Trung bình
11.94,384.2,3150.2,0.715,89.4,0.00701,0.00807,12,Nguy hiểm
6.91,196.4,456.8,0.503,680.3,0.03851,0.00044,631,Kém
7.41,423.5,81.1,0.485,45.9,0.08102,0.00132,11,Nguy hiểm
9.66,163.7,384.2,4.726,636.3,0.00534,0.00085,542,Kém
7.55,201.4,207.4,7.452,93.6,0.00223,0.0002,4244,Nguy hiểm
11.32,114.1,381.3,7.078,321.5,0.00489,0.0435,11,Nguy hiểm
6.8,87.7,1778.6,4.334,826.6,0.01658,0.00128,2,Kém
7.89,114.7,198.6,0.04,418.1,0.01417,0.00056,13,Trung bình
6.86,210.5,1888.2,0.429,149.2,0.00371,0.01439,7,Nguy hiểm
5.16,113.3,193.1,5.792,332.9,0.01193,4e-05,4,Nguy hiểm
7.45,148.3,975.3,1.47,147.1,0.00757,0.00231,19,Trung bình
7.49,100.1,1541.5,1.526,653.0,0.00383,0.00693,22,Kém
7.02,405.0,296.5,1.525,132.9,0.00416,0.00293,6,Trung bình
7.79,406.0,93.8,0.486,296.0,0.01304,0.00118,6,Trung bình
7.27,174.3,464.5,1.681,202.1,0.00424,1e-05,17,Tốt
5.26,187.5,1862.2,0.874,760.7,0.03187,0.00122,2,Kém
7.45,101.8,1743.6,0.397,181.2,0.01064,0.00047,3519,Nguy hiểm
7.01,118.9,164.4,0.934,50.9,0.00011,8e-05,16,Tốt
7.08,207.6,127.5,0.653,46.3,0.00118,0.00145,4,Tốt
11.15,782.1,163.5,0.615,53.1,0.12106,0.00102,8,Nguy hiểm
10.0,172.6,474.8,0.031,140.5,0.0197,0.00012,693,Kém
6.72,117.5,871.2,0.627,95.0,0.00695,0.0033,22,Trung bình
7.23,178.8,355.9,0.918,93.6,0.0003,0.00028,13,Tốt
7.68,371.4,391.1,1.421,167.4,0.00149,0.0029,7,Trung bình
6.19,126.8,264.8,1.07,66.7,0.01128,0.00037,17,Trung bình
6.98,197.1,404.6,1.828,65.7,0.00634,0.00048,10,Tốt
4.84,199.9,170.4,0.051,141.2,0.00306,0.00024,12,Nguy hiểm
7.91,110.8,250.0,1.139,143.6,0.00391,0.00144,9,Tốt
8.17,198.9,490.7,0.451,69.3,0.00102,0.00094,20,Tốt
7.15,152.4,314.5,0.047,204.9,0.00291,0.00249,122,Trung bình
7.07,376.7,212.1,1.839,307.1,0.0015,0.00075,6,Trung bình
7.96,208.3,1517.0,4.644,725.9,0.0064,0.00872,20,Kém
7.83,131.5,188.5,1.66,123.9,0.01218,0.00316,23,Trung bình
8.14,146.6,272.4,1.497,181.5,0.00333,0.00027,22,Tốt
7.27,178.4,176.8,1.213,68.4,0.0077,0.00116,5,Tốt
7.89,142.9,193.6,4.869,136.4,0.00027,0.02932,8,Nguy hiểm
6.72,108.1,337.7,1.938,74.5,0.00239,0.00091,9,Tốt
7.86,648.1,200.5,1.144,1080.5,0.00159,0.00122,17,Nguy hiểm
6.9,134.0,325.2,0.825,88.5,0.00175,0.00122,6,Tốt
7.8,105.8,301.1,0.058,257.6,0.00714,0.00062,4282,Nguy hiểm
6.71,86.5,476.1,1.651,53.0,0.00019,0.00066,24,Tốt
7.58,205.3,426.9,1.982,188.8,0.00175,0.00107,1,Tốt
7.44,385.8,731.4,3.828,68.8,0.00403,4e-05,4,Trung bình
5.28,990.6,257.2,9.384,106.1,0.0042,0.04728,13,Nguy hiểm
6.74,142.7,2574.1,1.776,99.7,0.19692,0.00256,12,Nguy hiểm
5.24,132.7,303.8,4.521,115.2,0.02952,0.00101,377,Kém
4.28,166.4,2566.2,0.344,1082.3,0.002,0.00521,11,Nguy hiểm
6.99,674.4,139.8,4.862,824.7,0.02794,0.00019,7,Kém
8.01,604.4,454.6,4.524,775.0,0.00532,0.00883,4,Kém
9.78,157.0,335.2,4.785,749.2,0.00222,0.00899,109,Kém
9.81,591.6,237.0,4.916,142.1,0.03135,0.00134,140,Kém
4.05,84.7,3044.2,6.788,87.9,0.0022,0.00068,22,Nguy hiểm
6.76,711.1,1778.9,4.625,94.4,0.01145,0.00118,661,Kém
6.99,333.2,335.3,0.988,281.2,0.00109,0.00323,23,Trung bình
9.84,561.5,228.9,4.408,178.1,0.02576,0.0025,7,Kém
7.94,129.6,383.5,1.688,378.4,0.01351,0.00122,1,Trung bình
7.39,361.5,196.4,1.558,218.2,0.01107,0.00148,179,Trung bình
6.81,605.3,1807.2,0.327,518.8,0.01701,0.00232,13,Kém
7.02,92.8,350.6,0.331,1078.3,0.13119,0.00087,1632,Nguy hiểm
7.01,191.5,180.8,1.245,121.3,0.00261,0.00125,25,Tốt
7.03,137.8,385.6,0.521,90.2,0.00024,0.00063,24,Tốt
6.86,525.9,1650.1,1.744,839.4,0.00639,0.00136,7,Kém
6.85,82.9,1019.9,0.381,175.0,0.0062,0.00026,72,Trung bình
7.35,85.1,458.6,6.308,175.7,0.05725,0.04975,142,Nguy hiểm
7.11,121.4,139.4,1.044,1245.0,0.00708,0.0075,9,Nguy hiểm
8.17,126.2,196.4,4.185,202.8,0.00527,0.04759,147,Nguy hiểm
8.16,92.5,127.4,0.519,52.0,0.00309,0.00032,4,Tốt
7.66,118.0,177.1,0.035,126.3,0.07439,0.00112,3,Nguy hiểm
10.86,113.3,355.7,1.042,79.1,0.01085,0.00039,21,Nguy hiểm
7.02,713.2,1928.1,6.796,153.2,0.00016,0.00044,3,Nguy hiểm
7.99,142.2,237.8,0.636,145.6,0.01212,0.00042,152,Trung bình
6.92,413.8,201.1,1.97,268.2,0.00721,0.00071,128,Trung bình
7.44,148.5,447.4,0.078,87.5,0.00156,0.00096,162,Trung bình
7.41,311.3,815.7,1.119,74.5,0.0073,0.00089,11,Trung bình
7.19,161.3,454.4,4.883,212.2,0.02584,0.00256,385,Kém
6.29,114.8,172.6,0.342,87.2,0.01421,0.00138,4,Trung bình
7.47,110.5,417.3,1.212,171.9,0.00602,0.00064,12,Tốt
4.66,170.7,224.0,1.875,834.7,0.00629,0.00062,1,Nguy hiểm
7.57,199.9,244.3,1.295,74.6,0.00753,0.00086,11,Tốt
6.9,171.6,212.2,0.073,384.5,0.0067,0.0006,17,Trung bình
7.66,387.5,366.4,1.758,42.8,0.0108,0.00064,4,Trung bình
7.23,187.2,2097.6,1.425,140.9,0.12577,0.00031,22,Nguy hiểm
8.15,715.0,284.0,4.631,610.8,0.02772,0.00073,19,Kém
8.12,130.4,260.6,1.55,544.5,0.03612,0.00147,223,Kém
10.92,543.7,266.0,1.012,200.1,0.01892,0.00147,4358,Nguy hiểm
7.02,93.8,1638.1,0.811,1280.6,0.00558,0.00119,15,Nguy hiểm
8.08,140.7,766.1,0.035,191.5,0.00319,0.00105,20,Trung bình
7.19,111.6,133.8,1.381,213.3,0.013,0.00053,166,Trung bình
7.77,113.6,228.1,9.329,99.1,0.18757,0.02713,20,Nguy hiểm
7.85,174.2,184.4,1.774,132.7,0.00165,0.00014,25,Tốt
6.92,599.1,166.0,0.344,609.7,0.00165,0.00611,734,Kém
7.69,114.1,172.5,0.818,1381.2,0.01321,0.01194,10,Nguy hiểm
7.74,97.4,397.2,0.365,81.5,0.0059,0.0011,11,Tốt
7.31,131.3,328.1,0.524,64.1,0.00736,0.00012,6,Tốt
6.85,540.0,197.3,1.519,174.7,0.0341,0.00762,5,Kém
7.92,162.8,160.4,1.639,51.6,0.00633,0.00039,13,Tốt
11.74,132.2,478.7,0.943,760.4,0.00126,8e-05,817,Nguy hiểm
7.0,192.1,397.6,1.184,365.4,0.00094,0.00064,55,Trung bình
6.04,699.4,348.6,1.161,174.2,0.0166,0.00458,21,Kém
7.98,85.8,131.1,1.227,119.9,0.01114,0.00312,6,Trung bình
7.67,87.4,273.5,1.36,122.2,0.00795,6e-05,8,Tốt
9.06,219.9,242.4,1.22,374.3,0.00435,0.00252,14,Trung bình
7.76,206.0,284.9,1.225,49.2,0.00249,0.00014,23,Tốt
7.11,555.9,1763.1,1.329,176.0,0.02323,0.00247,611,Kém
3.41,126.2,161.2,1.896,142.1,0.00176,0.00563,846,Nguy hiểm
6.89,131.1,369.8,0.552,205.5,0.00296,0.00103,15,Tốt
7.2,210.4,459.4,1.812,40.3,0.0058,0.00076,11,Tốt
7.57,146.3,268.5,3.798,322.0,0.00388,0.00023,18,Trung bình
7.65,138.2,253.5,0.54,130.2,0.00321,0.04126,84,Nguy hiểm
8.14,81.1,269.6,1.565,154.9,0.00563,0.00141,20,Tốt
9.9,680.2,1848.3,0.575,719.2,0.01147,0.00045,25,Kém
7.15,642.6,258.1,8.583,98.9,0.00123,0.00132,22,Nguy hiểm
8.78,147.0,297.5,1.521,1394.0,0.0068,0.00122,3,Nguy hiểm
6.8,218.0,274.1,1.984,209.4,0.00427,0.00095,20,Tốt
8.04,103.6,1622.2,4.36,566.1,0.00328,0.0048,6,Kém
7.2,374.2,190.2,0.078,209.9,0.00113,0.00126,16,Trung bình
6.73,215.9,2648.8,1.888,845.0,0.13609,0.00059,12,Nguy hiểm
6.86,206.5,246.4,1.133,207.5,0.00722,0.00104,17,Tốt
6.74,128.7,426.3,3.593,199.3,0.00189,0.00327,98,Trung bình
7.59,132.2,284.0,0.386,135.6,0.0043,4e-05,17,Tốt
8.57,172.7,793.6,0.989,117.9,0.00645,0.00053,20,Trung bình
8.05,136.3,356.8,1.112,188.5,0.00602,0.00135,14,Tốt
7.53,160.8,286.6,0.755,129.5,0.00185,0.00148,3,Tốt
7.48,133.4,387.4,1.592,217.1,0.00412,0.00017,10,Tốt
8.57,95.7,748.1,0.845,139.4,0.00248,0.00138,19,Trung bình
6.72,161.4,1012.6,1.516,46.3,0.00321,0.0014,55,Trung bình
6.05,204.2,350.0,0.638,141.9,0.00536,0.00265,23,Trung bình
7.97,175.6,173.8,5.49,109.1,0.13506,0.00048,7,Nguy hiểm
8.16,113.1,88.7,0.947,849.7,0.02493,0.0069,664,Kém
8.65,173.9,197.0,0.524,102.6,0.00341,0.00376,16,Trung bình
5.4,137.1,489.1,1.567,726.9,0.01979,0.01312,7,Nguy hiểm
10.09,529.1,2005.7,1.944,586.1,0.00672,0.00276,18,Kém
8.15,201.9,429.5,0.837,143.0,0.00688,0.00014,11,Tốt
7.62,162.6,88.3,1.299,138.0,0.00273,0.00075,1,Tốt
8.62,103.3,864.4,0.636,41.2,0.01418,0.00038,8,Trung bình
7.41,185.1,184.9,0.674,95.8,0.00381,0.00093,8,Tốt
7.21,194.5,145.6,0.992,148.0,0.00028,0.00015,22,Tốt
7.71,152.0,422.0,1.08,78.7,0.01172,0.00261,87,Trung bình
8.16,92.4,363.9,1.525,121.5,0.00284,0.00052,11,Tốt
5.44,183.5,2048.3,0.686,204.1,0.01668,0.00011,85,Kém
8.74,141.7,1892.3,1.171,180.3,0.00788,0.00099,2487,Nguy hiểm
7.1,197.3,870.4,1.559,164.4,0.01122,0.00357,1,Trung bình
11.36,93.8,397.9,8.699,1180.4,0.00471,0.01778,15,Nguy hiểm
7.17,129.7,315.6,1.721,175.8,0.00405,0.02575,67,Nguy hiểm
8.73,179.1,455.8,1.236,52.8,0.01089,0.00244,19,Trung bình
7.74,127.0,306.5,6.176,1113.6,0.0018,0.00118,25,Nguy hiểm
7.69,416.7,224.0,1.183,134.3,0.00522,0.00326,127,Trung bình
7.41,169.6,349.8,1.757,150.8,0.00474,0.0007,11,Tốt
6.79,695.8,1549.7,0.389,149.6,0.02583,0.00094,3,Kém
5.19,618.2,384.3,0.859,165.5,0.02921,0.00106,21,Kém
6.97,162.3,188.2,0.546,162.1,0.00025,0.00113,12,Tốt
5.38,712.2,2122.4,1.896,202.8,0.00121,0.00898,8,Kém
9.03,204.3,203.2,3.918,50.4,0.0049,0.00024,1,Trung bình
7.07,101.4,376.8,1.712,74.6,0.00039,0.00079,18,Tốt
6.41,323.3,319.3,0.828,79.3,0.00625,6e-05,11,Trung bình
3.51,318.0,392.4,1.154,213.5,0.00388,0.02934,4827,Nguy hiểm
7.59,138.8,455.1,1.312,144.4,0.00135,0.00055,21,Tốt
7.17,159.7,249.2,1.169,55.3,0.00066,0.00067,2,Tốt
6.37,162.4,474.1,1.094,138.7,0.00292,0.02818,10,Nguy hiểm
7.68,402.5,1851.6,0.328,160.3,0.00169,0.00096,2149,Nguy hiểm
7.41,876.4,1622.7,7.445,166.9,0.00448,0.00122,3388,Nguy hiểm
5.4,100.0,105.9,0.906,189.8,0.00232,0.02564,5,Nguy hiểm
7.27,188.1,445.1,1.673,162.4,0.00392,0.00064,23,Tốt
7.95,195.7,400.0,0.982,87.3,0.00117,0.00014,20,Tốt
9.08,172.2,474.2,6.4,1144.2,0.00279,0.00113,4497,Nguy hiểm
7.96,170.1,2584.9,7.263,1116.1,9e-05,0.0267,5,Nguy hiểm
10.21,131.9,234.7,4.475,98.7,0.00761,0.00721,175,Kém
6.85,210.4,132.1,0.079,94.0,0.00103,0.00046,79,Trung bình
7.11,910.4,420.5,1.481,169.9,0.00709,0.03312,7,Nguy hiểm
7.06,163.7,1681.6,1.426,645.1,0.00657,0.00654,14,Kém
7.49,195.7,241.0,0.75,57.0,0.00057,0.00059,9,Tốt
8.07,121.9,380.0,0.723,51.8,0.00664,0.00069,14,Tốt
10.17,112.6,1972.5,1.243,148.2,0.04322,0.00661,147,Kém
6.88,111.3,348.0,0.533,1214.2,0.01255,0.00121,11,Nguy hiểm
7.18,147.7,138.0,1.953,162.0,0.00044,0.00077,0,Tốt
10.78,166.7,363.8,1.866,54.9,0.0581,0.00253,3,Nguy hiểm
7.98,177.4,722.9,0.044,107.2,0.00253,0.00065,176,Trung bình
8.58,307.1,146.6,0.06,150.6,0.00304,0.00119,13,Trung bình
7.72,143.8,219.4,8.727,179.9,0.03807,0.00056,20,Nguy hiểm
6.81,152.4,193.6,1.896,82.6,9e-05,0.00034,20,Tốt
7.14,579.1,230.8,1.13,117.5,0.00214,0.0004,1722,Nguy hiểm
9.93,687.8,490.7,4.308,148.5,0.00592,0.00126,359,Kém
8.07,970.8,948.6,7.506,1184.1,0.0077,0.00025,3,Nguy hiểm
6.83,171.2,100.4,0.08,91.4,0.00176,0.00235,6,Trung bình
7.97,114.2,295.8,1.834,46.9,0.0066,0.00053,20,Tốt
7.03,178.8,402.4,1.905,180.1,0.00271,0.0001,1,Tốt
8.1,83.6,327.4,0.858,133.4,0.00139,0.00058,9,Tốt
6.73,362.0,766.6,0.325,68.9,0.00671,0.00023,3615,Nguy hiểm
7.09,153.8,446.8,1.949,202.3,0.00011,0.00093,17,Tốt
8.15,95.7,1061.1,1.892,151.2,0.00555,0.00029,112,Trung bình
9.9,158.7,487.9,4.64,272.9,0.02609,0.0005,22,Kém
8.13,120.2,428.2,1.685,188.1,0.00783,0.00101,23,Tốt
9.84,568.0,1828.6,4.139,843.9,0.00482,0.00081,25,Kém
9.68,309.8,470.2,4.803,72.7,0.0347,0.00117,271,Kém
7.33,631.1,940.5,4.818,586.9,0.03966,0.001,6,Kém
6.94,117.7,419.4,0.605,42.9,0.00247,0.00137,19,Tốt
8.07,125.4,264.4,1.08,101.6,0.00693,0.00066,0,Tốt
9.91,180.8,2192.8,1.955,368.1,0.03969,0.0056,22,Kém
7.35,391.5,739.9,1.219,159.8,0.00059,0.00081,23,Trung bình
7.8,88.2,463.1,0.032,154.1,0.01221,0.00037,8,Trung bình
4.61,176.4,442.6,1.339,214.8,0.0137,0.00137,105,Nguy hiểm
4.64,911.3,259.8,0.778,188.4,0.00789,0.00038,15,Nguy hiểm
8.0,117.8,144.0,1.241,135.0,0.00324,0.0008,12,Tốt
6.95,180.1,462.6,0.657,188.3,0.00311,0.00042,16,Tốt
6.84,387.5,252.5,9.152,96.2,0.00069,0.02614,6,Nguy hiểm
11.6,203.0,347.9,1.516,133.1,0.0136,0.04528,13,Nguy hiểm
6.09,184.4,199.9,1.58,123.9,0.01355,0.00057,82,Trung bình
5.33,615.8,2107.5,1.289,588.2,0.00415,0.00054,3,Kém
5.37,575.1,384.8,0.448,257.7,0.01938,0.0003,9,Kém
7.67,912.1,2632.4,1.714,598.3,0.05854,0.0008,8,Nguy hiểm
7.56,143.1,2181.5,4.299,57.3,0.03568,0.00117,527,Kém
8.12,332.4,188.1,0.34,208.0,0.00343,0.00096,109,Trung bình
7.55,311.7,425.9,1.735,41.9,0.01308,0.0003,12,Trung bình
7.06,111.8,425.7,5.472,416.2,0.15056,0.00043,10,Nguy hiểm
7.93,170.2,420.6,3.409,78.9,0.01257,0.0033,6,Trung bình
7.34,171.4,225.7,7.259,85.2,0.00059,0.0007,2548,Nguy hiểm
7.88,126.6,427.3,0.03,91.2,0.00144,0.00293,21,Trung bình
8.07,195.7,811.4,1.806,110.4,0.00757,0.04262,21,Nguy hiểm
7.65,91.8,427.9,0.916,115.8,0.0067,0.00126,13,Tốt
7.19,187.1,818.2,0.947,1141.7,0.00443,0.0344,1585,Nguy hiểm
7.54,202.1,250.1,1.667,45.6,0.00722,0.00046,7,Tốt
5.44,107.8,242.7,1.498,126.7,0.0177,0.00631,13,Kém
7.35,193.7,277.5,0.651,211.7,0.00358,3e-05,8,Tốt
6.75,609.4,162.4,1.216,752.4,0.0053,0.00508,602,Kém
7.47,158.4,446.6,1.624,1302.0,0.01193,0.00375,12,Nguy hiểm
6.15,152.0,354.5,0.383,259.5,0.00409,0.0002,86,Trung bình
8.02,195.1,343.2,0.345,257.9,0.01144,0.00027,110,Trung bình
7.74,145.7,372.3,0.702,106.1,0.00656,0.00049,1,Tốt
7.16,114.3,149.8,0.755,126.7,0.00695,0.0009,21,Tốt
6.97,138.9,252.4,1.667,44.8,0.00047,0.00069,4,Tốt
7.61,95.0,2950.5,0.805,55.3,0.1646,0.00015,10,Nguy hiểm
7.13,85.7,186.1,0.817,69.0,0.00564,0.00016,7,Tốt
7.81,191.0,319.3,0.481,171.0,0.00292,0.00083,21,Tốt
7.73,115.7,208.2,1.245,150.1,0.0003,0.00149,14,Tốt
5.38,193.1,2098.4,0.921,198.7,0.03562,0.00468,6,Kém
6.75,135.4,2017.8,1.66,1129.8,0.00332,0.00012,8,Nguy hiểm
4.2,102.6,403.9,1.523,167.0,0.00773,0.00062,3734,Nguy hiểm
7.49,94.7,104.6,1.922,89.7,0.00036,0.00119,14,Tốt
7.71,104.5,364.4,0.354,198.0,0.00633,5e-05,17,Tốt
5.4,181.1,722.5,4.849,129.9,0.00389,0.00809,5,Kém
5.19,106.0,384.8,1.218,523.0,0.04352,0.00115,414,Kém
6.84,113.6,387.3,4.733,752.7,0.00481,0.00356,412,Kém
7.3,132.2,259.6,1.537,341.4,0.0143,0.00342,17,Trung bình
4.05,103.7,313.6,0.876,545.3,0.00275,0.00139,17,Nguy hiểm
6.78,368.8,1029.3,1.1,394.3,0.0027,0.00075,17,Trung bình
6.16,192.2,489.2,1.344,276.1,0.00453,0.0,6,Trung bình
7.63,82.5,261.2,0.648,212.5,0.00386,0.00015,10,Tốt
6.74,121.6,173.1,0.765,401.7,0.01346,0.00034,18,Trung bình
7.47,397.1,169.8,0.331,690.1,0.00458,0.00814,297,Kém
7.0,105.1,465.5,0.984,181.9,0.00164,0.00019,3,Tốt
6.09,198.2,322.7,4.649,167.6,0.09814,0.04892,12,Nguy hiểm
7.55,343.4,297.8,0.424,406.0,0.00692,0.0026,12,Trung bình
7.76,87.2,2131.0,4.228,548.3,0.01391,0.00775,15,Kém
7.28,210.9,85.0,0.378,58.8,0.00121,0.00064,20,Tốt
6.25,191.9,875.1,0.411,216.3,0.0115,4e-05,18,Trung bình
3.51,137.9,131.7,1.426,1390.2,0.00396,0.00147,11,Nguy hiểm
7.69,103.8,203.3,0.409,366.8,0.05966,0.001,527,Nguy hiểm
8.97,342.1,398.3,1.994,199.5,0.00714,0.03093,19,Nguy hiểm
7.55,150.3,496.6,0.543,205.2,0.00787,0.00099,13,Tốt
9.79,88.2,439.7,1.322,72.3,0.0317,0.00621,4,Kém
7.39,104.0,129.4,1.268,204.3,0.00467,0.00042,20,Tốt
7.03,132.3,980.7,1.18,102.6,0.01225,0.00134,4,Trung bình
9.07,136.9,91.4,1.579,306.5,0.00302,0.00365,4,Trung bình
7.97,707.2,411.8,4.378,756.7,0.00295,0.00026,514,Kém
7.83,560.9,310.3,4.593,111.0,0.00141,0.00688,263,Kém
7.69,205.9,829.8,1.922,151.3,0.00341,0.00073,139,Trung bình
7.78,786.7,256.3,0.665,114.0,0.00356,0.00139,4774,Nguy hiểm
6.97,86.9,158.8,1.764,206.4,0.00366,0.00048,7,Tốt
6.76,191.3,389.8,1.675,128.7,0.00643,0.00141,3,Tốt
8.63,308.5,399.5,0.052,214.0,0.00063,0.00145,10,Trung bình
8.18,698.9,1540.0,1.863,109.7,0.03571,0.00664,20,Kém
8.12,193.8,204.2,4.194,388.2,0.0068,0.00013,1,Trung bình
7.34,158.1,317.8,0.909,48.5,0.00026,0.00103,16,Tốt
7.29,94.3,141.7,3.473,66.3,0.00615,0.00331,139,Trung bình
7.57,146.4,1989.4,1.429,731.9,0.0354,0.00029,19,Kém
6.93,160.0,2620.8,1.901,1176.5,0.00217,0.00017,573,Nguy hiểm
7.7,521.1,311.4,4.267,204.2,0.00512,0.00654,380,Kém
5.41,170.0,177.5,1.758,682.7,0.00696,0.04836,15,Nguy hiểm
5.25,716.0,259.6,1.59,217.7,0.0187,0.00034,19,Kém
7.61,126.3,2236.2,1.859,162.7,0.04264,0.00242,3661,Nguy hiểm
10.86,387.3,412.3,4.436,65.7,0.00176,0.00016,84,Nguy hiểm
5.31,205.2,427.2,6.486,695.5,0.03168,6e-05,8,Nguy hiểm
7.82,587.6,1666.7,4.632,98.2,0.02903,0.00051,17,Kém
8.08,208.9,119.8,0.655,179.2,0.00177,2e-05,13,Tốt
8.65,679.3,1515.7,0.921,774.4,0.00155,0.00101,654,Kém
7.48,171.2,2893.3,1.99,1308.0,0.00065,0.00029,327,Nguy hiểm
6.8,93.4,91.5,1.029,299.9,0.00617,0.00032,175,Trung bình
7.72,165.5,780.8,0.908,197.0,0.01419,0.0038,5,Trung bình
7.95,209.2,341.4,5.881,660.1,0.00208,0.0014,4896,Nguy hiểm
5.34,210.6,127.7,1.805,1096.6,0.18225,0.00128,488,Nguy hiểm
7.57,210.7,397.6,0.626,149.7,0.14561,0.00832,7,Nguy hiểm
7.85,651.8,398.3,1.227,75.7,0.02543,0.00717,700,Kém
6.72,177.8,100.7,0.693,141.8,0.00707,0.00099,18,Tốt
6.92,102.3,92.4,0.061,142.2,0.0041,0.00303,70,Trung bình
7.2,401.7,231.0,0.8,308.4,0.0034,0.00125,24,Trung bình
6.99,192.4,220.3,1.756,393.7,0.01325,0.00318,19,Trung bình
8.1,188.0,1972.4,4.768,514.0,0.00091,0.00738,9,Kém
7.31,104.1,1510.5,0.637,76.4,0.0439,0.00702,280,Kém
8.04,201.6,991.4,1.758,99.5,0.00405,0.0031,120,Trung bình
6.37,850.6,195.2,8.228,132.2,0.06694,0.00119,20,Nguy hiểm
7.02,165.5,471.5,0.335,217.4,0.0004,7e-05,21,Tốt
8.01,122.3,341.8,1.254,139.1,0.00611,0.00024,13,Tốt
9.86,323.4,493.9,0.858,811.8,0.03178,0.00767,20,Kém
7.26,337.9,152.5,0.524,145.2,0.00112,0.00035,60,Trung bình
7.91,357.7,297.5,1.466,329.6,0.00325,0.00123,12,Trung bình
7.93,615.1,200.9,1.166,99.0,0.0444,0.00027,879,Kém
4.1,86.1,156.8,0.421,156.8,0.01234,0.00698,95,Nguy hiểm
8.9,87.6,237.2,0.747,216.0,0.01079,2e-05,134,Trung bình
6.83,132.1,1637.7,1.699,1118.2,0.01099,0.0004,4,Nguy hiểm
6.72,115.6,394.8,0.51,69.9,0.00151,0.00127,2,Tốt
6.8,124.0,326.9,5.982,1085.4,0.001,0.00456,22,Nguy hiểm
8.07,185.9,1849.5,4.364,148.8,0.04381,0.00468,8,Kém
6.88,204.4,368.7,1.243,54.1,0.00661,0.00092,7,Tốt
7.6,183.7,197.9,6.978,64.4,0.00773,0.04617,13,Nguy hiểm
3.5,205.1,193.0,0.766,219.4,0.00681,0.01489,3292,Nguy hiểm
6.42,127.0,300.0,1.595,1116.8,0.00115,0.00144,24,Nguy hiểm
7.63,538.2,1722.8,0.945,840.1,0.04136,0.00013,5,Kém
7.18,127.3,1802.2,4.69,40.3,0.00777,0.00368,388,Kém
7.05,572.5,2174.4,4.715,652.7,0.00272,7e-05,10,Kém
6.12,162.5,93.0,3.582,84.2,0.01385,5e-05,21,Trung bình
7.12,195.3,321.7,1.041,333.9,0.0005,0.00319,0,Trung bình
6.97,174.5,397.9,1.826,159.2,0.00725,0.00098,9,Tốt
8.12,386.7,405.3,1.834,1096.7,0.0036,0.00026,1,Nguy hiểm
6.84,711.3,306.7,1.071,786.6,0.00123,0.00777,18,Kém
7.39,700.2,463.9,1.153,1212.6,0.00247,0.00862,6,Nguy hiểm
11.53,175.3,263.4,4.4,164.8,0.00418,0.00137,25,Nguy hiểm
10.19,201.0,1658.6,1.83,147.1,0.00051,0.00467,11,Kém
9.98,139.2,1997.4,0.047,661.3,0.00121,0.00017,20,Kém
7.05,847.6,1839.8,9.649,1235.3,0.0001,0.00138,15,Nguy hiểm
7.84,187.5,381.4,0.028,187.4,0.00595,0.00134,106,Trung bình
7.55,108.8,494.2,0.573,64.3,0.00055,0.00026,6,Tốt
7.96,216.3,253.8,0.73,58.5,0.00084,0.00095,20,Tốt
7.28,411.3,237.5,1.166,192.3,0.00764,9e-05,59,Trung bình
7.01,161.9,733.3,0.552,322.2,0.00082,0.00345,12,Trung bình
8.14,98.4,152.4,4.565,269.0,0.12742,0.00071,3053,Nguy hiểm
6.76,132.7,339.2,0.778,101.0,0.00268,0.00124,23,Tốt
8.03,657.4,2143.9,1.223,373.0,0.00256,0.0058,390,Kém
7.5,306.7,2168.6,1.899,205.8,0.03382,0.00014,725,Kém
6.95,151.5,408.3,1.528,263.9,0.00129,0.0025,165,Trung bình
7.48,107.9,904.6,1.432,198.0,0.00306,0.0026,1,Trung bình
8.1,188.5,134.4,1.04,115.8,0.0004,0.00134,4,Tốt
8.01,140.2,442.8,0.487,127.9,0.0056,0.00148,5,Tốt
5.16,184.2,190.4,1.855,155.3,0.04008,0.00323,645,Kém
7.14,589.9,1957.6,1.389,107.6,0.0026,0.00749,219,Kém
5.35,306.2,1628.7,4.21,735.8,0.00017,0.00066,8,Kém
10.07,162.7,2053.2,0.635,112.7,0.01291,0.00753,14,Kém
6.9,713.6,275.7,1.915,824.6,0.03346,0.00881,5,Kém
7.99,177.5,939.4,8.405,289.4,0.00359,0.04555,18,Nguy hiểm
6.73,427.1,404.4,1.276,93.3,0.01248,0.00055,122,Trung bình
7.06,412.6,265.4,1.169,197.6,0.00395,0.00276,6,Trung bình
10.28,567.0,367.3,1.856,756.4,0.00435,0.00028,17,Kém
3.48,836.4,424.9,4.776,131.3,0.00673,0.00516,19,Nguy hiểm
6.72,134.4,955.8,0.053,190.8,0.00461,0.00017,14,Trung bình
6.73,159.2,915.9,1.157,302.4,0.01382,0.00086,18,Trung bình
6.41,142.2,825.3,0.832,74.1,8e-05,3e-05,16,Trung bình
7.42,681.3,2199.6,1.216,63.8,0.00499,0.00072,880,Kém
4.7,821.0,113.6,4.882,107.9,0.00339,0.00133,1436,Nguy hiểm
6.81,162.6,205.1,0.803,159.7,0.00038,0.00053,12,Tốt
7.37,159.3,1057.9,0.366,152.3,0.00651,0.00223,21,Trung bình
8.12,136.4,474.8,1.129,41.1,0.01249,0.0028,7,Trung bình
6.82,180.7,147.0,4.703,779.4,0.00662,0.00469,601,Kém
6.89,196.5,804.8,1.868,330.9,0.0077,0.00357,24,Trung bình
8.01,98.7,740.1,0.963,337.5,0.0018,0.00295,12,Trung bình
6.99,409.2,374.6,1.143,272.1,0.00272,0.00108,10,Trung bình
11.88,121.2,458.5,0.768,114.6,0.00112,0.00349,10,Nguy hiểm
7.99,92.4,193.6,1.426,103.0,0.00449,0.00098,14,Tốt
5.41,80.6,152.0,4.213,648.4,0.0341,0.00025,20,Kém
7.73,92.7,280.1,0.414,128.3,0.00679,0.00013,13,Tốt
8.15,150.0,472.1,1.243,50.2,0.003,4e-05,14,Tốt
6.93,122.5,470.5,1.418,178.5,0.00524,1e-05,8,Tốt
6.7,638.3,1763.5,1.92,140.1,0.03861,0.00071,512,Kém
8.11,325.5,280.9,0.405,1093.6,0.03675,0.00061,113,Nguy hiểm
7.71,607.8,227.4,4.604,529.5,0.0058,0.00307,23,Kém
9.03,213.5,333.3,0.788,64.4,0.00344,0.0036,147,Trung bình
7.59,149.3,482.8,1.024,102.5,0.00425,0.00084,19,Tốt
7.09,105.9,497.3,0.985,189.9,0.00313,0.00071,23,Tốt
9.61,552.5,823.7,1.756,781.7,0.00775,0.00128,839,Kém
8.16,109.7,419.6,1.554,56.7,0.0022,0.00015,25,Tốt
7.02,98.0,313.8,3.148,123.3,0.00684,0.00323,61,Trung bình
5.45,135.8,1671.4,1.466,361.3,0.00416,0.00131,4311,Nguy hiểm
9.01,212.8,422.2,0.023,134.2,0.00512,0.00138,12,Trung bình
7.89,187.2,169.7,1.67,68.5,0.00034,0.00056,3,Tốt
6.76,357.1,1850.0,1.84,669.6,0.0355,0.00876,20,Kém
7.21,329.4,471.9,7.461,1328.1,0.0014,0.00067,21,Nguy hiểm
3.79,119.2,894.3,4.4,190.5,0.00017,0.00073,17,Nguy hiểm
7.47,624.2,426.8,0.975,86.7,0.00636,0.00862,671,Kém
6.28,98.3,257.5,1.187,109.6,0.17671,0.00072,10,Nguy hiểm
5.31,209.2,113.2,4.575,832.4,0.01796,0.0034,18,Kém
7.34,147.6,163.0,1.077,206.7,0.00529,0.0012,3,Tốt
8.09,85.5,130.8,1.041,185.6,0.01079,0.00308,59,Trung bình
7.94,384.4,293.3,0.726,189.1,0.01268,0.00126,162,Trung bình
10.09,550.8,445.7,1.338,558.1,0.00095,8e-05,162,Kém
7.54,100.2,986.3,0.525,1101.9,0.00509,0.00107,4758,Nguy hiểm
9.69,540.9,95.0,0.088,620.6,0.00596,0.00525,3,Kém
7.76,185.5,435.3,1.326,121.4,0.00064,0.00043,17,Tốt
7.4,752.5,135.6,0.483,214.8,0.00265,0.02637,18,Nguy hiểm
6.83,101.2,427.9,1.103,48.7,0.00307,0.00026,3,Tốt
7.27,131.5,358.6,1.215,312.5,0.15377,0.00029,1,Nguy hiểm
8.0,143.1,308.2,1.443,74.4,0.00049,0.0011,2,Tốt
6.72,97.0,989.1,0.878,211.8,0.00182,0.00318,16,Trung bình
7.78,194.6,345.0,1.609,161.5,0.00038,0.00024,21,Tốt
8.85,372.1,485.0,0.082,217.4,0.00546,0.00075,7,Trung bình
5.39,709.4,351.0,1.219,650.2,0.00539,0.0009,80,Kém
7.25,181.3,145.1,1.383,124.0,0.0017,4e-05,15,Tốt
7.16,131.0,2106.2,4.531,810.7,0.00442,0.00457,15,Kém
4.17,175.3,1009.8,1.449,132.5,0.00771,0.00141,10,Nguy hiểm
9.01,179.6,864.2,0.528,357.5,0.00472,0.00069,1887,Nguy hiểm
11.02,175.2,175.4,9.532,178.6,0.00564,0.00066,7,Nguy hiểm
9.07,411.3,180.0,1.988,41.1,0.01415,0.00044,12,Trung bình
7.09,176.3,437.4,1.598,1332.8,0.00772,0.0118,4421,Nguy hiểm
8.14,343.4,851.9,0.053,180.6,0.00107,0.0007,16,Trung bình
6.86,639.3,1685.8,1.21,75.9,0.00755,0.00117,622,Kém
6.85,201.0,81.3,0.763,105.2,0.05617,0.02062,13,Nguy hiểm
10.22,138.4,385.3,1.465,219.4,0.04259,0.00615,146,Kém
8.09,130.4,165.2,1.907,119.5,0.01195,0.00224,17,Trung bình
7.45,216.0,158.0,1.167,215.8,0.00098,0.00095,11,Tốt
7.95,711.0,382.4,1.675,551.1,0.03744,1e-05,8,Kém
7.72,139.2,448.6,1.208,102.0,0.01417,0.0012,166,Trung bình
4.41,820.9,196.5,1.028,1302.3,0.01108,0.00122,8,Nguy hiểm
7.77,109.5,462.1,0.476,208.0,0.00125,0.00036,5,Tốt
7.97,200.5,921.4,0.503,1321.4,0.00492,0.00022,21,Nguy hiểm
7.96,101.5,102.5,1.151,206.7,0.00206,0.00073,15,Tốt
8.13,203.8,307.4,0.85,292.0,0.01436,0.00046,118,Trung bình
6.0,100.6,1080.9,1.333,81.4,0.01417,0.00104,6,Trung bình
5.25,409.5,464.3,0.514,1097.1,0.00704,0.00059,4,Nguy hiểm
8.03,119.0,415.2,1.591,153.3,0.0025,0.00088,8,Tốt
7.09,323.2,2017.4,4.712,131.0,0.03558,0.00894,22,Kém
7.83,206.9,393.9,3.294,149.1,0.01164,0.00076,13,Trung bình
7.41,347.0,424.6,1.524,151.9,0.01374,0.00094,20,Trung bình
6.8,92.8,374.2,1.842,124.3,0.00244,0.00119,13,Tốt
7.55,104.6,874.0,1.695,1292.6,0.00538,0.0025,4,Nguy hiểm
7.56,128.8,1017.0,1.064,315.9,0.00305,0.00034,24,Trung bình
3.51,177.8,2127.4,1.054,90.2,0.11497,0.0001,2771,Nguy hiểm
3.95,81.2,1002.6,1.884,158.5,0.00212,0.00836,10,Nguy hiểm
7.83,88.0,457.0,1.411,53.4,0.00649,0.00147,4,Tốt
7.18,411.5,169.8,0.406,1166.2,0.00786,0.0012,8,Nguy hiểm
7.64,173.0,949.1,0.08,128.7,0.00674,0.00084,1,Trung bình
7.19,89.8,199.5,0.574,211.6,0.00122,0.00121,19,Tốt
8.87,125.2,203.4,5.78,634.6,0.00678,0.0011,23,Nguy hiểm
8.01,190.7,313.0,1.166,195.1,0.00733,0.00087,1,Tốt
6.44,334.0,341.3,0.452,83.9,0.00669,0.00072,2,Trung bình
7.96,706.8,408.0,1.588,159.2,0.09447,0.0003,19,Nguy hiểm
8.17,130.0,216.0,3.682,66.9,0.00012,0.00113,146,Trung bình
7.72,657.6,835.3,0.843,670.6,0.02352,0.00819,1,Kém
6.03,218.7,735.8,3.543,184.0,0.0065,0.001,8,Trung bình
5.42,128.3,376.7,1.308,536.2,0.01773,0.00857,25,Kém
10.22,211.7,1694.8,0.909,148.1,0.00101,0.00546,782,Kém
7.45,131.6,1923.3,1.881,169.3,0.02116,0.00066,697,Kém
5.34,174.6,1620.4,1.513,81.5,0.00128,0.00667,21,Kém
7.62,94.2,1951.6,4.525,65.7,0.00423,0.00681,642,Kém
7.27,181.3,352.0,0.343,112.2,0.00647,0.00017,6,Tốt
6.99,90.6,423.9,4.877,1161.1,0.00019,0.00844,2253,Nguy hiểm
6.88,411.9,288.4,8.568,78.5,0.00759,0.02451,0,Nguy hiểm
6.84,412.8,2704.2,1.804,46.0,0.02251,0.00068,2409,Nguy hiểm
11.27,647.8,265.2,1.662,1332.2,0.00571,0.00137,3,Nguy hiểm
9.68,662.6,390.6,0.403,1203.8,0.00245,0.00699,16,Nguy hiểm
7.89,89.6,390.3,1.987,154.7,0.00129,0.00124,19,Tốt
8.12,98.4,250.0,1.741,126.7,0.00218,0.00123,9,Tốt
6.86,180.0,265.1,0.657,40.2,0.00271,0.0005,6,Tốt
7.81,90.8,112.4,1.656,130.5,0.00192,0.00144,15,Tốt
10.11,136.3,2094.7,0.766,804.8,0.00325,0.00059,280,Kém
7.73,84.9,300.5,0.842,316.6,0.0054,0.00096,92,Trung bình
7.93,559.8,1532.5,0.549,574.6,0.00708,0.00748,6,Kém
7.74,171.0,472.0,3.774,371.9,0.00331,0.00068,2,Trung bình
6.79,172.9,437.0,1.631,267.4,0.00264,0.00317,180,Trung bình
7.07,89.1,427.5,1.697,67.8,0.00589,0.00094,25,Tốt
6.93,217.4,436.6,0.411,1162.7,0.00284,0.00082,1988,Nguy hiểm
8.75,108.0,98.7,1.118,260.8,0.00412,0.00365,5,Trung bình
7.13,190.2,322.7,1.954,121.8,0.00735,0.00048,17,Tốt
7.12,415.9,84.2,0.71,317.4,0.01389,0.00054,4,Trung bình
7.77,137.7,449.3,1.199,209.3,0.00303,0.00123,2,Tốt
5.3,167.2,1791.9,0.577,736.1,0.00076,0.00038,8,Kém
6.01,151.5,830.8,1.114,104.9,0.00436,0.0007,2,Trung bình
6.99,125.4,439.2,1.83,381.1,0.01066,0.00028,23,Trung bình
10.11,530.3,209.1,0.066,104.6,0.0436,0.00658,5,Kém
7.61,130.8,151.8,1.751,191.1,0.00287,0.00056,5,Tốt
7.46,591.1,90.4,1.117,170.1,0.00396,0.01301,8,Nguy hiểm
7.25,98.8,444.6,0.031,391.7,0.00456,0.00114,109,Trung bình
7.44,95.6,725.5,0.661,152.5,0.01364,0.00297,15,Trung bình
7.52,151.1,272.7,5.401,1107.8,0.0005,0.00459,20,Nguy hiểm
9.08,107.7,491.0,1.487,143.4,0.00111,0.00141,127,Trung bình
6.38,156.3,464.4,1.062,413.0,0.00154,0.0035,21,Trung bình
6.71,126.9,288.2,0.356,555.1,0.03844,0.00671,104,Kém
8.81,198.7,316.7,1.644,89.1,0.01411,0.00103,134,Trung bình
7.44,176.1,1039.2,0.442,215.1,0.00144,0.00074,1411,Nguy hiểm
7.95,147.2,388.3,0.088,194.0,0.01439,0.00308,11,Trung bình
8.02,148.9,1510.0,1.798,1295.9,0.00271,0.00054,5,Nguy hiểm
6.08,174.3,377.0,7.044,137.0,0.04063,0.00098,11,Nguy hiểm
7.26,191.7,340.7,1.803,219.5,0.00372,0.00052,3,Tốt
8.0,138.3,442.7,1.063,96.9,0.00065,0.00096,0,Tốt
7.69,80.8,374.6,1.283,83.8,0.12047,0.00649,639,Nguy hiểm
6.97,179.1,403.7,0.74,68.3,0.00563,0.02786,433,Nguy hiểm
5.4,152.0,409.3,4.918,654.1,0.00224,0.00797,1,Kém
6.72,157.9,281.4,1.21,125.0,0.00702,0.00032,4,Tốt
6.76,121.0,411.2,1.396,150.1,0.00755,0.00148,15,Tốt
5.26,700.5,1965.8,1.57,143.1,0.00072,0.00481,14,Kém
8.01,90.9,126.0,0.05,544.8,0.04322,0.02563,4,Nguy hiểm
8.05,163.0,159.5,0.606,171.8,0.00391,0.0008,14,Tốt
7.21,140.3,135.2,1.451,79.1,0.0075,6e-05,13,Tốt
8.19,101.7,1888.8,1.993,114.6,0.00466,0.00524,1198,Nguy hiểm
7.29,165.7,354.8,1.808,103.0,0.00513,0.00104,4,Tốt
7.36,412.7,1010.3,1.74,107.8,0.00257,0.00076,175,Trung bình
8.05,85.4,307.6,0.945,209.9,0.00201,0.00069,15,Tốt
9.86,609.2,153.5,1.201,50.8,0.00297,0.00764,3853,Nguy hiểm
8.17,173.7,275.4,0.343,58.5,0.00773,0.00035,18,Tốt
7.14,169.6,112.4,1.442,217.2,0.01197,0.00056,2838,Nguy hiểm
6.83,575.3,1721.9,4.328,197.8,0.01602,0.00073,17,Kém
11.7,511.7,333.1,7.82,196.8,0.00587,0.00122,24,Nguy hiểm
10.22,191.2,399.7,1.228,806.6,0.00447,0.00476,19,Kém
7.39,875.1,163.8,1.171,384.3,0.00637,0.01358,2734,Nguy hiểm
4.47,145.3,1011.0,1.267,80.0,0.00048,0.01183,7,Nguy hiểm
6.77,401.6,394.0,1.797,44.4,0.00027,0.00266,21,Trung bình
8.16,163.0,2413.5,0.655,290.7,0.00431,0.03708,24,Nguy hiểm
7.27,159.7,2130.7,0.526,847.0,0.01233,0.00628,570,Kém
7.77,157.1,208.7,0.999,67.7,0.00715,0.00142,24,Tốt
7.3,162.6,485.3,0.689,219.5,0.00061,0.00072,8,Tốt
6.89,95.9,954.6,4.005,156.0,0.0059,0.00261,4,Trung bình
7.57,690.6,95.6,0.6,510.9,0.00721,0.0075,1,Kém
7.28,209.4,876.6,1.092,219.0,0.00427,0.04725,15,Nguy hiểm
7.81,611.3,432.2,1.385,41.1,0.02405,0.00505,16,Kém
6.78,966.5,99.8,1.346,187.2,0.00337,0.00284,3087,Nguy hiểm
7.35,705.9,401.9,0.814,217.5,0.00582,0.00663,554,Kém
7.49,128.1,2777.1,3.322,155.2,0.0021,0.00039,2592,Nguy hiểm
8.07,155.5,178.0,1.001,121.1,0.0048,0.00014,4,Tốt
7.72,139.9,1617.2,4.776,775.7,0.01797,0.0013,173,Kém
6.84,903.8,370.7,7.466,55.1,0.00132,0.00786,15,Nguy hiểm
6.95,333.2,301.0,0.462,207.1,0.01181,0.00136,89,Trung bình
7.44,726.4,168.1,0.872,89.4,0.00511,0.04098,23,Nguy hiểm
9.92,94.1,2716.5,9.468,106.6,0.00595,0.0003,645,Nguy hiểm
6.81,603.4,306.1,4.422,697.7,0.00513,0.00328,23,Kém
8.11,83.1,421.5,1.519,93.0,0.00682,0.00125,19,Tốt
5.25,351.3,148.3,1.075,131.4,0.00055,0.00794,726,Kém
6.42,97.5,2031.8,0.701,156.0,0.04143,0.00613,14,Kém
7.23,348.2,341.1,0.589,283.5,0.01376,0.00036,21,Trung bình
7.3,203.6,323.3,4.171,150.4,0.00655,0.04253,23,Nguy hiểm
7.87,354.8,981.7,1.547,66.2,0.01192,0.00114,21,Trung bình
8.8,120.6,389.8,0.978,324.2,0.00619,0.037,3013,Nguy hiểm
9.94,194.0,869.2,4.88,691.5,0.00769,0.00538,13,Kém
7.01,517.0,1096.5,9.254,415.8,0.0019,0.00142,20,Nguy hiểm
7.68,106.0,288.4,4.394,289.8,0.01716,0.00696,546,Kém
6.71,202.0,119.8,1.796,127.1,0.00576,0.001,15,Tốt
7.46,198.6,234.8,0.816,68.8,0.00253,0.00096,0,Tốt
8.76,139.5,964.6,0.997,146.5,0.002,0.0006,107,Trung bình
7.26,716.0,475.1,1.501,124.3,0.03408,0.00877,18,Kém
9.79,585.3,423.9,4.334,185.0,0.00256,0.00053,643,Kém
7.09,107.2,477.2,1.591,56.8,0.00539,0.00058,12,Tốt
9.68,103.3,1960.1,1.92,721.0,0.0017,0.00064,19,Kém
6.75,194.6,2098.1,6.456,628.1,0.04253,0.00149,4,Nguy hiểm
6.8,114.4,341.7,1.996,211.0,0.00177,0.0011,12,Tốt
7.13,106.9,266.2,1.321,336.8,0.00243,0.00338,20,Trung bình
7.97,594.5,911.2,4.535,98.5,0.02019,0.0002,383,Kém
6.37,84.1,968.3,0.047,74.1,0.0005,0.00094,24,Trung bình
7.38,80.3,134.1,4.337,322.0,0.16277,0.00346,9,Nguy hiểm
8.13,182.0,220.9,1.77,112.4,0.00257,0.00117,23,Tốt
6.36,663.6,1948.6,0.777,846.7,0.03774,0.00032,5,Kém
5.31,542.7,871.9,0.766,778.9,0.03695,0.00025,23,Kém
6.78,170.7,457.9,1.018,61.8,0.00175,0.00138,8,Tốt
7.02,201.9,329.8,0.904,135.0,0.00766,0.00081,13,Tốt
6.72,185.1,473.4,0.491,165.5,0.0035,0.00133,9,Tốt
6.38,87.2,869.4,1.394,1093.9,0.18832,0.00115,10,Nguy hiểm
7.55,598.2,184.9,1.955,585.8,0.0011,0.00535,12,Kém
5.42,592.2,334.9,1.748,45.3,0.00038,0.00545,19,Kém
7.4,155.2,89.1,4.941,285.8,0.02653,0.00109,691,Kém
8.95,90.0,173.1,3.329,56.6,0.00073,0.00029,2,Trung bình
6.99,306.5,167.5,3.672,153.8,0.00529,0.0006,11,Trung bình
10.02,157.7,791.2,1.911,730.7,0.00257,0.00526,635,Kém
8.17,560.4,374.1,1.937,137.4,0.01248,0.00597,493,Kém
6.27,635.4,105.3,0.479,1114.6,0.07071,0.00067,8,Nguy hiểm
7.71,179.2,414.5,1.549,156.2,0.00403,0.00105,4,Tốt
7.34,199.3,486.9,1.51,214.4,0.00274,0.001,23,Tốt
7.99,90.8,238.9,0.707,168.3,0.00692,0.00052,11,Tốt
10.25,114.8,1625.0,1.203,184.7,0.00533,0.00659,784,Kém
9.69,426.2,447.7,4.484,172.3,0.00497,0.00133,323,Kém
10.22,687.9,1731.9,4.223,212.3,0.00738,0.00056,5,Kém
7.96,579.1,452.0,0.946,589.9,0.01949,0.00124,362,Kém
7.81,99.7,1890.0,0.516,790.6,0.00137,0.0066,583,Kém
8.99,544.0,1740.8,4.447,154.1,0.00383,0.00617,21,Kém
7.29,164.4,1546.9,0.949,655.9,0.01659,0.00139,852,Kém
6.1,427.9,93.4,1.991,145.3,0.00372,0.0013,12,Trung bình
6.3,559.6,143.7,4.316,74.2,0.02833,4e-05,538,Kém
7.98,144.0,426.9,6.851,1056.9,0.00291,0.02472,4742,Nguy hiểm
7.4,194.8,295.6,1.744,54.6,0.00348,0.00111,12,Tốt
11.07,92.2,128.1,0.075,194.1,0.04202,0.00032,4,Nguy hiểm
6.95,155.2,338.6,0.555,149.4,0.00124,0.0007,21,Tốt
6.97,428.7,138.3,1.319,332.2,0.00507,0.00121,0,Trung bình
7.52,142.4,406.4,1.062,189.9,0.01221,0.00328,13,Trung bình
5.39,629.1,434.2,1.981,821.7,0.00776,0.00068,329,Kém
6.76,217.3,424.5,0.619,208.4,0.00218,0.00052,21,Tốt
8.92,351.8,896.1,0.391,208.1,0.00173,0.00135,7,Trung bình
7.63,144.1,1083.7,0.825,303.3,0.00467,0.00313,10,Trung bình
6.73,212.5,275.2,1.802,145.4,0.00431,0.00027,2,Tốt
7.98,129.0,112.9,0.81,163.4,0.00441,0.0009,4,Tốt
7.86,93.8,496.2,0.613,56.3,0.00652,0.0006,19,Tốt
7.25,373.1,307.8,1.284,268.0,0.00331,0.00025,16,Trung bình
7.0,84.1,127.6,0.725,44.3,0.0057,0.0002,9,Tốt
7.0,355.3,715.0,0.761,194.5,0.00369,0.00061,7,Trung bình
7.59,162.7,1709.9,0.354,114.9,0.00081,8e-05,3075,Nguy hiểm
5.13,690.1,371.3,4.482,167.0,0.00283,0.00076,792,Kém
7.36,114.9,371.0,0.353,298.8,0.0063,0.00339,57,Trung bình
8.14,205.0,416.6,0.979,132.8,0.00581,0.00136,10,Tốt
6.98,182.4,241.9,7.892,150.9,0.14632,0.00113,16,Nguy hiểm
8.19,580.2,336.3,1.616,721.8,0.04277,0.00538,17,Kém
6.84,108.5,2106.8,1.226,590.7,0.04094,0.00037,14,Kém
11.47,166.9,400.9,4.339,1151.5,0.08809,0.00124,22,Nguy hiểm
5.22,89.7,1942.8,1.519,68.7,0.03351,0.00061,22,Kém
6.42,180.2,280.6,1.41,153.4,0.00402,0.00343,23,Trung bình
7.64,533.1,274.1,1.997,182.8,0.02627,0.00019,467,Kém
7.12,190.1,259.0,0.982,140.1,0.00088,0.00114,4,Tốt
6.8,141.9,89.2,5.326,1123.1,0.0031,0.00083,495,Nguy hiểm
6.87,312.8,899.1,1.82,192.9,0.0051,0.00069,5,Trung bình
11.86,85.0,1980.5,0.591,136.8,0.00437,0.03352,6,Nguy hiểm
8.07,168.2,257.4,7.435,68.9,0.00122,0.00667,22,Nguy hiểm
10.13,538.5,259.2,1.777,728.2,0.01397,0.00084,20,Kém
7.41,84.8,2169.6,3.498,524.4,0.00114,0.00684,273,Kém
8.12,128.4,355.4,1.736,1219.1,0.00345,0.02213,4747,Nguy hiểm
6.28,216.3,1025.6,1.756,818.7,0.00261,0.00021,4915,Nguy hiểm
6.87,717.8,371.2,1.928,516.0,0.00274,0.00486,646,Kém
7.96,120.2,137.1,9.318,79.4,0.00738,0.03731,646,Nguy hiểm
7.39,139.2,481.2,1.216,210.2,0.00793,0.00029,22,Tốt
7.43,113.3,347.9,1.525,207.0,0.00317,0.00016,3,Tốt
8.19,167.3,1048.6,1.304,345.8,0.01367,0.00086,24,Trung bình
6.99,308.1,132.2,0.964,1397.3,0.01084,0.00674,15,Nguy hiểm
6.84,153.9,193.7,1.033,129.1,0.00572,0.00017,11,Tốt
7.94,136.5,332.1,0.694,202.7,0.00788,0.0005,8,Tốt
7.03,110.4,255.0,1.566,82.3,0.00128,0.00058,14,Tốt
6.22,105.5,988.6,1.799,142.3,0.00636,0.00043,9,Trung bình
7.66,88.6,288.1,1.288,92.4,0.00788,0.00024,25,Tốt
7.33,135.8,214.5,1.89,365.6,0.00769,0.02805,7,Nguy hiểm
6.92,199.7,230.0,1.134,323.0,0.01232,0.0008,22,Trung bình
7.23,139.2,110.5,0.9,51.9,0.00032,0.00074,6,Tốt
10.17,215.0,150.6,1.818,1337.0,0.00354,0.00095,1243,Nguy hiểm
8.1,82.3,317.4,0.995,67.7,0.00609,0.00054,3,Tốt
9.92,169.3,230.0,0.031,153.2,0.0279,0.00663,438,Kém
7.73,547.7,221.4,0.794,1058.3,0.00795,0.00112,17,Nguy hiểm
6.97,174.5,290.5,5.845,114.5,0.03084,0.04508,3,Nguy hiểm
4.61,110.9,340.4,8.68,608.4,0.00375,0.00088,13,Nguy hiểm
7.33,107.6,161.2,1.283,109.2,0.00037,0.00046,24,Tốt
7.99,306.1,328.3,0.973,174.3,0.01086,0.00123,21,Trung bình
6.15,367.9,148.1,0.596,190.6,0.00684,0.00098,10,Trung bình
8.66,143.3,936.2,0.437,217.3,0.00635,8e-05,9,Trung bình
5.28,179.5,176.1,4.635,81.2,0.01285,0.007,23,Kém
7.2,149.5,407.2,1.033,147.6,0.01293,0.00241,61,Trung bình
9.69,166.9,1696.1,1.364,697.6,0.02039,0.00099,21,Kém
7.98,99.9,957.4,1.223,190.3,0.07585,9e-05,18,Nguy hiểm
5.17,675.0,93.4,0.651,705.9,0.00264,0.00761,25,Kém
7.11,812.7,224.3,1.961,782.1,0.00222,0.03618,16,Nguy hiểm
7.66,382.8,284.8,3.463,202.3,9e-05,0.00053,10,Trung bình
7.17,158.3,171.9,0.358,368.3,0.02653,0.00247,3810,Nguy hiểm
7.29,136.5,132.5,1.917,60.1,0.00014,0.00083,6,Tốt
9.88,206.4,1952.8,0.833,769.6,0.00618,0.0009,783,Kém
10.23,83.9,1069.8,5.825,144.0,0.00708,0.0008,15,Nguy hiểm
9.97,689.9,207.5,4.872,142.1,0.03533,0.00018,12,Kém
7.48,208.8,312.8,0.336,74.4,0.0053,0.00134,22,Tốt
7.76,123.1,334.4,1.043,80.5,0.00223,0.00137,0,Tốt
11.76,581.8,2244.2,0.613,67.7,0.11285,0.00109,25,Nguy hiểm
5.25,210.8,223.3,4.413,111.0,0.03649,0.00861,10,Kém
7.01,198.6,312.0,0.831,302.7,0.00453,0.0025,139,Trung bình
7.36,168.2,478.9,0.401,373.0,0.0135,0.00236,13,Trung bình
7.69,180.3,371.1,5.517,99.6,0.12164,0.00057,17,Nguy hiểm
7.88,129.4,300.6,0.723,79.1,2e-05,0.00103,24,Tốt
9.67,123.4,1512.3,4.556,121.6,0.00182,0.00333,639,Kém
7.22,83.2,144.5,1.483,112.6,0.00404,0.00123,17,Tốt
6.72,133.4,312.9,1.443,47.5,0.00673,0.00127,9,Tốt
5.32,93.0,2167.9,0.305,825.7,0.0025,0.00084,0,Kém
5.44,90.6,1973.7,0.443,202.8,0.00224,0.00013,467,Kém
7.86,112.4,299.5,1.872,215.0,0.00083,0.00071,7,Tốt
10.91,85.6,134.0,1.756,789.1,0.00166,0.00112,1464,Nguy hiểm
8.09,105.7,499.3,1.749,96.7,0.00173,0.00268,4514,Nguy hiểm
7.47,82.3,133.1,0.611,152.2,0.01082,8e-05,1952,Nguy hiểm
6.89,205.0,385.1,1.237,97.5,0.00307,0.0002,16,Tốt
5.24,121.4,95.8,3.99,709.5,0.03696,0.00508,25,Kém
8.09,169.7,85.0,0.933,57.4,0.00564,0.00017,5,Tốt
9.88,175.4,177.2,1.93,1331.4,0.00475,0.00134,22,Nguy hiểm
6.86,354.7,1082.9,1.403,209.8,0.00725,0.0005,1,Trung bình
7.26,405.3,453.3,0.353,128.5,0.0024,0.00039,113,Trung bình
7.04,149.6,320.5,1.034,131.8,0.00383,0.00058,21,Tốt
7.67,115.6,370.5,0.334,192.6,0.00051,0.00132,25,Tốt
8.2,82.2,202.1,1.591,122.8,0.00342,0.00075,0,Tốt
6.2,139.8,208.2,1.641,401.0,0.00489,0.00021,3,Trung bình
7.13,99.4,228.1,1.072,187.2,0.00216,0.0004,1,Tốt
7.14,150.1,2151.4,0.459,625.1,0.04282,0.0069,4,Kém
7.54,176.4,2192.4,0.535,1062.4,0.03085,0.00012,406,Nguy hiểm
6.92,146.1,484.6,0.814,206.2,0.00577,0.00293,117,Trung bình
7.99,117.2,987.8,0.707,80.9,0.01439,0.00057,104,Trung bình
6.84,152.6,177.1,1.178,171.5,0.00196,0.00023,12,Tốt
7.99,361.8,299.4,1.656,389.7,0.0035,0.00373,13,Trung bình
7.6,161.6,828.7,1.02,257.8,0.0046,0.00038,150,Trung bình
7.72,320.7,319.2,4.109,101.4,0.00531,0.00124,22,Trung bình
7.61,127.6,276.6,0.055,357.6,0.00271,0.00139,8,Trung bình
9.84,108.1,201.2,1.878,165.4,0.00499,0.00802,739,Kém
9.61,340.3,233.6,4.387,522.9,0.00519,0.00031,807,Kém
6.35,184.0,131.2,4.425,88.9,0.05814,0.00073,13,Nguy hiểm
7.82,338.8,233.6,0.779,137.4,0.01447,0.00224,14,Trung bình
7.54,578.0,2732.7,5.326,125.5,0.00067,0.00747,2,Nguy hiểm
8.7,127.8,765.4,1.116,168.3,0.00573,0.00024,103,Trung bình
5.2,89.5,1783.3,4.726,190.6,0.04154,0.00312,19,Kém
6.77,211.7,208.9,1.288,144.5,0.00306,0.00015,18,Tốt
7.2,400.7,224.9,0.051,73.6,0.00126,0.00282,11,Trung bình
6.13,142.7,1683.2,0.457,573.6,0.03645,0.00015,24,Kém
8.68,409.9,972.9,0.847,123.9,0.00466,0.00012,13,Trung bình
7.3,155.3,154.5,1.44,136.0,0.00115,0.00134,25,Tốt
10.0,522.9,1991.3,1.831,381.1,0.00392,0.00647,9,Kém
6.98,364.9,1589.4,0.991,172.3,0.1283,0.00148,688,Nguy hiểm
7.14,661.0,194.5,9.829,118.7,0.00519,0.00105,1,Nguy hiểm
7.33,816.2,107.5,1.957,164.0,0.0174,0.03797,625,Nguy hiểm
6.81,96.4,184.6,0.023,84.4,0.00762,0.02826,19,Nguy hiểm
11.76,193.7,1550.8,1.639,208.4,0.00685,0.00271,820,Nguy hiểm
7.72,768.0,180.4,1.459,1191.6,0.15984,1e-05,82,Nguy hiểm
7.03,191.9,345.9,9.57,1156.5,0.00178,0.00033,1264,Nguy hiểm
7.86,86.9,438.2,1.959,152.8,0.0069,0.00109,17,Tốt
7.66,196.9,312.5,1.44,123.0,0.00387,0.00028,19,Tốt
6.92,117.8,255.9,1.187,111.7,0.00482,0.00092,23,Tốt
8.03,192.4,165.3,1.751,107.5,0.00573,0.00021,24,Tốt
7.14,85.3,389.5,1.182,121.1,0.00507,0.00112,22,Tốt
6.72,218.6,889.9,0.63,294.0,0.00634,0.00101,0,Trung bình
8.95,201.7,2113.1,1.956,137.9,0.00645,0.00122,2972,Nguy hiểm
6.82,133.0,112.0,1.641,81.3,0.00579,0.00113,12,Tốt
6.87,102.1,1998.6,1.41,40.2,0.0261,6e-05,282,Kém
7.58,96.5,430.1,6.091,749.1,0.00763,0.00227,141,Nguy hiểm
5.13,180.4,1834.3,0.377,219.3,0.00619,0.00483,10,Kém
7.9,85.6,1590.3,4.784,49.2,0.00573,0.00774,447,Kém
7.09,208.9,227.1,0.81,143.8,0.00101,0.00113,19,Tốt
11.57,865.9,1550.1,1.45,1380.4,0.00479,0.00029,1,Nguy hiểm
8.69,112.6,191.4,1.031,110.4,0.01116,0.00057,128,Trung bình
5.26,530.1,1554.8,0.079,160.7,0.00454,0.00535,18,Kém
5.31,588.5,1950.0,1.651,107.3,0.00405,0.00602,138,Kém
7.25,366.8,1074.1,1.557,44.9,0.00227,0.00309,13,Trung bình
8.03,116.5,137.4,1.673,73.0,0.00187,0.00364,79,Trung bình
5.26,697.6,364.8,4.419,62.2,0.01156,0.00494,17,Kém
7.63,146.4,417.9,0.312,85.3,0.00357,0.00139,14,Tốt
6.87,95.0,319.5,3.328,166.6,0.00393,0.0022,138,Trung bình
6.91,197.0,2827.6,0.812,1358.2,0.13942,0.00014,341,Nguy hiểm
8.12,127.0,385.7,0.039,733.6,0.00503,0.00841,647,Kém
4.26,547.9,492.5,0.472,753.9,0.00781,0.00148,8,Nguy hiểm
7.89,192.5,247.8,1.549,69.5,0.00327,0.00032,11,Tốt
8.91,380.5,130.5,0.329,91.4,0.00214,0.00136,101,Trung bình
6.87,106.1,205.7,0.519,58.7,0.00609,0.00041,24,Tốt
7.29,391.9,158.8,0.626,379.1,0.00057,0.00103,23,Trung bình
6.99,396.5,754.6,1.175,293.7,0.0052,0.00059,15,Trung bình
6.91,117.3,334.4,1.941,157.6,0.0061,0.00123,12,Tốt
8.87,145.7,445.6,0.945,139.1,0.01197,0.00376,17,Trung bình
7.87,175.4,206.0,0.633,53.8,0.0019,0.00052,1,Tốt
7.53,169.2,137.8,1.977,1266.0,0.00287,0.00101,595,Nguy hiểm
10.09,534.4,2045.1,1.06,43.4,0.00231,0.00093,3,Kém
7.16,180.7,350.6,1.842,829.3,0.01835,0.00103,760,Kém
7.11,184.1,236.7,1.642,167.4,0.00111,0.00146,16,Tốt
8.2,385.8,166.6,1.765,94.9,0.01396,0.00134,3,Trung bình
8.17,198.2,280.4,7.589,1279.2,0.0404,0.0003,3000,Nguy hiểm
8.12,125.0,408.5,8.69,140.4,0.0185,0.00748,18,Nguy hiểm
7.87,104.4,376.6,1.025,115.9,0.00196,0.00042,14,Tốt
6.24,341.8,167.9,0.303,55.4,0.00217,0.00105,12,Trung bình
7.21,624.3,1016.1,0.769,154.9,0.00425,0.00712,358,Kém
7.78,208.2,123.4,1.988,160.8,0.00336,0.00104,10,Tốt
7.12,758.4,245.5,0.439,116.6,0.08566,0.00062,278,Nguy hiểm
10.15,522.6,271.4,0.911,311.5,0.00565,0.00135,511,Kém
7.4,554.7,2940.1,9.664,166.3,0.00266,0.00288,11,Nguy hiểm
7.83,192.7,336.6,0.459,96.9,0.0053,0.00118,1,Tốt
8.19,199.5,347.9,0.594,201.6,0.00015,0.00094,22,Tốt
7.38,145.2,456.2,1.599,198.5,4e-05,0.00048,7,Tốt
6.26,159.6,269.8,1.87,191.8,0.01297,0.0006,59,Trung bình
5.43,163.7,132.4,1.049,297.2,0.18205,0.00072,8,Nguy hiểm
9.88,140.5,1767.1,1.706,626.7,0.00238,0.00135,700,Kém
7.01,114.6,152.8,0.733,96.2,0.00108,8e-05,5,Tốt
7.27,665.7,1634.0,0.643,44.9,0.02056,0.00047,265,Kém
6.17,197.6,215.6,0.889,185.0,0.00029,0.00121,104,Trung bình
7.67,128.2,316.9,0.528,103.4,0.00491,0.00095,16,Tốt
7.3,742.8,1035.5,4.567,1170.2,0.00266,0.00055,22,Nguy hiểm
7.84,185.2,112.4,3.46,205.6,0.00648,0.00369,0,Trung bình
5.19,174.3,290.2,4.388,123.4,0.03678,3e-05,574,Kém
7.0,703.4,262.7,4.914,143.5,0.02316,0.00033,738,Kém
9.82,148.8,1690.0,0.374,638.1,0.0074,0.00049,18,Kém
6.9,104.6,473.3,1.351,192.0,0.00263,0.00064,12,Tốt
6.9,135.6,245.4,1.363,82.9,0.00389,0.0006,3,Tốt
7.57,164.0,2898.6,1.858,43.0,0.15679,0.00024,19,Nguy hiểm
8.89,574.0,276.6,4.43,832.5,0.02138,0.00041,23,Kém
6.72,911.5,1053.0,9.918,69.5,0.13465,0.00059,5,Nguy hiểm
5.3,549.0,1703.5,1.981,172.7,0.00526,0.00347,574,Kém
6.05,202.6,139.5,4.525,138.5,0.00639,0.01945,2397,Nguy hiểm
7.55,112.5,103.4,1.404,199.7,0.0006,0.0014,1,Tốt
8.17,87.9,329.7,0.087,193.7,0.01185,0.00026,14,Trung bình
8.02,114.1,2051.7,0.511,794.6,0.00432,0.00293,623,Kém
8.56,396.6,422.5,0.642,83.0,0.00047,0.00055,3,Trung bình
7.78,205.1,993.4,1.584,102.8,0.01064,0.0005,170,Trung bình
5.28,116.6,1685.4,1.925,706.5,0.02076,0.00098,14,Kém
8.15,598.2,290.0,1.801,717.3,0.00062,0.00591,564,Kém
7.34,340.2,162.4,5.965,88.8,0.01402,0.00026,246,Nguy hiểm
8.01,112.6,161.0,1.263,138.3,0.00612,0.00136,7,Tốt
7.8,215.9,198.5,1.665,163.2,0.00082,0.00076,15,Tốt
8.73,137.3,248.5,0.025,398.3,0.00724,0.00117,14,Trung bình
7.67,199.7,101.4,1.306,148.9,0.00527,0.00148,14,Tốt
7.41,175.6,259.1,0.421,150.2,0.00168,0.00018,15,Tốt
7.93,141.6,216.1,1.204,104.0,0.00194,0.00024,7,Tốt
7.32,93.1,88.6,1.228,52.3,0.00591,0.0003,4,Tốt
9.98,126.4,2098.5,1.708,178.4,0.00148,0.00543,317,Kém
6.85,132.0,235.0,1.365,322.4,0.00403,0.0002,146,Trung bình
9.08,705.1,1812.7,4.645,121.7,0.00723,0.00818,9,Kém
7.9,337.7,484.8,0.644,1118.2,0.11374,0.01817,8,Nguy hiểm
8.13,349.1,844.9,0.994,309.3,0.00716,0.00086,5,Trung bình
5.18,95.0,1655.7,0.872,191.0,0.00058,0.00126,672,Kém
10.08,575.1,379.5,0.536,644.7,0.00121,0.00873,63,Kém
7.89,120.1,178.9,0.723,191.2,0.00537,0.00043,19,Tốt
7.2,217.9,261.4,6.924,60.4,0.00756,0.00328,176,Nguy hiểm
6.71,120.2,466.1,1.662,77.6,0.00053,0.00034,19,Tốt
7.67,197.6,435.2,0.36,58.5,0.00319,0.00094,21,Tốt
7.94,113.5,1732.8,1.842,1257.2,0.00287,0.04702,3465,Nguy hiểm
6.73,81.7,326.7,1.985,163.1,0.00085,0.00036,2,Tốt
7.95,106.5,2252.6,0.948,1319.5,0.00279,0.00747,19,Nguy hiểm
7.2,715.1,804.6,1.838,519.6,0.03637,0.00728,0,Kém
5.21,135.1,368.8,1.103,750.6,0.00729,0.00466,277,Kém
7.68,141.3,1009.6,4.382,56.9,0.07361,0.00036,4981,Nguy hiểm
6.82,144.5,1025.9,0.569,213.6,0.01083,0.00108,69,Trung bình
6.1,166.2,174.4,0.086,400.6,0.00461,0.00084,0,Trung bình
6.98,148.0,796.6,0.528,84.5,0.00515,0.00294,73,Trung bình
11.44,194.0,107.9,5.508,100.4,0.00631,0.00113,56,Nguy hiểm
9.65,521.3,1729.8,0.558,192.4,0.01309,0.00016,2,Kém
7.65,198.4,188.4,0.667,77.1,0.00546,0.00049,15,Tốt
7.37,312.7,457.0,1.919,218.0,0.16943,0.00511,2218,Nguy hiểm
7.63,341.6,243.0,1.009,76.1,0.00144,0.00148,70,Trung bình
7.57,156.7,970.5,0.338,1374.7,0.14045,0.00084,8,Nguy hiểm
5.11,126.3,1749.6,1.315,59.5,0.00071,0.00875,319,Kém
7.21,174.3,295.1,0.364,151.3,0.00136,0.00126,19,Tốt
6.74,215.1,366.2,0.518,71.1,0.00495,0.00044,13,Tốt
7.32,203.1,109.0,1.012,156.5,0.00413,0.00077,15,Tốt
4.42,180.5,1845.6,0.664,140.0,0.00088,0.00296,17,Nguy hiểm
8.14,719.0,148.0,0.663,103.6,0.03899,0.00504,752,Kém
9.04,192.1,446.4,0.611,1263.7,0.00789,0.00021,20,Nguy hiểm
7.26,168.7,748.2,1.01,172.4,0.01425,0.00114,6,Trung bình
11.61,204.9,367.9,1.938,160.7,0.18777,0.00792,15,Nguy hiểm
7.76,216.3,421.0,9.778,115.3,3e-05,0.0004,2640,Nguy hiểm
11.96,982.6,337.5,1.598,93.4,0.11808,0.00057,4,Nguy hiểm
6.75,644.6,342.9,4.416,709.0,0.04448,0.00241,3,Kém
7.88,897.5,145.8,1.723,123.3,0.19301,0.00373,17,Nguy hiểm
7.54,343.0,495.9,1.74,54.4,0.00017,0.00271,10,Trung bình
6.84,196.0,1078.4,1.333,396.2,0.00302,0.00075,13,Trung bình
5.29,695.7,388.1,1.602,77.5,0.00194,0.00353,524,Kém
5.42,657.0,183.7,0.604,188.6,0.01837,0.0003,477,Kém
6.97,117.2,452.0,6.234,154.0,0.0745,0.00804,398,Nguy hiểm
8.76,148.0,371.7,1.597,105.0,0.01358,0.00079,8,Trung bình
7.58,156.5,257.3,0.78,77.8,0.00136,0.00036,14,Tốt
10.0,218.7,1550.0,4.923,343.4,0.00349,3e-05,14,Kém
9.69,119.0,444.5,0.733,118.5,0.0026,0.00789,740,Kém
9.7,173.7,1617.0,4.242,53.8,0.04045,0.00135,20,Kém
6.78,377.0,253.1,0.701,213.2,0.01173,0.00145,24,Trung bình
9.09,381.5,370.6,3.134,149.0,0.00126,0.00113,13,Trung bình
9.88,178.3,465.4,1.034,209.7,0.1791,0.01426,11,Nguy hiểm
7.57,190.2,1758.9,4.59,99.1,0.03094,0.001,633,Kém
10.26,212.9,1064.2,1.364,1122.7,0.00356,0.00147,6,Nguy hiểm
7.95,144.4,286.5,3.676,151.2,0.0032,0.00126,113,Trung bình
7.77,611.4,147.7,1.61,59.3,0.01872,0.00607,16,Kém
7.41,178.4,978.1,1.574,388.6,0.00231,0.00086,19,Trung bình
6.08,388.2,162.9,1.459,114.6,0.01062,0.0004,1,Trung bình
5.14,636.2,314.4,4.539,41.7,0.03951,0.00088,18,Kém
8.72,164.0,119.0,1.109,198.4,0.01292,0.00018,14,Trung bình
7.28,170.8,338.1,0.415,115.5,0.00735,0.0011,15,Tốt
6.02,118.9,974.9,0.079,45.1,0.00483,0.00101,19,Trung bình
7.38,108.9,474.6,1.917,146.0,0.00098,0.0007,23,Tốt
7.98,82.0,391.7,0.31,177.7,0.00244,0.00122,3,Tốt
8.69,184.5,253.5,6.652,195.4,0.00718,0.00067,120,Nguy hiểm
7.03,410.3,755.0,1.091,45.1,0.00313,0.0004,1596,Nguy hiểm
7.98,102.9,368.2,1.201,194.7,0.00445,0.00062,2,Tốt
8.16,128.5,194.3,0.935,110.4,0.00114,0.00148,4,Tốt
8.07,147.5,264.8,5.796,148.1,0.00302,0.04216,4151,Nguy hiểm
10.11,175.6,469.6,0.597,81.6,0.00214,0.00727,588,Kém
11.06,165.5,373.0,0.055,71.5,0.00555,0.02525,25,Nguy hiểm
6.77,202.8,84.9,0.357,44.7,0.00721,0.00129,1,Tốt
8.9,564.9,98.3,4.645,84.7,0.00757,0.00866,231,Kém
6.83,634.4,215.5,7.834,67.8,0.09121,0.00024,2858,Nguy hiểm
8.08,120.1,113.1,1.321,96.0,0.00282,0.00061,4,Tốt
6.75,90.4,380.8,0.961,326.1,0.00664,0.00261,23,Trung bình
7.12,117.2,101.4,0.514,189.1,0.00217,0.00064,19,Tốt
6.81,602.5,468.1,4.535,701.9,0.00504,0.00558,10,Kém
8.98,348.9,385.9,0.689,41.4,0.00797,0.00335,16,Trung bình
8.87,94.7,280.1,0.044,175.5,0.00288,0.00142,137,Trung bình
7.14,115.6,340.5,1.217,41.9,0.00611,0.00017,5,Tốt
5.2,660.8,190.2,4.561,519.4,0.00308,6e-05,128,Kém
7.08,173.2,196.7,1.544,217.2,0.00044,0.00067,14,Tốt
8.13,124.6,270.5,3.848,109.5,0.01278,0.00063,21,Trung bình
8.14,173.0,181.2,1.187,847.1,0.03085,0.00516,330,Kém
6.05,145.3,162.4,1.395,688.3,0.02233,0.00129,288,Kém
6.83,194.9,1015.1,3.404,122.7,0.0058,0.00226,16,Trung bình
7.54,219.3,352.8,0.613,98.5,0.05531,0.02715,7,Nguy hiểm
7.58,678.8,293.9,8.252,123.4,0.03955,0.00127,23,Nguy hiểm
6.86,130.3,387.1,0.752,61.7,0.00543,0.0015,13,Tốt
8.04,180.9,207.9,1.774,45.7,0.00186,0.00031,12,Tốt
8.15,193.2,149.2,0.564,192.9,0.00545,0.00084,24,Tốt
8.09,334.7,1045.1,3.843,124.9,0.00636,0.00019,15,Trung bình
8.14,82.4,914.9,0.795,206.3,0.00753,0.00315,136,Trung bình
7.65,124.1,307.2,1.302,165.0,0.00201,0.00123,17,Tốt
7.3,104.4,1936.5,4.739,755.8,0.03095,6e-05,1,Kém
7.92,524.8,205.7,4.637,150.9,0.0297,0.00621,13,Kém
6.7,219.0,913.3,1.14,276.7,5e-05,0.00078,167,Trung bình
7.58,185.8,1082.2,0.066,142.1,0.00242,0.00031,13,Trung bình
7.29,199.4,90.8,0.473,342.1,0.00435,0.00371,23,Trung bình
6.87,181.6,290.6,0.879,330.7,0.01373,0.0008,145,Trung bình
6.84,348.6,418.6,1.663,141.0,0.00155,0.00024,173,Trung bình
8.65,82.9,295.0,1.399,83.5,0.01283,0.00015,4,Trung bình
7.06,104.2,368.6,1.261,121.1,0.01106,0.00347,7,Trung bình
11.71,146.3,340.9,0.072,104.9,0.00456,0.02293,6,Nguy hiểm
7.72,94.1,131.9,1.813,150.0,0.00291,0.00033,9,Tốt
8.19,332.8,859.2,0.961,105.5,0.00145,0.00022,69,Trung bình
5.42,900.4,466.8,4.603,56.3,0.19854,1e-05,19,Nguy hiểm
6.3,201.0,141.5,0.021,121.7,0.00529,6e-05,106,Trung bình
5.11,215.4,1975.8,0.388,721.1,0.00215,0.0012,6,Kém
7.43,565.3,136.6,8.779,215.4,0.00203,0.00099,18,Nguy hiểm
8.04,94.4,888.9,0.949,81.2,0.01218,0.00024,7,Trung bình
9.95,148.0,2159.3,4.71,84.5,0.01959,0.0006,1,Kém
6.93,91.8,308.2,0.864,174.1,0.0029,0.00127,6,Tốt
6.94,103.7,1559.5,3.394,553.3,0.02922,0.0063,6,Kém
7.24,601.0,825.7,0.982,216.1,0.10321,0.00028,7,Nguy hiểm
11.31,213.8,1581.7,1.38,74.5,0.00267,0.00287,0,Nguy hiểm
8.03,84.8,221.9,1.314,145.2,0.00519,0.00132,2,Tốt
6.75,153.0,166.8,1.822,133.7,0.00108,0.00059,23,Tốt
7.52,169.1,142.8,0.658,71.1,0.0053,0.00034,10,Tốt
9.82,141.9,1625.4,0.085,772.7,0.00553,0.00124,443,Kém
6.93,91.0,2668.7,7.333,212.4,0.00369,0.00039,841,Nguy hiểm
7.7,618.7,118.3,0.994,542.8,0.00567,0.0045,12,Kém
7.21,208.6,455.3,1.978,96.6,0.00431,0.00097,23,Tốt
5.41,683.5,1695.2,1.62,132.5,0.00672,0.0005,8,Kém
7.41,188.2,245.6,0.357,265.9,0.00016,4e-05,73,Trung bình
10.26,401.4,141.5,0.02,119.0,0.00262,0.0013,4787,Nguy hiểm
6.91,598.0,116.4,4.618,1051.1,0.00636,0.00051,7,Nguy hiểm
6.85,130.5,482.1,1.055,790.2,0.18003,0.00061,11,Nguy hiểm
7.23,182.9,2074.3,4.752,790.7,0.00305,0.00358,835,Kém
6.98,198.4,427.9,0.843,59.6,0.00146,0.00053,8,Tốt
8.07,160.3,330.3,4.591,579.0,0.01263,0.0047,883,Kém
5.34,601.9,353.9,0.527,649.1,0.11854,0.00039,11,Nguy hiểm
7.97,112.2,392.5,1.359,90.2,0.0011,0.00134,18,Tốt
5.28,650.0,1863.4,0.57,162.3,0.00409,0.00133,488,Kém
7.69,161.0,117.3,0.911,110.7,0.00566,0.00034,12,Tốt
7.49,399.4,171.8,1.131,182.0,0.17801,0.00034,1819,Nguy hiểm
7.75,130.9,401.3,0.03,204.6,0.0119,0.00236,17,Trung bình
8.18,105.0,487.8,1.435,261.1,0.00689,0.00293,0,Trung bình
7.22,154.4,496.4,1.27,149.2,0.00072,0.00117,15,Tốt
7.83,139.8,252.5,1.39,146.8,0.00033,0.00109,20,Tốt
7.48,88.9,134.6,1.353,157.1,0.00703,0.00126,1,Tốt
7.61,206.8,295.5,4.67,195.4,0.00152,0.00031,1441,Nguy hiểm
8.75,115.5,1588.8,1.244,583.8,0.02349,0.00617,20,Kém
9.85,85.9,144.0,4.448,85.4,0.02866,0.00101,399,Kém
6.9,583.3,2155.0,1.648,318.5,0.00393,0.00094,233,Kém
7.87,95.4,2102.7,4.438,612.5,0.02845,0.00144,14,Kém
7.84,96.0,775.5,0.489,194.6,0.00463,0.00061,96,Trung bình
5.41,655.6,185.2,0.703,117.0,0.0004,0.00462,542,Kém
7.21,94.3,409.0,0.724,282.2,0.00138,0.00032,174,Trung bình
6.88,220.0,397.7,0.763,205.6,0.00032,0.0013,21,Tốt
7.18,108.2,447.8,1.036,126.7,0.01076,0.00333,17,Trung bình
11.28,131.1,1020.6,1.75,575.9,0.00782,2e-05,741,Nguy hiểm
7.68,206.7,474.0,0.585,126.4,0.00145,0.00116,19,Tốt
5.43,595.3,1642.2,1.219,88.6,0.04338,0.00013,3,Kém
7.83,171.5,303.1,1.403,162.0,0.00583,0.00103,12,Tốt
6.4,113.2,358.8,0.502,316.4,0.00082,0.00053,15,Trung bình
7.6,192.0,2086.1,0.714,180.3,0.02153,0.00566,317,Kém
4.59,169.7,488.4,5.248,187.3,0.00656,0.00673,1504,Nguy hiểm
7.08,182.1,461.5,1.628,61.6,0.00024,0.0008,4,Tốt
7.47,135.0,444.3,0.95,168.6,0.00711,6e-05,10,Tốt
7.11,406.2,809.6,1.896,384.9,0.00315,0.00133,3,Trung bình
7.23,199.1,2055.0,3.863,674.8,0.03709,0.0009,713,Kém
8.19,331.5,785.1,0.385,389.3,0.00674,0.00142,15,Trung bình
6.96,196.0,262.8,1.587,67.8,0.00315,5e-05,11,Tốt
7.53,174.5,823.1,1.474,136.4,0.01357,0.00125,101,Trung bình
7.47,169.0,1605.0,4.064,767.5,0.00693,0.005,463,Kém
6.8,92.8,498.0,1.567,178.7,0.07631,0.00832,4537,Nguy hiểm
5.14,114.3,217.4,0.638,204.8,0.033,0.0086,12,Kém
7.73,414.1,202.2,1.951,314.0,0.00211,2e-05,74,Trung bình
11.8,174.3,329.3,0.956,104.1,0.19642,0.00018,14,Nguy hiểm
11.7,97.0,258.6,0.912,144.7,0.00372,0.00033,3166,Nguy hiểm
6.25,152.3,369.2,1.027,43.1,0.01201,0.00077,71,Trung bình
6.93,387.1,446.9,1.919,418.7,0.00726,0.00088,92,Trung bình
5.43,377.2,440.9,1.498,213.5,0.19739,0.00103,74,Nguy hiểm
7.63,206.2,491.6,1.434,96.6,0.00783,0.00089,1,Tốt
8.12,156.0,224.5,0.394,155.9,0.00706,0.0012,19,Tốt
8.98,400.7,126.2,1.025,83.7,0.00149,0.00036,1,Trung bình
10.2,180.1,429.1,7.913,130.8,0.01336,0.00573,1,Nguy hiểm
9.91,113.9,2007.0,0.46,673.3,0.00508,0.00062,573,Kém
7.86,417.5,163.2,0.498,169.2,0.00472,0.00689,4089,Nguy hiểm
7.5,194.5,108.3,1.052,170.7,0.04265,0.00347,3583,Nguy hiểm
6.72,167.9,2233.6,1.479,1161.5,0.00432,0.0005,3471,Nguy hiểm
3.71,213.4,169.2,4.424,108.6,0.00174,0.00044,3200,Nguy hiểm
7.21,576.7,712.8,4.67,81.0,0.01632,0.00116,18,Kém
8.1,422.5,108.3,3.837,319.0,0.00396,0.00114,24,Trung bình
8.07,87.7,310.2,0.451,63.4,0.00704,0.00138,24,Tốt
7.78,95.9,867.2,3.252,158.7,0.00602,0.00148,5,Trung bình
8.93,111.7,353.7,0.484,1202.0,0.00676,0.00074,15,Nguy hiểm
7.34,95.2,119.8,0.861,111.2,0.0068,0.00147,13,Tốt
7.23,134.7,215.2,1.082,192.6,0.00732,0.00025,9,Tốt
6.72,203.5,1986.6,0.925,87.2,0.09912,0.00104,433,Nguy hiểm
6.83,124.8,385.0,4.402,46.1,0.03523,0.00696,327,Kém
7.64,549.1,275.1,0.879,180.3,0.00238,0.00095,1215,Nguy hiểm
7.47,601.4,2102.1,4.268,710.9,0.0075,0.00016,5,Kém
4.15,105.0,134.7,3.4,1322.7,0.00715,0.00061,19,Nguy hiểm
7.49,549.9,149.3,1.253,820.0,9e-05,0.02617,2744,Nguy hiểm
6.83,692.1,123.4,0.673,711.9,0.01739,0.00368,328,Kém
5.35,322.2,2126.3,0.931,204.5,0.00548,0.00116,211,Kém
7.1,92.3,289.4,0.33,701.4,0.0014,0.00891,734,Kém
11.93,155.3,342.4,0.048,54.2,0.00371,0.00117,3788,Nguy hiểm
7.49,166.8,2058.9,0.052,114.4,0.1013,0.00099,58,Nguy hiểm
8.19,98.9,337.9,0.774,83.7,0.00341,0.00078,12,Tốt
7.34,204.5,2077.0,1.086,58.5,0.07288,0.00062,16,Nguy hiểm
6.08,178.0,247.4,0.95,191.1,0.01062,0.00126,21,Trung bình
6.89,135.0,82.1,1.322,72.1,0.0026,0.00061,15,Tốt
5.24,127.9,201.1,0.308,745.0,0.00038,0.00527,4,Kém
11.73,169.0,127.1,8.3,261.1,0.00043,0.03535,10,Nguy hiểm
7.78,186.1,169.9,0.057,826.6,0.02598,0.00111,298,Kém
10.19,96.0,1919.5,4.474,48.2,0.00532,0.00831,1,Kém
7.01,200.7,344.6,1.111,110.4,0.00181,0.00053,8,Tốt
7.72,309.9,182.9,0.065,192.7,0.00542,0.00266,17,Trung bình
7.24,316.3,794.5,0.451,403.2,0.00606,5e-05,10,Trung bình
4.73,94.7,304.0,4.315,200.9,0.04386,0.00795,9,Nguy hiểm
7.42,330.0,162.3,1.005,58.8,0.0019,0.04455,5,Nguy hiểm
7.36,171.0,1622.0,0.682,761.6,0.02978,0.00861,72,Kém
7.19,599.6,344.8,0.394,714.0,0.02419,0.00016,24,Kém
6.08,152.1,2085.1,0.545,62.8,0.00368,0.01308,16,Nguy hiểm
10.13,710.1,211.5,3.715,728.6,0.00457,0.00611,1,Kém
7.65,540.7,2072.3,4.807,1147.9,0.00114,0.00083,22,Nguy hiểm
10.22,584.9,1883.1,1.959,602.3,0.00418,0.00043,17,Kém
7.25,578.9,489.5,1.41,306.6,0.00666,0.00824,819,Kém
9.78,165.6,330.9,1.435,1097.4,0.00745,0.00104,2,Nguy hiểm
9.98,116.0,774.2,4.29,174.7,0.00788,0.00591,16,Kém
8.06,167.7,356.6,1.084,117.4,0.00723,0.00062,1,Tốt
6.0,91.8,313.1,0.062,199.0,0.00595,3e-05,19,Trung bình
8.81,119.6,741.3,0.608,97.9,0.00496,0.00022,6,Trung bình
7.99,211.9,302.9,0.636,1274.3,0.1032,0.00103,4249,Nguy hiểm
9.93,171.5,314.6,4.704,120.2,0.01711,0.00062,91,Kém
5.32,597.2,1093.4,4.423,65.1,0.0045,0.00114,572,Kém
3.74,628.0,446.3,1.119,533.9,0.0032,0.00319,6,Nguy hiểm
7.1,181.7,454.8,9.76,130.0,0.00299,0.00544,365,Nguy hiểm
6.0,406.6,1065.6,0.556,214.3,0.00631,0.00051,20,Trung bình
7.74,743.9,346.8,1.143,1342.1,0.01612,0.00141,24,Nguy hiểm
7.36,125.6,327.8,4.14,369.8,0.00496,0.0034,13,Trung bình
7.52,618.7,2132.3,1.728,694.4,0.03553,0.00067,22,Kém
5.27,154.8,833.1,0.648,133.0,0.19196,0.04189,20,Nguy hiểm
8.02,198.9,1847.8,8.702,172.5,0.00549,0.00074,825,Nguy hiểm
8.14,600.4,456.1,0.987,56.8,0.04344,0.0089,23,Kém
7.71,536.4,484.7,4.285,611.6,0.00761,0.00115,485,Kém
7.06,125.8,197.7,1.371,83.8,0.00044,0.00127,13,Tốt
8.02,177.0,435.3,0.884,134.7,0.00171,0.00126,5,Tốt
7.8,133.9,177.5,0.622,62.5,0.00701,0.00053,0,Tốt
8.01,111.4,376.9,0.503,412.4,0.00674,0.00044,115,Trung bình
7.71,215.9,250.7,0.9,52.9,0.07638,0.01947,24,Nguy hiểm
7.51,107.9,435.2,0.827,1104.8,0.03196,0.01896,298,Nguy hiểm
7.25,88.7,427.6,1.986,164.7,0.00705,9e-05,14,Tốt
7.37,190.3,259.9,1.682,519.9,0.03634,0.00348,271,Kém
8.09,127.2,359.4,0.439,91.0,0.00471,0.00043,17,Tốt
7.94,114.9,471.2,1.535,75.6,5e-05,0.00037,21,Tốt
6.73,189.1,222.4,1.539,193.4,0.00642,0.00118,19,Tốt
10.95,813.1,850.5,0.652,219.0,0.0056,0.00745,19,Nguy hiểm
10.29,607.3,1907.0,1.172,663.8,0.00285,0.00107,4,Kém
8.08,185.7,117.5,0.396,148.1,0.00264,0.00088,19,Tốt
6.96,103.6,320.9,1.678,132.0,0.00468,8e-05,15,Tốt
8.04,218.8,2914.0,0.08,1179.3,0.0037,0.00803,14,Nguy hiểm
7.32,160.1,2126.9,3.877,85.5,0.00471,0.00672,771,Kém
11.85,125.9,395.0,1.184,57.2,0.01324,0.00065,14,Nguy hiểm
7.33,134.1,172.6,1.059,104.7,0.00302,3e-05,13,Tốt
7.6,93.9,346.9,0.988,203.5,0.00584,0.00078,2,Tốt
6.94,165.6,212.1,1.191,198.4,0.0035,0.00018,13,Tốt
8.63,610.7,1836.6,1.932,1274.5,0.00304,0.00041,18,Nguy hiểm
4.41,198.4,474.7,0.497,173.1,0.01203,0.00147,5,Nguy hiểm
7.5,199.1,360.1,1.901,164.4,0.00345,0.00025,21,Tốt
7.53,159.9,338.8,0.998,43.5,0.00313,0.00053,20,Tốt
7.1,121.9,153.2,0.446,1127.2,0.0062,0.02038,4,Nguy hiểm
8.05,623.9,463.4,4.314,56.3,0.03099,0.00115,789,Kém
9.0,306.7,456.5,0.91,74.1,0.00313,0.00054,76,Trung bình
7.77,713.6,757.9,1.067,576.2,0.0386,0.00467,20,Kém
6.97,219.0,471.9,1.742,133.3,0.00489,0.00061,7,Tốt
6.96,88.7,332.1,0.842,359.0,0.014,4e-05,14,Trung bình
6.84,413.5,275.4,0.803,184.7,0.00657,0.00044,139,Trung bình
8.2,218.9,380.0,0.572,130.0,0.00296,0.0007,16,Tốt
7.07,125.7,440.2,0.071,170.9,0.01345,0.00322,14,Trung bình
6.36,369.1,367.9,4.0,162.4,0.00637,0.04054,14,Nguy hiểm
8.99,83.0,249.5,0.781,120.0,0.07357,0.00098,4384,Nguy hiểm
7.66,219.2,395.7,8.961,1281.8,0.00382,0.03278,10,Nguy hiểm
6.97,207.7,314.4,4.395,720.7,0.00439,0.00708,666,Kém
7.54,186.7,2342.3,8.062,1116.4,0.10933,0.00071,21,Nguy hiểm
6.07,766.6,336.6,8.176,213.0,0.00368,0.00089,21,Nguy hiểm
9.99,705.3,219.5,1.779,155.5,0.02775,0.00887,23,Kém
3.45,103.7,2096.0,1.24,1158.8,0.00419,0.00102,21,Nguy hiểm
7.78,371.3,906.7,4.266,1184.9,0.006,0.00106,20,Nguy hiểm
8.16,153.4,370.6,4.882,1211.5,0.1866,6e-05,2574,Nguy hiểm
7.51,397.8,368.4,0.043,156.4,0.00403,0.00224,12,Trung bình
6.86,211.3,99.9,1.006,116.6,0.00168,0.00116,4,Tốt
5.38,659.1,1895.2,1.71,759.0,0.00649,0.00045,3,Kém
7.93,208.6,182.1,1.655,283.5,0.00769,0.00268,159,Trung bình
8.1,182.3,419.9,1.912,832.6,0.09078,0.00094,457,Nguy hiểm
6.35,190.2,844.3,0.58,89.5,0.00407,0.00279,25,Trung bình
6.29,89.5,221.5,4.714,535.8,0.02408,0.0014,22,Kém
8.05,603.7,735.2,4.439,817.5,0.00301,0.0007,245,Kém
7.36,183.5,363.7,0.605,149.9,0.00441,0.00075,7,Tốt
7.04,632.1,219.2,0.533,67.2,0.00561,0.00077,1373,Nguy hiểm
6.44,132.2,782.1,1.773,126.9,0.00758,0.00045,113,Trung bình
7.12,211.7,1998.4,1.623,136.1,0.03197,8e-05,380,Kém
8.08,92.0,234.0,1.414,219.9,0.00496,0.00082,12,Tốt
5.18,677.4,389.3,0.793,200.0,0.00611,0.00528,513,Kém
6.18,141.8,198.1,1.383,66.5,0.0129,0.00063,18,Trung bình
5.34,155.8,447.0,4.466,46.3,0.00298,0.0062,746,Kém
6.96,219.5,1607.2,5.757,65.0,0.00023,0.00618,3632,Nguy hiểm
7.44,515.9,1750.8,0.422,81.1,0.00059,0.00629,306,Kém
6.96,133.1,903.4,3.629,172.6,0.00384,0.00136,11,Trung bình
8.1,206.6,114.4,1.883,203.5,0.00444,0.00104,15,Tốt
6.97,94.4,327.3,0.822,199.3,0.00398,0.00078,21,Tốt
7.26,185.0,474.0,1.759,1226.3,0.04203,0.0003,16,Nguy hiểm
7.88,154.0,115.4,1.532,66.3,0.00733,0.00126,17,Tốt
7.73,360.9,958.8,1.19,126.9,0.00254,0.00342,2,Trung bình
6.24,150.1,2125.0,0.511,154.3,0.03322,0.00812,11,Kém
7.41,187.7,471.3,1.091,87.1,0.00571,0.00126,8,Tốt
7.13,124.7,196.0,0.051,195.9,0.15568,0.00739,746,Nguy hiểm
6.83,125.4,277.2,0.58,182.5,0.00342,0.00122,5,Tốt
6.71,204.0,438.9,0.533,196.7,0.00343,0.00045,20,Tốt
6.89,164.5,309.1,0.655,173.8,0.00067,0.00073,7,Tốt
9.01,152.7,499.0,1.195,44.1,0.00251,0.00309,88,Trung bình
6.34,619.9,184.0,0.486,138.9,0.00691,0.02356,4763,Nguy hiểm
10.23,547.7,1871.9,1.02,176.5,0.00276,0.00032,20,Kém
7.41,790.0,467.2,0.924,732.9,0.15862,0.00045,22,Nguy hiểm
6.03,215.1,837.7,0.048,168.8,0.00531,0.00041,15,Trung bình
8.65,169.3,732.8,1.746,40.9,0.01055,0.00121,5,Trung bình
10.88,973.4,1984.2,1.971,108.0,0.00743,0.00089,2,Nguy hiểm
8.1,671.4,354.6,0.569,522.7,0.00754,0.00626,11,Kém
7.05,126.2,496.0,0.775,97.5,0.00137,0.0002,19,Tốt
8.12,329.9,171.8,1.625,98.5,0.0105,0.00128,23,Trung bình
7.9,186.1,89.1,1.698,78.3,0.00317,0.00111,18,Tốt
6.76,581.6,1650.0,4.197,681.3,0.01613,0.00135,10,Kém
7.02,639.1,2901.6,1.596,133.4,0.00536,0.00015,2567,Nguy hiểm
7.91,127.9,178.8,0.518,149.7,0.00013,0.00045,6,Tốt
7.43,123.7,2071.7,4.481,535.6,0.00796,0.001,120,Kém
6.71,118.4,136.8,1.774,646.8,0.02392,0.0088,682,Kém
7.67,131.8,471.1,0.772,203.5,0.07813,0.01751,341,Nguy hiểm
6.39,105.4,493.9,0.615,1094.8,0.00213,0.00144,1743,Nguy hiểm
7.36,176.8,263.1,0.907,1301.9,0.00544,0.00093,2452,Nguy hiểm
6.08,166.1,917.3,1.562,165.7,0.00378,0.00225,18,Trung bình
5.15,89.8,955.5,0.757,826.4,0.04315,0.0011,593,Kém
6.22,141.9,438.0,3.416,208.8,0.00706,0.00132,11,Trung bình
7.18,176.5,986.7,3.218,88.3,0.00544,0.00104,2,Trung bình
7.5,610.9,355.9,1.859,554.3,0.01991,0.00716,19,Kém
7.27,110.4,185.9,0.666,212.8,0.00533,0.00118,17,Tốt
7.08,211.7,361.4,0.494,49.7,0.0057,0.00147,9,Tốt
7.03,194.5,188.9,0.884,65.9,0.00775,0.00029,11,Tốt
6.2,179.3,350.1,0.061,216.2,0.01339,0.00077,1,Trung bình
7.03,103.3,356.2,1.283,132.1,0.00132,0.0009,22,Tốt
7.94,396.0,491.2,3.547,58.3,0.004,0.00335,14,Trung bình
7.6,176.3,901.0,3.862,211.2,0.00397,0.00053,6,Trung bình
8.05,116.7,461.9,0.887,98.9,0.01296,0.00252,111,Trung bình
6.4,101.2,443.6,3.328,187.7,0.00362,0.00064,7,Trung bình
7.62,80.0,126.8,1.356,192.8,0.00444,0.00031,12,Tốt
7.49,152.8,366.6,3.707,412.9,0.00108,0.00289,9,Trung bình
5.2,519.7,1857.7,0.54,66.7,0.00462,0.00096,10,Kém
7.26,90.6,437.2,1.933,111.0,0.00545,0.00145,17,Tốt
7.57,416.0,834.3,0.916,191.1,0.005,0.00336,11,Trung bình
7.69,322.3,365.4,0.715,194.0,0.03776,0.0188,73,Nguy hiểm
7.46,87.3,224.2,1.354,152.5,0.00611,9e-05,24,Tốt
7.09,104.8,180.3,0.419,186.8,0.00013,0.00062,4,Tốt
8.84,100.6,351.5,1.065,374.8,0.00132,0.00042,13,Trung bình
7.9,199.3,444.4,0.867,61.0,0.00733,0.00125,15,Tốt
6.32,147.6,320.1,1.678,113.4,0.01079,0.00072,7,Trung bình
7.62,331.7,413.7,0.669,84.7,0.01084,0.0003,18,Trung bình
8.09,140.6,205.5,1.979,130.4,0.00756,0.00109,3,Tốt
7.55,159.8,100.4,0.971,159.3,0.00137,0.00044,5,Tốt
8.02,379.9,363.8,1.991,282.0,0.00196,0.00367,3,Trung bình
7.71,122.3,240.4,1.407,159.7,0.00066,0.00036,16,Tốt
5.23,147.8,2145.2,0.362,787.5,0.00197,8e-05,10,Kém
7.26,103.6,1078.8,9.995,347.5,0.00569,0.00143,5,Nguy hiểm
8.76,624.1,364.4,0.585,611.4,0.02927,0.00017,1,Kém
6.95,141.7,281.8,1.805,94.6,0.00074,0.00116,23,Tốt
5.3,199.1,212.3,4.22,1236.9,0.08242,0.00138,23,Nguy hiểm
6.73,92.1,241.7,0.521,63.3,0.00786,0.00096,3,Tốt
6.78,154.8,456.7,5.729,74.2,0.17956,0.00071,146,Nguy hiểm
7.76,185.6,847.9,1.88,121.0,0.01276,0.00225,4,Trung bình
5.29,179.6,1670.1,1.812,758.4,0.0033,0.00108,17,Kém
6.3,88.7,140.1,6.301,1140.6,0.00543,0.02528,15,Nguy hiểm
8.56,96.3,455.0,1.229,137.9,0.00398,0.00092,142,Trung bình
10.24,200.8,403.9,4.762,341.0,0.00138,0.0072,2,Kém
9.72,643.1,415.6,4.538,107.7,0.00574,0.00317,762,Kém
9.71,511.8,103.6,1.475,521.3,0.00042,0.0033,20,Kém
7.97,83.5,1096.8,3.164,78.5,0.01228,0.00116,3,Trung bình
9.97,179.8,123.0,4.559,827.9,0.00261,0.00644,7,Kém
5.21,536.1,748.4,1.746,729.0,0.03154,0.00033,3,Kém
6.25,331.6,782.6,0.722,73.0,0.0048,0.00118,6,Trung bình
7.06,909.9,292.8,0.98,1215.6,0.00515,0.00019,2464,Nguy hiểm
10.27,195.8,173.7,4.78,723.1,0.0052,0.00833,15,Kém
6.92,99.4,889.6,1.446,179.1,0.00056,0.00293,1,Trung bình
7.06,931.0,2321.1,7.028,65.8,0.00514,0.005,9,Nguy hiểm
7.54,117.1,424.0,1.723,135.9,0.0,0.00049,6,Tốt
8.17,104.5,185.7,1.325,212.1,0.00558,0.00071,9,Tốt
6.7,186.6,370.8,0.342,1304.0,0.00551,0.0149,6,Nguy hiểm
7.13,132.5,173.5,1.018,49.9,0.00205,9e-05,1,Tốt
7.82,172.0,210.5,4.269,120.9,0.04263,0.00672,461,Kém
9.08,392.4,382.8,1.249,151.2,0.00769,0.0036,13,Trung bình
8.8,157.2,434.3,1.074,354.5,0.00265,0.0033,7,Trung bình
8.14,172.3,2860.3,7.277,112.2,0.00374,0.00058,88,Nguy hiểm
7.0,143.7,100.6,1.626,182.4,0.00758,0.00083,20,Tốt
11.08,122.1,116.9,0.71,77.9,0.01304,0.00027,8,Nguy hiểm
6.82,662.9,396.7,0.804,120.6,0.00086,0.00468,554,Kém
6.85,219.9,748.1,1.01,66.8,0.012,0.00098,15,Trung bình
9.96,105.6,367.2,7.305,82.0,0.0025,0.00025,159,Nguy hiểm
10.01,199.2,2589.4,0.718,357.0,0.00224,0.03045,10,Nguy hiểm
7.7,188.0,1018.5,0.688,40.1,0.00764,0.00137,83,Trung bình
7.72,138.4,250.1,1.815,368.0,0.01434,0.00069,5,Trung bình
7.99,184.0,331.9,1.172,128.9,0.0028,0.00028,5,Tốt
7.55,81.5,241.8,0.854,123.2,0.0055,0.00025,21,Tốt
9.82,150.0,2490.1,1.642,199.0,0.00155,0.01936,24,Nguy hiểm
11.35,142.8,243.9,8.307,193.0,0.00238,0.00092,18,Nguy hiểm
7.41,130.7,450.9,0.909,115.5,0.01122,0.00049,91,Trung bình
7.14,171.9,106.7,7.985,181.8,0.00252,0.01428,8,Nguy hiểm
8.0,119.3,487.5,1.15,87.6,0.00385,0.00012,11,Tốt
7.55,166.7,1053.8,0.047,87.7,0.00579,0.00025,118,Trung bình
7.37,146.9,972.5,0.034,48.5,0.00083,0.00081,128,Trung bình
4.8,127.6,329.1,1.427,574.5,0.00412,0.04752,24,Nguy hiểm
8.02,599.5,409.9,4.471,574.7,0.00773,0.00459,24,Kém
7.71,93.3,377.4,0.327,286.7,0.01089,1e-05,20,Trung bình
4.19,174.9,366.2,4.902,184.1,0.04174,0.00069,65,Nguy hiểm
6.83,179.4,426.7,0.78,110.2,0.01437,0.0037,167,Trung bình
7.57,163.4,262.6,1.721,644.5,0.17112,0.00132,256,Nguy hiểm
9.63,176.7,1691.4,0.467,738.7,0.00106,0.00067,789,Kém
7.24,591.5,1627.9,4.785,179.0,0.00592,0.00772,21,Kém
6.84,218.7,1995.1,0.822,1310.6,0.00216,0.01432,4,Nguy hiểm
7.37,581.5,448.4,6.309,58.5,0.00643,0.03807,19,Nguy hiểm
7.86,154.6,421.9,1.06,191.7,0.00561,0.00081,19,Tốt
8.19,186.6,345.7,0.436,57.7,0.00189,0.00066,5,Tốt
11.64,179.3,462.9,0.599,208.7,0.05548,0.00039,20,Nguy hiểm
7.56,212.9,368.5,0.838,158.3,0.00333,0.0012,5,Tốt
7.28,136.9,485.7,1.237,125.2,0.00208,0.00147,9,Tốt
7.65,108.8,241.9,1.187,115.0,0.00521,0.00068,6,Tốt
3.79,209.2,337.2,0.922,161.8,0.01271,0.00331,1,Nguy hiểm
8.14,598.3,257.5,1.459,202.4,0.10111,0.00059,19,Nguy hiểm
7.08,363.3,317.0,0.362,124.3,0.00375,0.0028,60,Trung bình
8.0,89.1,1064.9,1.365,309.0,0.01416,0.00127,1,Trung bình
7.6,89.6,275.4,7.695,129.7,0.00292,0.03069,20,Nguy hiểm
8.01,156.5,347.2,1.798,364.5,0.01398,0.00054,13,Trung bình
7.45,147.5,387.0,3.134,69.6,0.00429,0.00295,16,Trung bình
10.09,538.4,1813.5,1.073,78.5,0.00789,0.0011,147,Kém
7.35,180.0,159.7,1.462,60.2,0.00771,0.00012,16,Tốt
8.9,100.0,438.5,0.078,195.9,0.01206,0.00042,18,Trung bình
7.8,313.2,144.2,0.81,378.9,0.00796,0.00129,14,Trung bình
7.28,178.6,220.6,4.698,692.8,0.03966,0.00847,16,Kém
4.88,202.4,83.4,9.342,641.4,0.00086,0.0014,20,Nguy hiểm
11.75,123.9,133.9,1.554,53.1,0.01644,1e-05,18,Nguy hiểm
7.6,155.5,110.5,0.881,336.4,0.0006,0.00316,92,Trung bình
7.01,202.0,1538.3,4.314,664.9,0.04057,0.00034,3,Kém
7.05,116.6,226.5,0.758,54.2,0.00081,0.0004,9,Tốt
7.35,173.4,237.3,1.999,208.0,0.00576,0.00147,2,Tốt
7.81,193.3,365.7,4.232,574.7,0.00475,0.00746,536,Kém
6.83,141.4,423.0,0.913,118.9,0.00626,0.00039,10,Tốt
8.16,108.4,428.0,1.518,299.1,0.00552,0.00225,107,Trung bình
7.92,80.2,831.6,0.03,46.1,0.01374,0.0007,19,Trung bình
7.28,98.7,388.4,0.826,163.3,0.00348,0.00052,14,Tốt
11.3,512.7,3159.4,1.727,111.6,0.00256,0.00031,4329,Nguy hiểm
11.01,172.1,129.2,6.272,358.4,0.00389,0.00039,22,Nguy hiểm
9.03,95.2,237.6,4.708,104.5,0.01079,0.01988,5,Nguy hiểm
7.56,176.0,102.5,0.381,79.0,0.00265,0.00021,6,Tốt
7.4,511.2,1880.9,0.93,688.0,0.00591,0.00067,671,Kém
7.64,603.2,173.1,1.486,91.1,0.18352,0.00059,7,Nguy hiểm
7.89,200.5,390.9,1.915,705.2,0.02548,0.00078,248,Kém
8.01,201.7,293.1,1.249,117.0,0.0061,0.00145,1,Tốt
6.89,102.5,434.6,4.785,44.0,0.01805,0.00457,788,Kém
8.87,192.2,192.2,0.034,113.5,0.01202,0.00032,15,Trung bình
6.76,678.3,366.3,4.296,214.0,0.00539,0.00733,596,Kém
6.03,89.9,813.6,0.651,105.6,0.0004,0.00309,20,Trung bình
7.47,210.1,911.7,3.148,136.3,0.00246,0.0013,169,Trung bình
7.01,139.2,285.3,1.031,189.8,0.00302,0.00075,21,Tốt
5.21,670.4,479.8,1.051,46.9,0.00249,0.00059,371,Kém
6.79,206.1,716.7,4.077,53.8,0.00775,0.00031,154,Trung bình
8.05,528.2,157.1,0.024,130.3,0.00051,0.02494,473,Nguy hiểm
6.78,150.4,360.8,1.877,99.8,0.01272,0.00056,151,Trung bình
11.01,149.2,232.1,1.731,44.8,0.00719,0.00069,121,Nguy hiểm
10.17,118.9,1512.8,1.327,849.8,0.00572,0.0004,362,Kém
7.32,411.1,264.0,0.785,176.8,0.00301,0.00353,15,Trung bình
8.15,309.1,256.7,0.642,1204.1,0.09032,0.01468,20,Nguy hiểm
9.94,157.8,417.6,4.556,140.2,0.02936,0.0058,9,Kém
8.04,132.1,319.6,1.811,84.1,0.00183,0.00103,21,Tốt
7.88,215.2,148.6,0.671,141.5,0.01376,0.00301,156,Trung bình
7.84,90.8,819.3,0.664,116.5,0.01358,0.00103,5,Trung bình
7.47,963.6,178.9,1.327,128.1,0.11493,0.02849,2324,Nguy hiểm
8.7,340.2,360.4,1.388,182.2,0.01068,0.00059,18,Trung bình
6.16,177.0,379.7,1.427,158.3,0.01347,0.00144,24,Trung bình
7.9,95.7,1774.1,1.61,816.5,0.00477,0.00054,540,Kém
9.7,155.1,1688.4,4.746,532.2,0.0075,0.00016,23,Kém
8.17,881.1,156.2,0.022,1185.4,0.01412,0.00104,10,Nguy hiểm
7.72,172.8,742.7,1.345,65.7,0.01425,0.00249,8,Trung bình
5.22,133.8,179.4,1.292,695.8,0.02263,0.00311,541,Kém
6.78,175.9,766.2,1.305,80.4,0.01338,0.00044,160,Trung bình
7.02,153.5,450.9,0.029,1196.7,0.00458,0.03752,4846,Nguy hiểm
9.77,100.6,1591.2,1.123,780.6,0.00174,0.00088,8,Kém
6.92,165.2,92.1,3.273,215.6,0.00164,0.00345,85,Trung bình
5.44,155.2,755.2,0.932,623.0,0.00359,0.00509,13,Kém
6.9,87.3,286.7,1.673,199.8,0.00601,0.00124,1,Tốt
11.2,187.6,112.8,1.538,72.6,0.00798,0.00139,1885,Nguy hiểm
4.3,172.7,2661.0,1.566,51.0,0.00574,0.00137,4249,Nguy hiểm
7.06,135.7,1873.1,4.851,205.9,0.01978,0.0002,330,Kém
7.55,163.2,454.5,1.865,48.1,0.00779,0.00014,14,Tốt
7.67,205.7,1051.4,1.594,111.2,0.01369,0.00298,14,Trung bình
10.78,154.7,1739.8,0.586,212.6,0.00509,0.01909,746,Nguy hiểm
7.68,132.8,464.3,1.615,140.8,0.00743,0.00088,4,Tốt
7.19,110.1,309.4,0.055,143.3,0.01199,0.00104,70,Trung bình
6.85,520.4,945.1,4.649,191.7,0.00458,0.02728,2,Nguy hiểm
8.58,89.0,2154.3,4.223,84.0,0.00489,0.00594,214,Kém
6.36,210.1,973.9,1.731,100.1,0.00157,0.00022,1776,Nguy hiểm
6.28,130.4,157.1,4.806,104.3,0.15925,0.0006,14,Nguy hiểm
3.76,219.9,168.2,0.915,839.1,0.01641,0.00131,1,Nguy hiểm
5.4,170.9,1850.7,1.44,756.9,0.04156,0.00082,9,Kém
7.25,205.4,1949.2,1.863,543.0,0.02395,0.00859,25,Kém
7.67,136.7,119.8,1.091,174.8,0.00533,0.00031,15,Tốt
5.11,585.4,422.6,4.648,628.8,0.012,0.00103,0,Kém
8.8,84.2,127.1,4.813,136.9,0.00094,0.00532,862,Kém
6.84,386.4,931.9,0.746,45.2,0.00104,0.00017,141,Trung bình
8.13,166.2,431.3,1.545,104.5,0.00369,0.00107,20,Tốt
7.78,345.6,420.9,1.162,1209.1,0.00054,0.00142,170,Nguy hiểm
7.29,349.8,351.8,1.954,125.2,0.13019,0.00083,2288,Nguy hiểm
5.19,398.8,159.9,4.922,122.9,0.02861,0.0068,14,Kém
7.31,173.8,399.0,1.788,1327.5,0.0229,0.00845,14,Nguy hiểm
8.74,160.9,462.7,0.06,208.8,0.00282,0.0027,5,Trung bình
7.13,84.8,860.0,1.984,360.9,0.00162,0.00063,10,Trung bình
8.04,693.0,328.3,6.481,62.7,0.00544,0.00074,1255,Nguy hiểm
6.33,210.9,289.6,0.062,139.0,0.01173,0.00101,9,Trung bình
7.93,166.4,103.9,1.425,91.3,0.00692,0.00271,117,Trung bình
7.1,612.8,2027.9,4.767,639.1,0.00674,0.0013,11,Kém
7.63,191.4,97.1,1.134,211.0,0.0011,0.00063,3,Tốt
9.95,176.4,1526.8,4.468,110.8,0.00473,0.00856,17,Kém
7.25,204.0,167.5,4.525,77.6,0.00179,0.02342,19,Nguy hiểm
7.12,136.8,201.1,1.005,178.8,0.00715,0.00126,3,Tốt
6.98,173.7,317.4,1.375,174.1,0.00546,0.00149,1,Tốt
6.91,197.3,777.2,0.601,273.5,0.01113,0.00144,1,Trung bình
9.75,124.5,238.2,0.644,345.6,0.0035,0.03391,390,Nguy hiểm
8.65,310.7,987.8,1.392,165.8,0.00249,0.00136,3,Trung bình
8.04,199.9,420.0,1.169,43.2,0.00424,0.00078,3,Tốt
7.5,725.5,191.6,1.028,1286.4,0.00592,0.00034,523,Nguy hiểm
7.73,408.9,111.7,1.849,48.1,0.01254,0.0004,4,Trung bình
7.34,373.3,398.9,0.534,200.8,0.0126,0.00025,19,Trung bình
9.81,171.6,158.3,4.698,799.2,0.00406,0.00278,0,Kém
6.87,126.4,146.3,0.455,1258.5,0.00483,0.00275,111,Nguy hiểm
7.75,126.5,215.1,0.817,159.8,0.00294,0.00071,18,Tốt
5.26,145.1,1521.0,0.894,106.7,0.04207,0.0001,12,Kém
6.85,192.2,353.1,0.554,118.8,0.00559,0.03699,765,Nguy hiểm
7.38,161.5,147.3,0.458,113.0,0.00701,0.00122,12,Tốt
6.85,99.3,945.5,0.753,155.7,0.01382,0.00032,101,Trung bình
5.31,157.0,1872.5,1.714,105.6,0.00725,0.00467,566,Kém
6.83,191.4,443.7,1.704,215.8,0.00752,0.00073,17,Tốt
8.04,847.8,2536.3,0.664,165.0,0.00518,0.00034,2583,Nguy hiểm
7.97,140.4,1691.2,1.487,1258.6,0.0025,4e-05,24,Nguy hiểm
7.16,209.9,257.0,4.632,517.0,0.01374,0.00087,529,Kém
3.86,162.6,987.7,0.673,193.7,0.00754,0.00312,3,Nguy hiểm
7.7,114.5,364.7,1.7,415.1,0.01122,0.00137,15,Trung bình
7.47,401.1,345.6,1.667,340.3,0.00338,0.00121,16,Trung bình
5.26,107.1,192.7,0.382,176.7,0.04138,0.00107,784,Kém
8.9,672.8,126.4,8.005,132.2,0.09735,0.00077,21,Nguy hiểm
6.18,339.3,359.9,0.318,61.3,0.00483,0.0003,118,Trung bình
7.7,863.1,265.3,5.973,524.9,0.14124,0.00042,13,Nguy hiểm
6.91,211.4,767.8,4.122,342.7,0.00058,0.00017,23,Trung bình
7.1,117.2,751.3,1.353,188.8,0.00207,0.00287,3,Trung bình
9.75,161.4,123.9,0.642,127.4,0.03584,0.00747,20,Kém
7.54,157.9,459.5,1.276,151.6,0.00509,0.0013,14,Tốt
7.55,382.3,1074.7,0.678,189.9,0.00069,0.00124,15,Trung bình
6.73,189.2,297.8,1.629,185.3,0.0079,0.00096,5,Tốt
7.3,216.8,368.7,0.433,160.6,0.00467,0.00144,0,Tốt
6.82,146.2,189.9,1.611,219.1,0.00358,0.00362,179,Trung bình
7.5,131.1,442.5,9.748,151.5,0.00681,0.02549,4,Nguy hiểm
7.28,108.0,327.7,0.459,108.3,0.00629,0.00042,3,Tốt
4.01,808.5,145.8,1.136,115.2,0.00452,0.00063,11,Nguy hiểm
7.9,170.4,269.2,4.41,45.3,0.02279,0.00616,380,Kém
7.54,108.2,280.6,0.673,160.6,0.00574,0.00087,20,Tốt
7.88,183.0,483.8,1.905,136.1,0.00681,0.00025,15,Tốt
7.97,89.1,380.3,7.453,164.5,0.00237,0.00031,4379,Nguy hiểm
7.1,395.4,381.8,1.922,87.1,0.00634,0.04713,23,Nguy hiểm
11.13,362.0,374.0,6.595,61.9,0.00593,0.00355,13,Nguy hiểm
7.58,181.7,388.5,9.493,70.9,0.00045,0.03859,2,Nguy hiểm
6.95,204.1,104.8,1.549,40.9,0.00693,0.00113,13,Tốt
6.07,90.0,437.1,1.128,212.7,0.0066,0.00325,143,Trung bình
5.33,384.2,290.3,7.824,659.4,0.00389,0.00081,1,Nguy hiểm
10.0,99.7,385.1,1.352,648.0,0.00567,0.00291,361,Kém
6.7,209.7,82.3,1.413,373.3,0.01373,0.00085,8,Trung bình
7.01,108.8,2254.3,4.062,1254.5,0.00397,0.03401,6,Nguy hiểm
7.67,133.7,920.3,1.508,394.7,0.00276,0.00099,147,Trung bình
4.45,129.7,410.1,0.538,369.5,0.00287,0.00771,14,Nguy hiểm
10.28,187.8,81.2,0.57,656.0,0.00148,0.00835,439,Kém
9.04,217.6,1037.4,1.365,59.2,0.00305,0.00013,17,Trung bình
11.31,91.1,396.3,0.371,214.1,0.00408,0.00589,3978,Nguy hiểm
7.04,111.0,485.2,0.401,218.0,0.00501,0.00109,6,Tốt
8.04,161.8,468.3,1.232,126.0,0.00399,0.00035,7,Tốt
7.8,373.3,898.7,1.313,42.1,0.00039,7e-05,18,Trung bình
7.46,426.0,188.1,0.357,211.8,0.00317,0.00227,10,Trung bình
7.02,562.7,1541.8,1.303,671.6,0.00796,0.00128,474,Kém
7.7,185.1,245.0,1.748,162.8,0.01338,0.00107,139,Trung bình
6.72,166.0,89.4,0.591,210.8,0.0069,0.00109,14,Tốt
7.59,836.3,480.7,1.444,1330.6,0.00522,0.00032,111,Nguy hiểm
7.39,688.1,2056.4,0.42,623.6,0.00628,0.0027,341,Kém
7.63,187.0,406.9,0.347,163.0,0.00225,0.00086,14,Tốt
7.1,114.3,416.8,4.03,277.8,0.0054,0.0013,4,Trung bình
5.14,216.4,1823.5,4.837,827.6,0.00421,0.00118,2,Kém
5.12,202.2,1595.5,1.15,163.6,0.00766,0.00708,214,Kém
7.33,185.4,425.6,1.859,572.3,0.09974,0.001,16,Nguy hiểm
11.15,192.6,1901.9,0.303,142.8,4e-05,0.03202,3165,Nguy hiểm
8.19,179.4,174.0,0.832,112.9,0.00458,0.00102,22,Tốt
7.24,128.4,455.4,0.078,207.9,0.00453,0.0026,18,Trung bình
7.43,160.1,724.3,0.039,138.9,0.00412,0.00023,1387,Nguy hiểm
7.85,172.4,206.8,0.652,84.7,0.00019,0.00037,22,Tốt
7.23,526.0,2042.7,1.7,137.5,0.00352,0.00897,793,Kém
8.6,109.0,2668.5,6.853,1099.3,0.00237,0.00089,7,Nguy hiểm
8.57,86.3,102.2,0.573,180.5,0.00749,0.00302,25,Trung bình
8.73,689.4,225.9,4.447,726.6,0.0286,0.00074,13,Kém
8.62,93.2,294.0,3.462,347.3,0.00458,0.00015,6,Trung bình
7.06,182.9,902.6,0.057,65.4,0.00443,0.00359,13,Trung bình
7.55,86.6,498.8,1.302,194.8,0.00079,0.00096,12,Tốt
8.18,575.7,1688.4,4.774,525.1,0.00292,0.00045,12,Kém
7.65,90.3,427.4,1.889,68.4,0.00282,0.00065,19,Tốt
6.92,156.5,463.1,1.496,67.0,0.00444,0.00099,7,Tốt
8.03,394.2,1808.2,1.366,124.6,0.00657,0.00532,885,Kém
7.18,82.6,2100.3,4.422,137.5,0.02241,0.00834,20,Kém
7.63,193.7,2186.2,4.872,624.5,0.0417,0.00054,9,Kém
8.0,94.1,85.2,0.052,204.7,0.00432,0.00314,136,Trung bình
6.75,661.6,1926.0,1.345,183.8,0.04383,0.00039,115,Kém
7.46,213.2,116.9,1.123,136.2,0.00036,0.00069,22,Tốt
7.8,218.3,358.4,0.67,203.3,0.00218,3e-05,1,Tốt
7.31,123.6,356.8,6.591,128.0,0.00013,0.02071,1165,Nguy hiểm
7.82,133.9,128.3,1.134,274.3,0.00732,0.00259,2,Trung bình
7.36,213.9,273.4,1.982,202.6,0.00298,0.00111,9,Tốt
6.93,211.0,163.2,1.196,206.6,0.00243,0.00106,2,Tốt
7.27,194.7,383.6,1.852,135.9,0.00531,0.00137,2,Tốt
9.0,147.8,85.6,1.836,649.4,0.01656,0.00047,784,Kém
6.76,126.0,360.1,1.074,178.4,0.00202,0.00014,7,Tốt
8.11,92.9,92.1,1.395,96.0,0.00318,0.00064,17,Tốt
7.39,187.5,1094.0,0.69,203.9,0.00321,0.00243,16,Trung bình
7.82,123.4,366.5,0.044,124.1,0.00048,0.0013,65,Trung bình
6.96,175.2,230.6,1.218,46.4,0.00743,0.00087,9,Tốt
7.37,173.2,955.2,1.713,49.8,0.01053,0.0009,22,Trung bình
6.17,107.9,389.9,1.294,366.8,0.001,0.00016,12,Trung bình
5.39,209.6,450.6,1.85,543.9,0.00165,0.008,656,Kém
9.64,183.1,1683.4,1.161,42.0,0.01437,0.00655,316,Kém
6.97,193.6,852.3,3.426,219.3,0.01299,0.00037,5,Trung bình
8.16,97.8,479.9,1.335,51.4,0.00783,0.00119,11,Tốt
7.58,673.6,1830.7,1.617,96.9,0.02214,0.00039,22,Kém
6.11,185.6,722.4,0.538,143.8,0.00635,0.00124,131,Trung bình
7.17,365.1,1609.4,0.828,753.8,0.03954,0.00085,1,Kém
7.46,545.0,177.6,4.513,213.9,0.04363,0.00823,22,Kém
10.24,163.2,400.4,1.865,1331.7,0.00347,0.00046,13,Nguy hiểm
7.35,166.8,1709.4,1.663,175.9,0.00236,0.00029,1666,Nguy hiểm
8.01,196.7,2285.7,0.463,64.1,0.00182,0.02671,16,Nguy hiểm
6.15,179.9,97.0,3.282,359.8,0.00632,0.00117,22,Trung bình
7.02,106.5,756.2,0.475,707.7,0.02784,0.00549,895,Kém
8.14,112.3,1662.1,0.993,848.9,0.00555,0.00899,263,Kém
9.7,132.4,294.5,1.137,149.2,0.03271,0.00673,20,Kém
7.41,216.8,107.5,3.681,353.9,0.00586,0.00064,15,Trung bình
8.74,411.3,146.9,9.163,205.6,0.01233,0.00025,24,Nguy hiểm
10.29,97.8,319.7,3.563,150.0,0.04169,0.0082,0,Kém
7.45,206.5,480.3,0.304,44.5,0.00495,0.00103,16,Tốt
7.0,185.9,1790.0,7.242,78.3,0.02617,0.00131,4283,Nguy hiểm
7.88,163.6,325.5,0.811,191.8,0.00515,0.00011,14,Tốt
5.26,521.1,2048.9,1.616,160.6,0.03641,0.00148,19,Kém
7.57,87.0,318.6,1.554,74.8,0.00749,0.00124,24,Tốt
7.77,97.4,251.6,1.968,400.2,0.01254,0.00028,21,Trung bình
7.17,192.8,1636.1,4.867,107.3,0.00157,0.00897,629,Kém
7.78,218.8,278.8,1.777,844.9,0.00656,0.00086,4209,Nguy hiểm
7.09,154.6,489.4,0.844,175.7,0.00355,0.00289,66,Trung bình
6.92,155.3,193.0,1.567,180.3,0.00582,0.00095,0,Tốt
8.61,155.9,778.9,0.474,123.0,0.00599,0.00096,2,Trung bình
6.83,95.0,1617.5,0.931,129.5,0.02141,0.00034,515,Kém
7.59,177.9,420.7,0.954,109.0,0.00397,2e-05,7,Tốt
7.27,106.0,2073.9,1.147,701.1,0.02068,0.00084,326,Kém
7.95,175.4,382.8,1.434,146.3,0.00206,0.0002,18,Tốt
6.8,113.2,992.7,0.046,68.7,0.01168,0.00146,3,Trung bình
6.78,93.4,464.8,7.372,54.7,0.00619,0.00087,3962,Nguy hiểm
6.07,173.9,343.4,1.897,112.7,0.00772,0.00374,18,Trung bình
7.88,162.0,314.5,1.037,404.2,0.01101,0.00055,10,Trung bình
6.02,175.1,351.3,0.041,138.4,0.00745,0.00293,9,Trung bình
7.8,110.3,1053.7,1.621,271.8,0.00594,0.00054,129,Trung bình
7.53,106.4,181.3,1.039,129.8,0.00719,6e-05,9,Tốt
8.01,668.6,1610.0,4.488,131.1,0.0282,0.001,5,Kém
7.71,180.8,2009.4,4.621,184.3,0.00654,0.0085,618,Kém
6.81,185.8,221.6,0.529,167.9,0.0006,0.00055,2,Tốt
6.73,89.1,234.9,1.788,124.5,0.01147,0.02995,20,Nguy hiểm
6.94,157.8,454.7,4.873,758.1,0.00459,0.00786,503,Kém
7.49,516.6,1830.6,1.53,171.3,0.00016,0.00294,242,Kém
6.07,93.4,472.1,1.85,124.4,0.00118,0.00337,174,Trung bình
4.15,197.9,251.0,1.999,827.4,0.00697,0.0001,1693,Nguy hiểm
7.75,196.9,826.9,1.932,155.9,0.01258,0.00055,3,Trung bình
7.75,209.4,365.7,1.425,77.3,0.00317,0.00079,13,Tốt
7.53,119.0,204.1,0.438,153.8,0.02703,0.00568,535,Kém
7.93,653.5,87.1,4.615,188.6,0.02688,0.00625,23,Kém
6.88,598.1,374.9,1.797,55.5,0.0057,0.0367,20,Nguy hiểm
7.95,80.5,213.3,0.899,73.0,0.0024,5e-05,3,Tốt
6.73,416.7,908.7,0.948,77.9,0.00399,0.00124,2,Trung bình
6.78,146.7,187.9,0.063,188.0,0.0048,0.001,80,Trung bình
7.42,142.0,404.0,1.159,51.7,0.00218,0.00091,25,Tốt
7.85,612.5,164.0,4.212,100.3,0.0057,0.00854,846,Kém
7.95,188.1,477.6,0.736,1277.4,0.0064,0.00109,725,Nguy hiểm
7.57,139.2,181.3,1.049,164.6,0.00217,0.00021,22,Tốt
8.01,108.8,478.3,1.921,169.0,0.00371,0.00021,15,Tốt
7.95,185.7,2015.9,0.882,539.9,0.04469,0.00135,503,Kém
7.67,162.5,985.3,0.867,54.1,0.00357,0.0,78,Trung bình
7.21,140.1,200.8,1.244,112.2,0.00667,0.00089,14,Tốt
5.43,121.0,419.3,1.995,215.1,0.0034,0.00082,2921,Nguy hiểm
6.94,177.5,2559.3,0.568,535.0,0.00448,0.04035,90,Nguy hiểm
7.48,393.9,108.7,0.08,162.8,0.00663,0.00241,17,Trung bình
6.86,193.6,253.2,0.938,146.9,0.01271,0.0007,110,Trung bình
6.92,212.2,457.4,6.409,137.1,0.00666,0.0005,455,Nguy hiểm
8.09,180.5,487.1,0.852,162.5,0.00437,0.00075,14,Tốt
8.12,98.0,418.6,1.225,114.9,0.00503,0.00131,14,Tốt
7.21,192.2,251.0,0.343,204.8,0.00412,0.03473,463,Nguy hiểm
7.74,400.6,490.3,4.121,199.8,0.00504,0.00079,67,Trung bình
7.29,205.6,1016.0,0.934,298.1,0.01394,0.0004,24,Trung bình
7.6,120.6,2525.9,1.155,805.8,0.17396,0.00052,328,Nguy hiểm
7.07,143.9,459.2,0.711,188.7,0.00778,0.00036,6,Tốt
7.2,126.2,214.2,1.552,66.7,0.00197,0.00022,6,Tốt
7.92,170.4,878.3,1.965,62.1,0.00649,0.00024,145,Trung bình
6.91,215.1,301.7,0.309,121.3,0.0061,0.00098,11,Tốt
8.14,134.8,181.1,1.009,179.5,0.00512,0.00041,25,Tốt
7.35,100.5,453.1,1.707,153.9,0.00152,0.00119,6,Tốt
6.97,102.1,365.2,1.675,62.8,0.00492,0.00059,25,Tốt
6.99,185.7,450.3,1.097,75.6,0.00307,0.001,8,Tốt
5.16,209.8,1519.6,0.391,770.5,0.04086,0.00062,5,Kém
7.03,114.8,232.3,0.784,175.2,0.00442,0.00118,5,Tốt
7.42,219.1,281.5,1.251,377.9,0.01421,0.00025,17,Trung bình
7.29,99.6,487.8,1.138,336.3,0.00112,0.00254,108,Trung bình
3.83,747.5,90.0,0.81,77.4,0.06093,0.00134,615,Nguy hiểm
7.4,193.0,335.2,0.991,44.9,0.00299,0.00018,0,Tốt
7.45,117.0,342.6,0.379,144.8,0.00785,0.00123,20,Tốt
8.94,183.3,896.5,1.219,177.8,0.00039,0.00074,11,Trung bình
7.29,120.2,2110.8,1.364,625.1,0.00694,0.00624,10,Kém
7.44,172.3,220.2,0.825,130.8,0.00089,0.00144,3,Tốt
7.25,316.1,1654.6,1.0,93.2,0.01844,0.00462,838,Kém
8.02,170.0,411.9,0.429,1331.0,0.00041,0.02501,1467,Nguy hiểm
7.98,176.3,399.2,9.348,847.4,0.00185,0.00078,13,Nguy hiểm
6.11,217.4,731.9,0.439,96.7,0.01382,0.00126,21,Trung bình
7.69,86.2,137.6,1.275,211.8,0.00624,0.0007,9,Tốt
8.17,189.0,133.9,1.501,212.7,0.00463,0.00141,4,Tốt
5.2,512.5,438.1,1.928,617.4,0.00613,0.00102,17,Kém
8.19,124.6,375.0,1.944,170.8,0.00391,0.00146,18,Tốt
7.53,125.6,333.9,1.218,72.8,0.00538,0.00095,16,Tốt
8.07,165.7,465.6,0.972,777.8,0.06967,0.04454,14,Nguy hiểm
7.17,377.7,123.6,1.215,178.6,0.00285,0.00115,88,Trung bình
7.78,96.2,162.4,2.0,179.4,0.00318,0.00104,3,Tốt
8.1,187.2,165.0,1.856,54.7,0.00323,0.00126,15,Tốt
6.25,98.6,1593.3,4.351,168.5,0.03827,0.00052,734,Kém
6.84,91.5,392.4,0.548,330.2,0.00182,0.00112,66,Trung bình
7.3,426.6,296.7,1.176,117.7,0.00462,0.00045,157,Trung bình
6.76,162.9,179.1,0.041,304.1,0.01211,0.00138,11,Trung bình
6.74,218.1,494.4,0.697,98.1,0.19051,0.00024,4163,Nguy hiểm
10.28,630.0,232.2,1.297,141.3,0.00292,0.02343,778,Nguy hiểm
7.27,159.5,122.7,0.398,1230.0,0.07439,0.00696,9,Nguy hiểm
7.25,123.1,1999.7,0.352,127.4,0.02373,0.00104,490,Kém
6.93,174.8,120.7,1.659,210.7,0.00113,0.00081,4,Tốt
7.42,202.9,193.1,1.116,87.1,0.0055,0.01259,140,Nguy hiểm
7.76,99.9,1514.2,1.597,782.6,0.00448,0.00588,471,Kém
6.84,141.4,495.1,0.062,44.4,0.01365,0.00122,13,Trung bình
7.96,206.9,271.0,1.086,133.9,0.00757,0.00079,24,Tốt
6.84,577.8,1779.4,4.501,791.5,0.00196,0.00134,131,Kém
7.74,188.0,2485.7,6.702,151.8,0.17323,0.00087,14,Nguy hiểm
7.26,567.1,207.5,0.531,1106.5,0.00405,0.00127,8,Nguy hiểm
7.39,131.4,176.8,0.433,208.3,0.00087,0.00228,95,Trung bình
7.9,112.7,165.2,0.758,201.2,0.00553,0.00108,9,Tốt
7.03,136.5,486.7,1.813,151.4,0.00671,0.00146,5,Tốt
7.6,151.3,1573.3,0.7,569.0,0.03441,0.00117,17,Kém
7.92,117.1,2929.6,1.973,71.2,0.13011,0.00101,1206,Nguy hiểm
7.45,684.1,317.5,4.5,565.6,0.00799,0.00012,314,Kém
7.82,122.8,297.7,0.8,83.4,0.00265,0.00134,4,Tốt
7.1,206.9,365.5,0.061,192.2,6e-05,0.00226,152,Trung bình
5.32,157.7,1517.9,1.689,95.2,0.00781,0.00564,762,Kém
7.24,108.0,160.4,1.163,194.7,0.00053,0.00107,4,Tốt
7.14,217.5,210.6,1.223,120.2,0.0033,0.00028,1,Tốt
7.56,205.3,714.3,8.58,131.6,0.00762,0.02504,67,Nguy hiểm
3.87,148.3,1912.7,0.773,214.0,0.12299,0.00083,19,Nguy hiểm
7.51,130.1,291.9,4.317,177.7,0.00194,0.01306,22,Nguy hiểm
5.28,156.1,1719.6,1.931,100.8,0.03883,0.00132,15,Kém
7.24,127.5,181.6,1.079,156.9,0.00209,0.00027,5,Tốt
7.09,179.2,332.4,4.648,101.2,0.07752,0.0009,175,Nguy hiểm
7.96,376.0,807.8,1.13,96.6,0.00116,0.00089,23,Trung bình
4.38,197.0,1513.4,1.352,134.1,0.00696,0.00315,3245,Nguy hiểm
8.94,181.0,139.9,0.658,138.2,0.00399,0.0023,15,Trung bình
7.67,197.3,241.6,0.446,66.2,0.03177,0.00825,343,Kém
7.04,99.3,118.6,6.403,195.8,0.00788,0.00148,2660,Nguy hiểm
6.9,129.0,354.4,0.944,199.5,0.004,0.00061,19,Tốt
8.15,214.9,346.8,0.332,103.3,0.00686,0.00014,10,Tốt
6.82,387.2,283.0,0.688,282.0,0.00033,2e-05,16,Trung bình
7.12,83.4,401.9,4.742,218.5,0.01741,0.00468,542,Kém
8.16,987.0,122.7,1.51,67.5,0.13246,0.00117,19,Nguy hiểm
11.98,123.4,779.3,0.688,179.9,0.00663,0.03634,111,Nguy hiểm
7.13,167.1,232.8,1.661,84.2,0.00062,0.00087,18,Tốt
8.65,187.8,166.8,0.707,191.2,0.01094,0.00051,114,Trung bình
9.76,176.9,381.2,7.878,97.4,0.00405,0.00037,1,Nguy hiểm
7.91,198.2,436.3,1.31,188.3,0.00431,0.001,18,Tốt
5.19,172.2,370.5,1.374,208.1,0.03384,0.00519,792,Kém
7.43,214.3,1567.0,0.563,1382.5,0.00303,0.00145,3168,Nguy hiểm
11.38,149.7,2012.2,8.108,147.6,0.17669,0.00017,23,Nguy hiểm
6.96,158.5,408.3,1.546,118.0,0.00593,0.00055,9,Tốt
6.84,135.7,153.7,1.556,98.9,0.00501,0.00064,2,Tốt
6.79,132.0,450.0,0.691,157.2,0.00468,0.0012,19,Tốt
6.3,199.2,283.8,1.348,188.3,0.00511,0.00282,0,Trung bình
5.25,605.0,430.2,0.773,743.2,0.00797,0.0009,1,Kém
7.04,188.4,242.7,3.744,177.4,0.19274,0.00145,2,Nguy hiểm
7.06,96.0,411.5,1.22,209.1,0.00669,0.00077,11,Tốt
7.41,140.9,413.3,0.545,127.1,0.00768,0.00113,7,Tốt
6.76,137.5,907.8,3.256,168.8,0.01248,0.00118,17,Trung bình
5.3,186.8,1530.0,4.609,67.9,0.02849,0.00078,24,Kém
5.14,82.3,156.8,4.448,212.5,0.00189,0.00676,378,Kém
7.95,151.5,148.7,5.866,1296.1,0.0076,0.03876,1480,Nguy hiểm
5.38,189.7,1994.5,4.211,282.8,0.00594,0.00592,18,Kém
7.59,174.4,991.4,1.094,351.0,0.00249,0.00102,131,Trung bình
5.26,179.8,348.9,0.431,56.7,0.0071,0.00771,610,Kém
6.44,170.3,804.4,0.353,86.5,0.00193,0.00128,8,Trung bình
7.83,321.0,256.8,0.027,104.6,0.0073,0.00042,20,Trung bình
7.04,597.3,980.9,4.798,148.9,0.00437,0.00825,790,Kém
7.97,215.5,206.7,0.578,83.6,0.00082,7e-05,17,Tốt
8.09,138.7,172.6,0.31,199.6,0.13247,0.00116,1807,Nguy hiểm
6.95,197.0,428.3,0.83,77.2,0.04464,0.00797,517,Kém
7.76,97.8,816.9,0.675,97.9,0.00265,0.01567,18,Nguy hiểm
8.12,180.5,165.1,1.22,43.3,0.00234,0.02479,2611,Nguy hiểm
6.81,528.2,771.3,0.53,48.2,0.1506,0.00046,97,Nguy hiểm
7.25,215.7,935.5,0.044,57.8,0.00235,0.00026,177,Trung bình
8.69,598.7,202.1,4.456,69.2,0.03057,0.00149,521,Kém
7.25,407.7,2099.2,0.898,104.7,0.00242,0.00221,2735,Nguy hiểm
5.37,110.4,206.9,1.534,125.4,0.01378,0.02183,25,Nguy hiểm
7.92,679.9,1838.5,0.353,1315.4,0.00098,0.00361,22,Nguy hiểm
8.08,606.6,391.5,1.167,126.0,0.03464,0.00473,275,Kém
4.37,101.8,133.2,1.034,828.0,0.00557,4e-05,2148,Nguy hiểm
7.5,98.0,320.3,3.84,381.0,0.00363,0.00313,15,Trung bình
7.61,162.3,800.9,4.082,190.5,0.00296,0.00022,19,Trung bình
7.81,213.3,1883.9,1.281,676.3,0.00212,0.00452,23,Kém
6.22,211.6,200.3,1.87,132.2,0.01434,0.00043,4,Trung bình
7.59,87.7,266.2,1.669,200.8,0.00282,0.00036,3,Tốt
6.74,93.0,444.0,1.484,92.3,0.0004,0.00232,164,Trung bình
7.88,157.8,289.8,1.144,1274.9,0.01126,0.00093,15,Nguy hiểm
7.41,110.9,320.3,0.082,255.5,0.01236,6e-05,4,Trung bình
7.15,141.0,479.4,1.65,53.4,0.00384,0.00065,12,Tốt
8.8,176.2,724.6,1.006,188.5,0.00755,0.00338,16,Trung bình
7.5,110.7,401.8,1.125,133.6,0.00175,0.00119,21,Tốt
7.04,680.4,2164.0,1.156,56.7,0.1054,0.00101,3,Nguy hiểm
6.26,88.9,83.8,0.996,330.8,0.00637,0.00086,10,Trung bình
7.69,94.3,493.8,0.507,149.3,0.0026,0.00077,17,Tốt
8.14,91.5,178.5,1.946,66.9,0.00661,0.00011,6,Tốt
6.74,218.7,497.5,1.962,153.0,0.00241,0.00073,19,Tốt
6.85,148.7,430.4,8.081,212.9,0.00135,0.0027,3702,Nguy hiểm
8.74,91.4,221.0,4.401,646.8,0.03127,0.00134,800,Kém
8.18,193.9,185.7,0.709,93.7,0.00031,0.00377,66,Trung bình
8.18,687.1,429.0,0.946,723.7,0.01359,0.00861,9,Kém
8.06,97.7,252.1,0.635,184.3,0.00178,0.0002,20,Tốt
7.76,155.4,285.1,0.926,99.2,0.00386,0.00078,24,Tốt
9.08,200.4,232.5,1.892,1380.0,0.13946,0.01318,21,Nguy hiểm
7.62,90.2,281.4,1.103,60.3,0.00175,0.00119,18,Tốt
10.93,196.6,2399.8,1.707,92.6,0.08869,0.00012,11,Nguy hiểm
7.93,205.1,465.6,0.611,1307.5,0.00191,0.00324,11,Nguy hiểm
8.77,174.3,396.3,1.497,92.7,0.01318,0.00137,131,Trung bình
7.97,182.4,2607.1,4.417,1303.9,0.00193,0.00134,5,Nguy hiểm
9.84,152.3,428.1,1.356,568.0,0.03186,0.0009,775,Kém
7.41,116.0,1067.4,0.721,1331.0,0.07063,0.00095,2,Nguy hiểm
5.4,634.1,1737.9,0.041,125.8,0.00798,0.0072,9,Kém
6.97,216.8,417.1,0.864,98.6,0.00031,0.00247,59,Trung bình
6.42,386.9,104.5,0.802,393.2,5e-05,0.00054,19,Trung bình
6.36,93.1,484.2,3.53,107.1,0.00482,0.00063,25,Trung bình
8.01,198.6,1600.8,4.405,590.8,0.00703,0.0009,812,Kém
8.08,171.9,338.4,0.803,117.9,0.00195,0.00126,1,Tốt
3.87,126.3,413.0,0.062,63.9,0.09143,0.00087,104,Nguy hiểm
6.41,133.6,146.1,1.345,211.0,0.00581,0.00227,24,Trung bình
7.53,171.5,471.0,4.87,623.6,0.0303,0.00859,2,Kém
9.72,130.0,1528.3,1.602,41.1,0.00119,0.00105,655,Kém
5.42,190.9,170.9,0.553,175.8,0.02932,0.00096,1620,Nguy hiểm
5.23,210.7,118.0,1.253,166.5,0.03583,0.00649,847,Kém
6.89,100.6,169.7,1.231,123.7,0.00628,0.00096,14,Tốt
7.36,616.9,241.7,1.422,203.4,0.00088,0.00665,883,Kém
7.73,188.7,242.0,6.527,1263.2,0.00233,0.00011,14,Nguy hiểm
7.58,135.3,1598.7,9.906,128.7,0.03759,0.00056,4,Nguy hiểm
6.78,102.6,170.7,1.711,141.3,0.00394,0.04728,1928,Nguy hiểm
6.25,171.1,301.7,5.202,159.0,0.01212,0.00043,11,Nguy hiểm
7.54,99.8,2008.8,4.818,607.8,0.01601,0.00073,12,Kém
6.78,708.2,2103.6,1.886,399.0,0.00663,0.04337,3,Nguy hiểm
7.81,123.1,360.5,0.499,200.2,0.00457,0.00144,21,Tốt
7.68,143.4,263.2,1.451,70.2,0.01387,0.01758,90,Nguy hiểm
7.49,385.7,299.8,0.029,216.1,0.00126,0.00065,119,Trung bình
7.01,694.1,3078.3,1.934,1070.7,0.00624,0.00258,25,Nguy hiểm
6.76,97.1,429.1,1.873,70.0,0.00703,0.00129,24,Tốt
6.84,144.5,301.2,0.6,169.8,0.00638,0.00108,16,Tốt
7.18,199.4,227.7,0.865,157.1,0.0022,0.00106,23,Tốt
8.76,84.1,451.1,1.212,358.9,0.00412,0.00069,24,Trung bình
5.36,162.4,440.2,1.994,1184.2,0.00761,0.00056,19,Nguy hiểm
7.73,128.8,1626.5,0.72,651.3,0.04273,0.00482,20,Kém
7.3,191.3,156.0,0.486,92.5,0.00522,0.00029,23,Tốt
9.04,118.4,167.6,0.037,79.7,0.00224,0.00292,24,Trung bình
7.22,370.6,174.9,0.823,218.7,0.08314,0.00146,4608,Nguy hiểm
7.28,533.1,428.4,4.929,676.0,5e-05,0.00126,834,Kém
4.25,97.2,235.8,4.268,104.9,0.03974,0.00107,4264,Nguy hiểm
5.26,519.7,154.8,4.905,719.7,0.00548,0.00042,61,Kém
6.75,86.0,461.7,5.818,182.3,0.1494,0.00021,80,Nguy hiểm
7.13,120.9,488.1,0.924,104.2,0.00186,0.00011,19,Tốt
8.57,94.3,95.1,1.399,356.7,0.0003,3e-05,8,Trung bình
6.22,383.1,413.4,0.49,124.6,0.00711,0.00372,18,Trung bình
8.12,143.1,121.4,1.016,102.4,0.00456,0.00065,6,Tốt
7.22,102.2,432.1,1.456,162.3,0.00192,0.00109,20,Tốt
6.04,187.2,255.0,1.333,124.2,0.01178,0.0013,8,Trung bình
7.91,412.0,1072.2,0.318,309.4,0.0075,0.00066,25,Trung bình
7.72,617.7,1736.9,4.292,304.8,0.03951,0.00114,2,Kém
7.97,165.7,190.1,1.832,188.2,0.00047,0.0014,14,Tốt
7.48,374.3,87.3,0.803,159.0,0.01405,0.00088,62,Trung bình
7.59,93.8,895.3,0.723,201.0,0.00263,0.0001,91,Trung bình
7.41,108.6,361.3,0.839,1287.5,0.06562,0.00709,17,Nguy hiểm
7.7,576.6,350.0,4.627,745.2,0.02796,0.00074,19,Kém
6.28,210.0,461.4,1.436,532.6,0.00481,0.00045,2525,Nguy hiểm
8.12,711.8,359.2,0.044,607.0,0.037,0.00143,21,Kém
8.98,169.7,404.6,0.731,73.1,0.01401,0.00121,66,Trung bình
7.47,208.2,366.4,6.848,73.6,0.07391,0.0011,165,Nguy hiểm
6.8,156.4,1018.4,0.318,216.4,0.00516,0.00106,133,Trung bình
6.78,91.4,2144.9,3.915,90.9,0.00386,0.00792,802,Kém
8.94,218.7,344.0,0.99,176.2,0.00518,0.00093,176,Trung bình
7.6,140.6,463.5,1.468,158.3,0.00336,0.00067,20,Tốt
7.52,183.0,907.0,1.268,166.4,0.1481,7e-05,61,Nguy hiểm
10.72,84.9,2007.2,3.375,718.3,0.00596,0.0012,11,Nguy hiểm
7.18,104.1,214.6,0.025,89.7,0.00679,0.00069,153,Trung bình
7.14,127.9,1594.0,4.227,1230.3,0.00424,0.00122,25,Nguy hiểm
6.98,188.7,424.8,4.077,216.7,0.00714,0.0027,168,Trung bình
7.32,187.6,280.5,0.586,364.7,0.01105,0.00317,16,Trung bình
8.08,622.6,1775.8,1.991,697.2,0.00471,0.00085,17,Kém
7.73,594.6,1923.9,4.614,174.7,0.02258,0.00056,9,Kém
5.26,400.3,1779.6,1.848,165.8,0.00553,0.00461,10,Kém
7.56,550.8,420.4,4.719,755.6,0.01189,0.0012,18,Kém
8.15,137.2,469.6,1.783,124.0,0.01232,0.00133,75,Trung bình
4.81,83.8,419.6,4.224,129.0,0.00325,0.00024,8,Nguy hiểm
6.75,97.1,210.0,0.619,160.3,0.00406,0.00064,14,Tốt
6.9,203.9,476.7,1.697,43.7,0.01319,0.00379,25,Trung bình
7.43,618.8,479.8,4.578,651.2,0.00667,8e-05,109,Kém
7.91,107.9,247.1,1.813,83.1,0.0068,0.00038,18,Tốt
7.56,562.9,1631.5,4.782,107.2,0.0054,0.0029,24,Kém
6.91,160.0,207.0,1.481,44.6,0.00315,0.00094,6,Tốt
8.07,553.8,2103.2,0.074,184.0,0.00072,0.0008,624,Kém
7.21,650.7,1595.2,0.844,716.5,0.00444,0.00125,832,Kém
7.55,180.9,1042.9,1.306,160.2,0.01326,0.0007,153,Trung bình
7.97,182.9,333.1,6.781,377.5,0.0009,0.00785,4674,Nguy hiểm
7.03,138.0,486.7,1.592,582.9,0.03568,0.00453,510,Kém
7.49,133.2,311.2,1.889,59.5,0.01395,0.0001,155,Trung bình
7.62,94.2,312.8,1.605,97.7,0.00178,0.00071,10,Tốt
7.06,179.1,421.4,1.506,138.0,0.00408,0.00149,23,Tốt
9.95,135.9,258.2,8.212,296.8,0.00474,0.00141,368,Nguy hiểm
8.0,109.9,940.8,0.714,69.4,0.01335,0.00011,58,Trung bình
11.43,209.9,744.2,1.2,57.4,0.14447,0.00052,8,Nguy hiểm
7.82,191.4,1062.8,0.085,82.0,0.00421,0.00112,23,Trung bình
3.78,154.8,2409.9,4.839,79.4,0.00737,0.00098,21,Nguy hiểm
6.91,208.0,373.8,1.881,134.5,0.00704,0.0008,22,Tốt
8.16,139.3,465.2,4.436,42.6,0.08358,4e-05,14,Nguy hiểm
7.59,85.7,892.7,1.037,1084.0,0.06705,0.00126,3011,Nguy hiểm
7.56,187.0,172.5,1.797,154.8,0.00484,0.00061,21,Tốt
6.76,135.5,87.2,0.504,177.8,0.0003,0.00053,18,Tốt
6.08,420.2,422.9,0.598,60.7,0.01081,0.00126,24,Trung bình
6.94,153.6,128.4,0.348,392.5,0.01291,6e-05,72,Trung bình
7.26,189.0,201.6,1.722,197.0,0.00072,0.00021,4,Tốt
7.99,410.6,99.0,1.673,73.7,0.17177,0.00148,3088,Nguy hiểm
5.12,154.8,125.5,0.957,1100.5,0.00479,0.00621,16,Nguy hiểm
8.11,589.1,724.0,0.908,61.6,0.03632,0.00616,25,Kém
6.87,206.7,1055.9,0.86,416.9,0.01395,0.00027,2,Trung bình
7.85,105.5,348.7,1.286,133.6,0.00606,0.00015,20,Tốt
5.45,593.7,208.5,4.936,363.9,0.00264,0.0014,20,Kém
7.14,187.9,212.8,0.447,184.4,0.00768,0.00027,4,Tốt
7.43,183.3,298.2,0.05,176.3,0.00675,0.00378,16,Trung bình
7.9,639.8,220.5,4.539,807.5,0.01286,0.00022,24,Kém
6.16,700.6,1637.3,0.748,199.9,0.00423,0.00587,3,Kém
7.21,147.8,1789.1,1.809,184.7,0.00352,0.00794,494,Kém
4.77,137.4,114.2,9.635,161.9,0.00541,0.00074,25,Nguy hiểm
6.87,198.6,749.0,1.17,43.3,0.0111,0.00026,87,Trung bình
8.72,200.6,225.3,1.913,74.3,0.01081,0.00056,7,Trung bình
5.3,610.5,1857.3,4.1,750.6,0.00783,0.00081,11,Kém
6.72,192.0,241.5,0.386,85.6,0.00062,0.0009,18,Tốt
7.71,307.5,377.9,1.923,410.8,0.00791,0.00055,22,Trung bình
7.25,121.4,180.4,0.813,100.5,0.00713,0.00144,6,Tốt
7.65,213.3,445.8,1.171,120.7,0.00547,0.00064,19,Tốt
8.01,185.3,353.9,5.233,334.6,0.00251,0.00232,22,Nguy hiểm
7.88,667.5,1877.3,4.923,605.6,0.0065,0.00098,7,Kém
7.21,97.1,125.8,1.07,210.9,0.0014,0.00086,2,Tốt
5.25,550.3,339.3,3.584,53.7,0.00265,0.00704,22,Kém
7.27,713.7,2802.9,1.944,147.3,0.00537,0.00061,1893,Nguy hiểm
7.02,134.7,162.5,0.959,124.5,0.00011,0.00027,20,Tốt
7.91,667.0,287.9,0.754,114.2,0.00792,0.00615,564,Kém
9.97,196.7,153.9,4.421,46.5,0.04436,0.00132,137,Kém
4.69,99.2,106.9,0.479,160.8,0.11986,0.00135,13,Nguy hiểm
8.08,150.2,442.4,1.805,195.0,0.00102,0.00145,13,Tốt
7.14,562.4,2096.6,1.738,63.3,0.0056,0.00619,575,Kém
8.18,123.6,95.8,0.817,357.7,0.00377,0.00356,96,Trung bình
6.8,112.2,375.4,0.766,73.5,0.19278,0.02211,11,Nguy hiểm
7.84,359.0,266.4,6.465,167.3,0.14094,0.00059,15,Nguy hiểm
7.49,524.9,470.8,1.317,785.4,0.14031,0.00089,523,Nguy hiểm
7.97,425.8,282.7,1.683,140.2,0.01419,0.00102,9,Trung bình
4.62,146.2,733.5,1.176,165.5,0.10593,0.00077,17,Nguy hiểm
8.08,203.5,214.3,1.109,302.3,0.00181,0.00092,145,Trung bình
9.84,653.1,250.8,4.211,275.9,0.00229,0.00103,23,Kém
8.09,198.9,487.6,1.011,117.2,0.00329,0.00016,12,Tốt
10.06,567.7,1705.5,1.932,57.4,0.002,0.00706,24,Kém
10.0,524.5,218.8,1.25,120.8,0.00099,0.00468,550,Kém
7.91,80.4,458.5,0.401,192.6,0.00017,0.00058,16,Tốt
7.66,100.1,291.9,1.366,320.6,0.01178,0.0008,16,Trung bình
6.88,188.7,288.6,6.046,1225.3,0.00595,0.00098,366,Nguy hiểm
11.54,914.3,481.6,0.759,153.5,0.02479,0.00288,15,Nguy hiểm
7.48,115.8,1522.4,1.605,700.5,0.01218,0.00031,648,Kém
7.14,94.5,445.8,1.424,357.0,0.00664,0.00148,88,Trung bình
10.26,135.7,1808.9,4.317,83.2,0.00205,0.00807,10,Kém
7.4,159.4,1061.0,1.197,169.6,0.00666,0.01153,8,Nguy hiểm
8.9,143.8,378.0,1.396,218.2,0.0067,0.00299,10,Trung bình
6.87,118.8,424.5,1.287,110.3,0.00101,0.00121,15,Tốt
11.83,89.6,429.7,1.034,93.6,0.01412,0.00149,5,Nguy hiểm
5.21,197.7,369.6,9.414,42.7,0.00184,0.0013,4369,Nguy hiểm
4.81,920.0,109.1,0.306,595.5,0.16429,0.00086,3,Nguy hiểm
7.95,212.8,262.6,1.37,101.1,0.00045,0.0003,10,Tốt
4.9,595.4,459.2,3.48,188.1,0.00643,0.00109,1,Nguy hiểm
10.18,180.2,477.8,8.834,183.7,0.00691,0.00347,78,Nguy hiểm
7.79,202.1,220.6,1.951,173.0,0.00253,0.00029,1,Tốt
7.32,390.5,291.7,3.223,171.4,0.00628,0.00078,5,Trung bình
7.94,636.9,239.6,0.626,659.2,0.04019,0.00078,19,Kém
7.08,107.9,887.3,1.788,77.7,0.01213,0.00024,4,Trung bình
7.42,119.4,323.5,0.581,87.2,0.03091,0.01445,14,Nguy hiểm
7.76,104.4,758.8,1.135,408.1,0.00495,0.00266,7,Trung bình
11.92,551.3,107.2,1.099,78.3,0.01619,0.00047,4,Nguy hiểm
11.39,424.0,395.8,0.493,141.6,0.01291,0.00095,2916,Nguy hiểm
9.72,184.8,306.2,5.928,190.8,0.00302,0.00028,427,Nguy hiểm
3.54,175.2,479.1,1.972,553.6,0.0135,0.03543,9,Nguy hiểm
9.84,549.0,1529.6,1.194,77.4,0.00609,0.00552,21,Kém
7.1,188.1,443.4,0.728,107.0,0.00624,0.00096,10,Tốt
6.97,128.2,198.4,0.978,50.1,0.00581,0.00031,14,Tốt
7.78,412.1,126.3,4.652,811.3,0.0065,0.00563,895,Kém
7.57,124.4,195.5,5.534,208.0,0.07728,0.00136,3907,Nguy hiểm
6.45,311.4,323.7,0.411,335.0,0.00732,0.00062,23,Trung bình
7.66,109.3,2573.7,1.976,1352.7,0.0787,0.00075,20,Nguy hiểm
7.82,175.3,253.7,1.525,66.5,0.00788,0.00089,16,Tốt
6.87,210.4,164.3,6.076,549.2,0.00208,0.00064,2527,Nguy hiểm
7.85,137.8,450.9,1.481,208.3,0.00499,0.00054,8,Tốt
5.21,85.0,136.0,4.935,177.8,0.04466,0.00861,0,Kém
7.81,719.2,150.9,0.788,43.2,0.00105,0.00689,380,Kém
9.78,192.5,283.8,0.063,49.8,0.03935,0.00867,15,Kém
10.03,101.1,1799.8,0.055,95.1,0.00426,0.00097,543,Kém
7.65,114.0,289.5,0.811,141.0,0.00259,0.00106,15,Tốt
7.45,106.6,358.6,1.934,78.6,0.00584,0.00102,15,Tốt
6.8,181.1,216.2,3.814,395.0,0.00431,0.00114,150,Trung bình
7.22,154.0,109.3,1.291,137.8,0.00579,8e-05,23,Tốt
5.28,131.5,112.5,5.433,68.3,0.00703,0.03403,1733,Nguy hiểm
7.99,380.9,368.6,1.752,95.4,0.00269,0.00087,127,Trung bình
7.26,135.8,311.9,0.478,730.2,0.04415,0.00561,15,Kém
7.66,205.4,414.5,1.251,218.3,0.0007,0.00012,18,Tốt
7.94,129.6,233.2,4.723,552.9,0.00266,0.00592,751,Kém
6.72,655.5,338.1,0.464,377.9,0.03345,0.00634,22,Kém
5.44,204.5,1726.3,1.613,81.0,0.03916,0.0011,8,Kém
10.09,217.8,1831.6,0.413,1154.2,0.11863,0.00077,4,Nguy hiểm
11.39,172.5,460.1,1.239,114.2,0.18194,0.00078,22,Nguy hiểm
11.9,146.3,188.6,0.512,75.2,0.00562,0.00594,7,Nguy hiểm
7.61,86.8,360.3,0.084,393.8,0.00486,0.00065,125,Trung bình
5.11,703.3,456.0,0.93,558.8,0.00464,0.00011,367,Kém
6.03,134.5,486.3,0.319,49.9,0.00224,0.00377,7,Trung bình
7.27,201.3,483.1,1.837,205.5,0.0024,0.0001,11,Tốt
7.96,665.8,493.5,1.89,574.5,0.01859,0.00121,702,Kém
7.12,319.2,265.1,0.88,277.9,0.00791,8e-05,7,Trung bình
7.56,201.9,475.2,0.494,116.2,0.00153,0.00061,13,Tốt
6.85,140.5,156.0,1.835,577.4,0.0408,0.00513,0,Kém
7.74,179.8,1932.0,7.705,136.2,0.00072,0.02205,19,Nguy hiểm
7.0,349.7,315.4,4.197,185.9,0.01209,0.00013,1,Trung bình
7.74,706.1,420.3,0.86,60.7,0.00711,0.01496,66,Nguy hiểm
7.67,151.3,968.7,3.895,276.9,0.0012,0.00079,5,Trung bình
6.3,84.9,400.7,4.135,173.6,0.00552,0.00017,88,Trung bình
6.78,146.6,186.5,1.687,131.6,0.00727,0.00061,20,Tốt
7.0,119.3,236.0,1.887,177.7,0.00343,0.00064,25,Tốt
6.95,155.7,375.3,0.974,362.0,0.00196,0.00324,11,Trung bình
11.71,183.3,442.6,4.935,264.2,0.00582,0.00077,117,Nguy hiểm
7.29,108.8,345.6,1.712,88.7,0.00048,1e-05,1,Tốt
10.12,183.8,2154.2,0.855,152.9,0.01264,0.00453,346,Kém
9.08,91.0,192.2,1.784,85.1,0.00728,0.00345,23,Trung bình
7.75,553.7,239.5,1.031,87.7,0.00341,0.00537,590,Kém
7.43,211.4,115.0,0.824,57.3,0.00348,0.00054,2,Tốt
5.35,111.6,1679.3,1.34,799.5,0.0039,0.00015,703,Kém
7.96,676.5,183.3,1.638,559.7,0.00456,0.00514,295,Kém
8.1,644.5,224.3,1.968,806.4,0.01263,0.00096,2350,Nguy hiểm
8.98,192.8,860.8,1.846,393.9,0.00574,0.00051,22,Trung bình
7.37,379.6,3055.3,1.703,57.7,0.18258,0.02794,12,Nguy hiểm
7.54,185.2,301.5,1.467,160.0,0.00705,0.00098,2,Tốt
6.81,545.6,1803.3,4.543,54.1,0.00337,0.00552,133,Kém
11.06,123.4,461.3,1.133,126.8,0.01844,0.00562,5,Nguy hiểm
7.26,169.4,381.1,1.835,188.6,0.00495,0.00072,20,Tốt
7.65,178.6,267.8,4.468,1076.2,0.00789,0.00013,11,Nguy hiểm
7.57,325.0,2612.3,1.694,1127.1,0.00073,0.00099,15,Nguy hiểm
7.77,142.0,262.3,4.802,56.9,0.18906,0.01315,1,Nguy hiểm
7.72,98.6,139.5,1.421,161.0,6e-05,0.00055,9,Tốt
7.1,718.2,339.1,1.859,82.1,0.12879,0.00097,20,Nguy hiểm
6.83,121.4,186.4,0.784,51.6,0.00396,0.00327,4323,Nguy hiểm
6.8,118.7,798.1,0.623,58.4,0.12066,0.00018,6,Nguy hiểm
7.54,216.7,1997.8,1.436,175.7,0.00206,0.01243,3,Nguy hiểm
7.46,155.5,478.2,1.072,103.3,0.00176,0.00034,14,Tốt
7.77,613.8,1747.4,1.385,84.7,0.03458,0.00603,11,Kém
7.86,173.0,2231.8,8.592,71.1,0.00553,0.00303,11,Nguy hiểm
6.9,594.9,1540.8,8.307,157.4,0.00786,0.00325,21,Nguy hiểm
11.41,182.9,362.1,3.289,1092.1,0.00223,0.00034,4,Nguy hiểm
7.2,690.3,1635.3,1.051,140.3,0.005,0.00134,475,Kém
7.17,208.9,952.2,1.045,392.8,0.00316,0.00069,25,Trung bình
6.73,140.9,1926.0,4.562,388.6,0.00436,0.00101,518,Kém
7.0,217.2,219.0,0.739,292.5,0.00637,0.00253,14,Trung bình
6.33,691.6,314.9,4.265,195.8,0.02114,0.0012,24,Kém
6.89,666.9,1690.3,0.494,182.6,0.04268,0.00093,6,Kém
7.58,106.4,150.1,0.985,78.1,0.00628,0.00042,17,Tốt
7.58,109.3,1028.1,1.156,160.8,0.00462,0.00063,145,Trung bình
6.9,89.8,169.0,0.043,145.5,0.00376,0.00128,105,Trung bình
7.58,132.2,192.1,0.53,685.9,0.00393,0.00619,550,Kém
7.6,349.3,196.4,1.604,400.6,0.00462,0.00299,17,Trung bình
7.49,417.8,196.4,1.279,89.7,0.00464,0.00253,24,Trung bình
7.26,116.6,498.0,1.191,255.3,0.00456,0.00321,2,Trung bình
5.19,577.4,1040.5,1.27,94.7,0.00435,0.00653,763,Kém
6.81,132.6,195.8,1.276,84.1,0.0078,0.00075,9,Tốt
7.34,97.1,296.8,0.304,182.6,0.00033,0.00125,13,Tốt
8.81,353.6,295.8,0.917,181.1,0.00474,0.00018,98,Trung bình
7.71,326.4,325.5,0.554,272.3,0.00093,0.00125,1,Trung bình
7.03,208.4,359.3,1.903,52.1,0.00606,0.00124,25,Tốt
6.4,387.5,262.7,6.045,122.0,6e-05,1e-05,1573,Nguy hiểm
7.72,355.2,222.8,1.352,110.7,0.01341,0.00063,19,Trung bình
8.96,372.8,186.5,0.596,203.6,7e-05,0.00297,13,Trung bình
9.87,697.0,417.0,4.583,387.9,0.00105,0.00476,22,Kém
6.94,93.0,148.2,0.671,155.2,0.00614,0.00098,23,Tốt
7.7,194.9,384.8,0.981,110.4,0.00761,0.00017,13,Tốt
7.34,367.9,1668.6,0.345,653.7,0.03361,0.00502,13,Kém
7.17,154.2,257.8,0.593,372.7,0.00377,0.00311,11,Trung bình
9.71,198.3,364.7,0.571,46.9,0.02772,0.00593,526,Kém
7.47,909.8,294.1,1.64,1221.0,0.04472,0.00133,12,Nguy hiểm
7.35,155.6,265.5,3.795,1255.0,0.0068,0.0014,2,Nguy hiểm
7.94,127.9,251.7,1.943,388.6,0.01216,0.00136,175,Trung bình
8.02,124.0,232.3,8.399,43.0,0.01167,0.03121,15,Nguy hiểm
7.23,514.9,159.7,0.506,1091.0,0.12468,0.00225,20,Nguy hiểm
5.24,194.0,2082.0,0.349,143.6,0.02722,0.008,24,Kém
8.84,125.7,90.9,0.394,143.2,0.00026,0.00278,121,Trung bình
8.63,307.9,210.9,0.023,119.6,0.00042,0.00122,1,Trung bình
7.97,317.7,143.6,0.081,78.9,0.00191,0.00051,1,Trung bình
7.32,152.4,822.5,0.052,189.3,0.01084,0.00082,5,Trung bình
7.59,515.7,861.0,1.733,592.8,0.01934,0.00839,22,Kém
11.71,163.4,232.2,3.373,511.7,0.00246,0.00019,2326,Nguy hiểm
7.94,329.1,347.2,1.196,167.5,0.00086,0.00049,180,Trung bình
7.96,143.6,432.0,1.346,40.1,0.00322,0.0013,20,Tốt
6.76,373.8,260.1,1.718,110.6,0.01384,0.00071,10,Trung bình
3.42,588.1,395.4,4.485,75.1,0.09348,6e-05,11,Nguy hiểm
7.31,157.6,185.9,0.937,287.2,0.00106,0.00289,20,Trung bình
6.23,127.1,1949.4,0.964,790.4,0.04334,0.00031,18,Kém
7.66,179.2,193.2,1.079,102.4,0.00034,0.00072,16,Tốt
5.37,95.4,1621.2,1.707,206.1,0.01957,0.00062,15,Kém
7.91,114.6,1940.4,0.417,820.1,0.01071,0.00589,6,Kém
7.83,189.0,179.5,0.816,193.2,0.00747,0.00046,9,Tốt
4.76,207.9,372.4,1.329,632.2,0.00638,0.00109,9,Nguy hiểm
7.79,111.6,197.9,1.08,1395.0,0.00719,0.00027,3086,Nguy hiểm
8.14,205.7,473.5,4.231,219.0,0.04237,0.00663,624,Kém
6.84,145.2,386.8,0.766,118.0,0.00102,1e-05,23,Tốt
7.59,140.9,319.8,1.107,127.9,0.00361,0.00027,2,Tốt
7.84,89.8,1798.0,3.699,164.1,0.07142,0.00601,8,Nguy hiểm
7.6,214.8,412.8,0.58,193.7,0.00076,0.0009,4,Tốt
7.08,89.1,479.8,1.43,213.8,0.00766,0.0014,6,Tốt
10.21,404.6,324.2,6.427,1376.1,0.00259,0.00147,20,Nguy hiểm
8.68,184.9,485.5,0.09,171.8,0.00171,0.00313,2,Trung bình
8.56,200.1,255.8,1.334,815.9,0.03337,0.00735,3,Kém
7.94,91.9,188.6,0.071,345.0,0.00241,0.00276,16,Trung bình
8.05,82.7,904.8,1.643,307.7,0.01133,0.00105,14,Trung bình
7.06,105.1,2838.2,9.201,181.3,0.01159,0.00053,15,Nguy hiểm
5.42,202.8,1736.2,1.988,163.5,0.00495,0.00623,624,Kém
7.88,135.8,169.8,0.842,59.4,0.00644,0.00093,11,Tốt
7.77,208.1,1705.6,0.775,771.5,0.03086,0.00685,16,Kém
6.71,102.5,146.7,0.513,724.8,0.0054,0.00147,2189,Nguy hiểm
4.16,124.7,404.8,7.336,54.0,0.00176,0.00132,9,Nguy hiểm
7.26,143.4,924.5,1.67,197.0,0.01163,0.00108,4,Trung bình
6.78,141.5,101.2,1.608,125.0,0.00352,0.0014,6,Tốt
5.43,141.8,1538.2,1.013,175.2,0.044,0.00811,8,Kém
7.04,90.2,447.0,7.351,1381.2,0.00449,0.00533,20,Nguy hiểm
11.19,218.5,172.7,9.022,181.7,0.00602,0.00121,3221,Nguy hiểm
6.39,124.9,1041.1,0.023,45.4,0.00138,0.0011,11,Trung bình
9.81,161.7,2010.3,3.482,595.6,0.03186,9e-05,15,Kém
5.32,664.2,494.8,1.853,196.5,0.00787,0.00608,387,Kém
7.71,149.9,131.3,1.505,98.5,0.00123,0.00029,14,Tốt
5.2,755.2,738.1,0.664,80.7,0.0073,1e-05,1324,Nguy hiểm
6.08,395.5,387.2,4.102,93.8,0.0035,6e-05,11,Trung bình
7.65,150.8,354.4,0.596,137.7,0.00789,0.00014,14,Tốt
6.71,352.2,794.1,1.979,321.4,0.0062,0.00092,6,Trung bình
8.13,113.0,280.4,1.127,192.9,0.00791,0.00034,11,Tốt
6.88,90.9,235.2,0.46,199.0,0.00642,0.00062,15,Tốt
6.28,204.1,184.5,1.251,173.1,0.00168,0.0006,152,Trung bình
6.31,178.6,183.1,0.546,1117.7,0.00325,0.03006,2,Nguy hiểm
9.89,107.7,252.3,0.445,146.2,0.02363,0.00684,644,Kém
7.02,133.1,2278.5,1.666,140.8,0.0067,0.00053,2589,Nguy hiểm
8.73,649.8,440.3,0.394,52.2,0.04393,0.00758,595,Kém
7.47,714.6,249.6,0.024,59.5,0.00346,0.00084,4981,Nguy hiểm
7.59,87.9,349.5,1.337,132.1,0.0062,0.00131,10,Tốt
7.65,182.4,395.1,0.354,217.2,0.00354,0.00085,8,Tốt
7.92,187.3,140.3,0.319,796.9,0.02071,0.00723,594,Kém
8.83,366.9,93.8,1.258,65.7,0.00543,0.00139,18,Trung bình
7.03,183.8,275.1,0.836,140.4,0.00206,0.00148,10,Tốt
7.97,647.8,1691.1,3.399,762.1,0.00737,0.00885,22,Kém
6.04,412.4,1743.5,0.604,70.3,0.00076,7e-05,1170,Nguy hiểm
6.8,364.8,483.6,1.38,112.5,0.00052,0.0036,13,Trung bình
6.99,341.8,112.1,0.585,212.0,0.01412,0.00074,143,Trung bình
7.78,99.4,120.2,1.783,109.4,0.00175,0.00273,75,Trung bình
5.29,168.9,1525.2,0.673,51.7,0.00561,0.00011,608,Kém
5.25,542.4,232.7,1.998,511.8,0.00464,0.0007,455,Kém
8.2,131.5,408.5,3.687,167.0,0.00391,0.00377,17,Trung bình
6.97,112.2,407.4,0.338,65.7,0.0009,0.00099,20,Tốt
7.45,215.1,2476.6,8.751,150.6,0.01203,0.00117,110,Nguy hiểm
6.97,182.5,990.1,0.628,1274.8,0.00759,0.00094,6,Nguy hiểm
7.25,93.9,250.6,4.618,56.9,0.00156,0.00062,2813,Nguy hiểm
7.9,214.1,453.5,0.312,282.5,0.00794,0.00127,4086,Nguy hiểm
7.58,174.7,179.5,1.84,102.5,0.08947,0.007,25,Nguy hiểm
7.79,95.8,764.4,0.76,1281.8,0.0025,0.00673,2582,Nguy hiểm
6.86,114.7,261.8,0.732,176.6,0.00497,0.00021,10,Tốt
6.73,195.5,395.8,8.342,324.6,6e-05,0.00572,19,Nguy hiểm
8.8,133.3,1515.3,4.288,750.7,0.04458,0.00114,19,Kém
7.33,112.9,2068.6,4.246,155.4,0.02427,0.00075,708,Kém
7.81,140.2,463.0,0.527,213.0,0.0004,0.00023,19,Tốt
7.75,389.9,853.8,1.359,181.2,0.01309,0.00143,12,Trung bình
7.5,212.5,444.0,1.206,352.0,0.01205,0.00015,17,Trung bình
7.91,637.1,446.7,1.673,740.2,0.01149,0.00079,501,Kém
7.43,172.7,497.3,3.994,361.8,0.00063,0.00018,3,Trung bình
7.88,142.9,711.2,1.239,256.3,0.00497,0.00031,25,Trung bình
8.69,580.9,422.1,4.63,178.8,0.00487,0.00613,24,Kém
6.16,88.6,193.8,1.029,281.8,0.00014,0.00039,8,Trung bình
6.86,373.2,2188.2,0.649,642.2,0.00477,0.00587,364,Kém
6.36,320.3,346.1,1.281,314.6,0.06095,0.00041,11,Nguy hiểm
10.21,153.9,911.4,4.568,709.9,0.00245,0.00488,20,Kém
6.86,207.5,257.2,0.962,68.2,0.00591,0.00126,15,Tốt
7.09,132.8,275.7,1.334,284.8,0.0032,0.00098,58,Trung bình
7.4,540.0,1590.0,1.804,558.3,0.0032,0.00026,14,Kém
10.87,173.5,432.3,4.441,215.5,0.00163,0.00226,4206,Nguy hiểm
7.51,86.3,156.7,0.035,186.6,0.00185,0.00352,3,Trung bình
7.42,209.6,217.3,1.54,204.0,0.00616,0.00048,18,Tốt
6.96,159.7,449.3,1.095,168.6,0.00373,0.00107,24,Tốt
7.09,665.8,431.3,4.711,624.5,0.03883,0.00069,22,Kém
8.17,201.2,143.0,1.192,103.1,0.00742,0.00141,3,Tốt
7.66,205.5,839.3,0.853,372.0,0.01401,0.00078,0,Trung bình
7.75,156.4,152.5,1.914,152.0,0.00456,0.00125,15,Tốt
11.89,933.2,196.1,0.421,1078.8,0.00603,0.00018,11,Nguy hiểm
4.73,140.1,206.4,6.382,217.2,0.03159,0.00066,4,Nguy hiểm
10.16,216.4,1711.6,0.957,211.8,0.00794,0.00642,588,Kém
6.8,216.2,482.5,1.958,106.8,0.00622,0.00081,18,Tốt
6.96,161.2,226.2,0.613,143.6,0.00257,0.00057,23,Tốt
7.32,673.6,425.9,0.686,203.0,0.00146,0.01531,10,Nguy hiểm
7.26,701.3,2199.4,1.022,772.3,0.03366,0.00056,5,Kém
7.45,206.6,206.9,1.475,187.5,0.00582,0.00024,24,Tốt
11.21,154.4,772.5,1.008,47.1,0.00185,0.00051,18,Nguy hiểm
9.99,573.0,282.7,0.797,108.0,0.00517,0.00748,586,Kém
5.13,173.5,254.0,0.609,171.3,0.03281,0.00539,571,Kém
7.5,141.6,147.5,1.648,142.6,0.0114,0.00046,55,Trung bình
10.1,379.1,162.5,0.683,542.5,0.02628,0.00075,10,Kém
6.23,105.2,854.0,0.082,192.3,0.00374,7e-05,4,Trung bình
8.18,128.5,276.3,4.72,558.6,0.02789,0.00078,458,Kém
7.49,160.2,462.9,0.601,80.1,0.14796,0.0005,149,Nguy hiểm
7.43,97.3,363.1,0.525,126.7,0.0024,0.00046,21,Tốt
7.75,88.9,291.9,0.995,194.7,0.0076,0.00031,2,Tốt
7.84,154.2,2092.7,0.524,805.3,0.00147,0.00487,19,Kém
6.73,90.0,309.5,0.513,78.4,0.0036,0.0013,6,Tốt
6.93,132.8,823.2,1.525,219.8,0.00044,0.00376,6,Trung bình
7.88,95.7,437.2,1.587,210.9,0.00642,0.00136,16,Tốt
7.98,213.9,317.5,1.306,1064.8,0.07341,8e-05,132,Nguy hiểm
9.7,596.7,463.1,4.299,124.1,0.01061,0.00105,690,Kém
7.02,411.1,1943.7,1.994,212.5,0.00183,0.00328,3310,Nguy hiểm
6.43,96.7,369.7,7.966,83.6,0.00023,0.00127,585,Nguy hiểm
7.95,150.5,362.0,3.635,355.2,0.00351,0.0032,13,Trung bình
7.58,154.3,2073.7,1.794,313.5,0.10871,0.01224,24,Nguy hiểm
4.14,193.1,442.9,1.669,90.6,0.15615,0.00144,5,Nguy hiểm
7.61,155.0,212.3,6.559,195.5,0.00248,0.00121,379,Nguy hiểm
6.1,173.1,440.6,4.652,664.6,0.02954,0.00555,3,Kém
7.45,336.9,992.6,0.513,296.1,0.00288,0.00149,7,Trung bình
5.13,627.2,257.3,1.226,611.5,0.02584,0.00026,24,Kém
8.1,180.7,149.7,3.946,73.8,0.01188,0.0008,1,Trung bình
7.05,208.5,86.9,0.762,208.8,0.00627,0.00127,7,Tốt
10.02,692.5,383.4,1.499,44.5,0.01942,0.00103,7,Kém
7.58,121.1,216.9,1.422,105.0,0.00195,0.00369,95,Trung bình
7.98,138.3,497.2,1.595,127.1,0.00209,0.00069,23,Tốt
8.15,694.3,1868.3,0.499,69.1,0.00609,0.00767,16,Kém
9.03,156.0,141.5,3.957,56.2,0.004,0.00255,5,Trung bình
7.23,109.5,158.3,1.539,59.2,0.00338,0.00016,15,Tốt
6.92,212.1,292.4,1.27,78.0,0.0038,0.00024,10,Tốt
7.48,176.9,454.1,0.43,81.5,0.00288,0.0014,18,Tốt
8.71,92.2,258.4,5.213,66.3,0.00495,0.00123,3,Nguy hiểm
4.64,542.6,94.8,7.19,122.0,0.00368,0.00117,6,Nguy hiểm
8.04,164.2,1098.3,1.87,174.7,0.01245,0.00359,4,Trung bình
8.02,140.1,887.9,0.357,87.8,0.01344,0.00055,5,Trung bình
7.34,191.5,396.6,3.94,148.0,0.16515,0.00095,22,Nguy hiểm
7.46,594.4,1577.2,0.057,813.4,0.00647,0.00024,216,Kém
9.03,124.9,234.1,3.852,203.7,0.00404,0.00108,8,Trung bình
7.91,309.0,1087.6,1.707,141.4,0.00069,0.00118,18,Trung bình
7.88,133.3,229.3,0.668,168.6,0.00392,0.00081,20,Tốt
7.46,638.8,473.6,3.348,133.7,0.03862,0.00579,10,Kém
7.42,82.5,826.8,0.033,72.5,0.01142,0.00056,15,Trung bình
5.24,532.4,1994.1,3.238,104.2,0.00123,0.00069,563,Kém
5.25,714.0,1777.0,1.679,644.6,0.00352,0.00071,15,Kém
7.95,130.4,432.3,0.445,104.4,0.00399,0.00112,9,Tốt
7.75,148.7,872.5,0.925,199.9,0.01249,0.00033,134,Trung bình
7.5,191.5,824.2,0.374,55.6,0.00545,0.00321,96,Trung bình
3.44,196.9,82.5,0.049,151.7,0.00464,7e-05,2,Nguy hiểm
7.65,192.2,238.8,1.525,685.8,0.08895,0.01371,111,Nguy hiểm
6.98,162.4,448.8,0.523,1203.3,0.01253,0.03708,10,Nguy hiểm
8.16,173.3,442.5,0.598,150.8,0.00021,0.00114,2,Tốt
8.66,213.4,497.4,0.592,350.3,0.00365,0.00092,16,Trung bình
7.9,207.6,417.7,1.745,815.8,0.00435,0.00773,383,Kém
7.61,150.3,783.6,1.909,117.5,0.01115,0.00045,86,Trung bình
7.23,155.2,1929.6,4.915,62.9,0.01359,6e-05,559,Kém
5.12,683.4,1695.0,1.165,41.0,0.00525,0.00113,24,Kém
7.15,161.1,319.8,1.226,1361.4,0.01121,0.0012,1775,Nguy hiểm
9.7,177.0,455.3,1.177,553.7,0.00654,0.00274,666,Kém
9.66,210.3,298.8,0.986,55.4,0.00566,0.00584,736,Kém
6.8,683.3,400.2,1.195,671.6,0.00361,0.00509,821,Kém
7.82,143.5,288.3,1.384,791.1,0.1223,0.00298,25,Nguy hiểm
6.18,134.6,226.9,5.452,1322.0,0.00434,0.00143,1261,Nguy hiểm
11.54,138.5,280.0,1.591,210.9,0.00238,0.00272,5,Nguy hiểm
7.24,168.7,80.3,6.004,1207.4,0.00468,0.00115,10,Nguy hiểm
8.1,101.8,251.2,1.952,181.4,0.00524,0.00134,9,Tốt
6.32,101.2,812.8,0.861,369.4,0.00306,0.00015,21,Trung bình
7.14,125.7,122.8,0.627,144.1,0.01396,0.001,74,Trung bình
6.91,218.5,289.0,1.385,194.5,0.00663,0.00126,15,Tốt
7.96,172.2,92.1,1.568,166.0,0.0023,0.00131,14,Tốt
6.8,169.6,288.9,0.63,178.2,0.00513,0.00061,19,Tốt
7.3,130.3,83.7,1.115,169.0,0.01442,0.00281,16,Trung bình
7.74,113.4,177.1,0.393,206.6,0.00346,0.0005,25,Tốt
7.79,365.6,287.8,3.576,55.0,0.00363,0.00133,22,Trung bình
9.89,697.5,337.0,4.669,149.9,0.00417,0.00261,607,Kém
7.86,107.4,142.3,1.075,174.1,0.00605,0.00061,7,Tốt
6.7,393.8,445.1,1.402,130.7,0.00166,0.00335,12,Trung bình
7.39,379.1,720.9,0.83,47.8,0.00227,0.00028,87,Trung bình
7.58,161.9,103.2,1.73,71.5,0.00013,0.00079,7,Tốt
7.08,671.4,425.2,1.113,731.0,0.03112,0.00078,14,Kém
7.1,126.0,225.3,1.25,275.8,0.00498,0.00335,18,Trung bình
7.73,658.3,448.4,0.355,317.3,0.00681,0.04964,22,Nguy hiểm
9.66,85.7,1611.8,1.197,53.8,0.01098,0.00658,366,Kém
4.83,137.0,1077.8,7.103,86.0,0.0049,0.00016,15,Nguy hiểm
8.06,168.9,496.4,1.174,168.8,0.00436,0.00147,13,Tốt
7.61,197.6,832.7,0.763,54.8,0.00507,0.00253,67,Trung bình
5.39,193.5,1880.7,0.985,828.8,2e-05,0.00272,308,Kém
10.21,148.3,438.5,4.529,146.7,0.00772,0.0079,146,Kém
7.18,206.3,419.4,0.86,95.5,0.0006,0.00115,4,Tốt
8.0,584.8,1889.5,4.191,131.6,0.03846,0.00091,17,Kém
6.92,183.6,94.2,1.519,200.8,0.00197,0.00131,6,Tốt
10.27,200.0,126.0,0.89,204.4,0.02338,8e-05,655,Kém
7.27,212.3,393.4,1.442,114.4,0.00323,0.00118,14,Tốt
7.35,381.1,1609.4,4.377,608.8,0.00508,0.00141,594,Kém
6.85,207.0,310.5,0.667,47.7,0.01209,0.00084,95,Trung bình
11.68,199.6,439.0,1.484,52.6,0.18064,0.00026,13,Nguy hiểm
6.81,126.2,463.0,0.798,67.7,0.00395,0.00058,3,Tốt
8.9,120.3,471.0,1.592,189.2,0.01241,0.0012,23,Trung bình
7.05,110.2,2180.0,4.309,128.3,0.00792,0.00551,557,Kém
6.83,351.0,170.3,4.593,50.2,0.00318,0.00791,783,Kém
7.87,702.7,1700.2,0.722,60.3,0.03642,0.00138,20,Kém
3.42,595.6,109.9,1.282,1327.1,0.00156,0.00375,4,Nguy hiểm
8.1,342.1,281.1,0.3,146.8,0.00227,0.00317,18,Trung bình
7.96,212.1,1995.7,4.28,747.5,0.00329,0.00535,12,Kém
8.1,172.1,482.6,0.746,210.4,0.00526,0.00109,12,Tốt
7.28,421.0,896.6,0.409,107.8,0.00347,0.00287,17,Trung bình
6.04,188.6,733.2,6.231,96.7,0.00187,0.00104,677,Nguy hiểm
5.31,183.9,1932.2,4.285,76.8,0.00329,0.00836,13,Kém
6.97,116.5,159.6,0.074,154.4,0.01266,0.0013,17,Trung bình
7.34,128.6,269.6,1.191,326.1,0.01177,0.00128,154,Trung bình
7.61,181.2,168.9,1.349,144.6,0.00473,0.00054,18,Tốt
8.74,98.2,447.9,0.371,356.1,0.01126,0.00069,22,Trung bình
7.93,384.8,393.4,0.352,82.4,0.00514,0.00079,57,Trung bình
6.19,146.3,2179.1,4.769,797.4,0.00552,0.00033,733,Kém
8.02,718.5,1545.4,4.64,68.7,0.02655,0.00236,3,Kém
9.62,109.3,254.5,4.852,152.7,0.00536,0.00356,325,Kém
7.92,150.0,443.6,4.72,786.3,0.02568,0.00566,5,Kém
8.58,163.3,1091.4,1.405,218.0,0.00108,0.00019,14,Trung bình
4.34,163.0,124.9,1.956,1164.8,0.00217,0.00139,21,Nguy hiểm
7.29,162.2,718.4,1.119,324.6,0.00647,0.00021,10,Trung bình
7.86,310.7,1022.9,1.84,1239.7,0.00468,0.00028,11,Nguy hiểm
7.59,165.5,191.4,1.041,139.0,0.00249,0.00052,12,Tốt
6.77,631.9,312.0,4.394,101.4,0.03987,0.00107,638,Kém
7.54,94.3,292.6,1.162,127.2,0.00116,0.0014,1,Tốt
7.9,172.2,101.7,1.065,79.6,0.00796,0.00063,22,Tốt
7.5,177.2,349.5,1.363,787.1,0.00448,0.00578,738,Kém
9.94,123.0,154.9,4.408,546.8,0.00276,0.00022,508,Kém
6.27,209.4,913.6,0.712,167.3,0.00609,0.00048,21,Trung bình
7.13,206.4,2128.4,0.705,219.8,0.00243,0.00608,473,Kém
7.28,416.8,466.1,1.762,411.4,0.00607,0.0004,59,Trung bình
6.96,577.2,450.3,1.051,540.3,0.03753,0.00025,0,Kém
7.88,89.6,437.9,0.837,131.5,0.01447,0.00265,19,Trung bình
7.98,105.8,291.1,0.673,113.2,0.00062,0.00077,17,Tốt
7.42,347.3,437.6,1.833,62.0,0.01289,0.00093,151,Trung bình
7.97,164.7,187.6,1.807,78.7,0.00423,0.00106,20,Tốt
8.73,183.5,384.3,1.503,161.6,0.01207,0.00015,3,Trung bình
5.18,609.7,480.9,4.65,169.4,0.00341,0.00321,506,Kém
5.17,562.6,431.5,1.686,93.1,0.00604,0.00845,14,Kém
7.05,550.2,335.6,0.933,643.6,0.01601,0.00145,2,Kém
6.96,206.8,829.2,1.512,1093.8,0.00256,0.02303,673,Nguy hiểm
7.58,118.6,417.7,0.806,125.9,0.00446,4e-05,22,Tốt
5.44,702.6,340.8,1.273,66.3,0.00331,0.00528,347,Kém
7.36,90.3,332.2,0.971,123.0,0.00216,0.00035,0,Tốt
4.88,134.7,487.5,0.428,127.9,0.00243,0.00269,16,Nguy hiểm
7.57,201.1,452.9,0.358,219.2,0.00563,0.00138,14,Tốt
9.69,134.6,2034.5,4.023,686.5,0.00685,0.00053,732,Kém
6.84,82.9,990.9,3.528,149.7,0.00439,0.0022,17,Trung bình
6.73,115.1,122.5,9.548,176.1,0.00165,0.00122,144,Nguy hiểm
9.73,597.6,785.3,1.713,206.6,0.04331,0.00519,3,Kém
7.91,201.4,132.6,0.637,205.7,0.00735,0.00141,2,Tốt
8.04,205.8,211.8,0.716,134.6,0.00727,0.0002,9,Tốt
8.95,404.0,459.0,1.743,126.8,0.00767,0.00017,6,Trung bình
9.9,629.1,237.0,4.804,191.1,0.02131,0.00293,1,Kém
6.8,124.6,773.9,0.461,405.9,0.00756,0.00301,21,Trung bình
6.8,173.0,126.0,1.744,48.2,0.00136,0.0014,15,Tốt
7.06,126.1,386.4,1.544,44.6,0.00669,0.00014,12,Tốt
6.71,117.6,292.9,1.205,44.9,0.00732,0.00029,1,Tốt
5.33,687.8,842.9,1.373,75.8,0.00146,0.00537,657,Kém
11.39,91.5,770.0,1.799,1299.8,0.00314,0.00056,213,Nguy hiểm
7.74,530.4,238.0,4.482,154.5,0.00055,0.0068,285,Kém
6.1,128.3,1565.8,0.815,1232.9,0.00147,0.00104,20,Nguy hiểm
6.93,360.4,346.0,0.302,128.9,0.00773,0.0007,166,Trung bình
7.82,417.7,381.4,1.079,260.1,0.00148,0.00299,25,Trung bình
7.37,163.1,132.5,1.557,103.1,0.00468,0.00082,10,Tốt
11.22,219.4,154.7,1.022,1353.9,0.00077,0.00045,16,Nguy hiểm
6.93,131.5,428.8,1.571,45.3,0.00763,0.00065,24,Tốt
5.44,162.4,1607.1,4.612,112.4,0.01263,0.00113,9,Kém
8.03,141.6,460.3,0.519,67.5,0.00501,0.00016,11,Tốt
7.13,142.2,868.9,4.242,203.7,0.00767,0.00602,731,Kém
4.33,177.6,85.9,0.584,203.0,0.00124,0.00274,3217,Nguy hiểm
8.18,661.5,1659.5,1.59,100.0,0.02972,0.00041,475,Kém
5.16,555.8,1727.1,0.026,114.5,0.00042,0.00071,25,Kém
6.42,219.2,257.2,4.104,346.1,0.00281,0.00082,0,Trung bình
7.92,194.4,494.9,0.729,1327.5,0.03526,0.02308,1,Nguy hiểm
7.69,410.4,320.5,0.047,64.6,0.00118,0.03162,59,Nguy hiểm
4.5,86.1,2699.5,1.793,105.7,0.00283,0.00103,10,Nguy hiểm
5.43,167.8,1597.3,4.523,315.5,0.00038,0.00499,19,Kém
11.58,540.8,199.1,7.611,211.2,0.00178,4e-05,5,Nguy hiểm
7.95,566.6,423.3,0.531,1191.9,0.01242,0.00056,13,Nguy hiểm
7.99,773.9,335.3,4.822,49.8,0.00305,0.00041,1520,Nguy hiểm
6.29,189.2,733.2,1.215,117.7,0.00087,0.0003,20,Trung bình
8.14,156.4,445.8,1.451,199.9,0.00784,0.00079,4,Tốt
10.25,398.9,362.0,1.103,604.6,0.00543,0.00575,17,Kém
6.92,197.9,384.3,0.918,177.5,0.001,0.00134,24,Tốt
10.12,171.4,801.1,1.177,656.5,0.00535,0.00664,441,Kém
8.73,125.3,262.7,0.813,380.3,0.00372,0.00104,20,Trung bình
8.71,189.3,1031.5,0.583,306.1,0.00504,0.00091,24,Trung bình
7.65,164.8,1510.1,4.925,85.7,0.00125,0.00747,2089,Nguy hiểm
7.4,109.0,296.8,0.745,185.1,0.00339,0.00013,16,Tốt
6.95,380.9,787.9,3.134,91.5,0.00201,0.00071,20,Trung bình
6.94,88.2,284.2,1.609,92.7,0.00308,0.00073,5,Tốt
7.7,134.8,190.0,1.022,67.2,0.00336,0.03827,2835,Nguy hiểm
7.07,147.6,446.2,1.478,91.7,0.00423,0.00046,23,Tốt
7.96,186.3,216.7,0.349,99.0,0.00095,0.00114,12,Tốt
7.26,134.8,740.4,1.978,271.1,0.00519,0.00098,8,Trung bình
7.01,177.9,127.6,1.256,182.8,0.00321,0.001,1,Tốt
7.01,186.3,483.7,1.941,99.6,0.00433,0.00065,2,Tốt
7.2,308.5,317.9,0.904,320.0,0.00712,0.00084,106,Trung bình
7.49,406.1,1023.1,1.332,342.3,0.00188,0.00122,23,Trung bình
7.25,118.1,427.9,0.737,46.6,0.00048,0.00066,2,Tốt
6.85,786.0,216.1,8.389,1271.7,0.01251,0.00099,24,Nguy hiểm
7.58,103.7,458.1,0.78,105.8,0.00583,0.00018,13,Tốt
6.19,81.1,1079.3,0.981,312.9,0.00343,0.00052,19,Trung bình
7.59,807.5,419.6,0.079,70.9,0.00662,0.03383,9,Nguy hiểm
7.41,137.9,413.2,0.851,78.7,0.00135,0.00106,4,Tốt
7.87,133.4,366.3,0.051,192.0,0.00167,0.04501,6,Nguy hiểm
5.19,539.2,949.5,4.43,115.9,0.00593,0.00065,882,Kém
7.71,661.4,2146.5,1.19,167.8,0.00093,0.00861,633,Kém
7.68,195.8,405.6,1.791,124.7,0.00587,0.00098,6,Tốt
7.88,726.0,434.4,7.4,1155.6,0.00026,5e-05,800,Nguy hiểm
8.04,144.1,139.9,0.312,203.0,0.00612,0.00096,4,Tốt
7.88,555.6,191.2,0.322,1202.1,0.11026,0.00777,17,Nguy hiểm
5.12,213.2,1513.1,1.562,66.8,0.01884,0.00144,8,Kém
3.74,192.3,470.8,0.805,1130.2,0.0075,0.00119,13,Nguy hiểm
7.84,151.4,839.8,4.075,273.2,0.00751,0.00079,2705,Nguy hiểm
7.54,364.7,301.8,1.592,181.1,0.01096,4e-05,24,Trung bình
7.42,676.1,494.1,0.884,718.0,0.02441,0.00125,8,Kém
7.96,187.4,416.7,1.044,160.7,0.00187,0.00117,5,Tốt
4.33,120.2,1912.1,9.985,106.9,0.00485,0.00148,1,Nguy hiểm
6.87,332.1,755.3,0.657,206.2,0.00519,0.00013,5,Trung bình
7.63,175.9,1547.1,1.255,65.0,0.02594,0.00085,402,Kém
6.89,136.5,417.7,1.48,158.4,0.00629,0.00087,1,Tốt
7.76,106.2,839.8,1.417,67.3,0.00185,0.02181,730,Nguy hiểm
8.01,170.4,1804.6,1.381,825.5,0.03527,0.0085,13,Kém
6.89,183.0,326.2,1.774,52.1,0.00159,0.00119,8,Tốt
7.91,658.2,166.5,1.635,1149.5,0.01195,0.00025,122,Nguy hiểm
10.17,665.7,165.2,0.552,153.0,0.03205,0.00571,23,Kém
10.77,700.1,324.1,0.677,1164.7,0.01404,0.00137,14,Nguy hiểm
9.61,587.9,1543.0,1.558,353.7,0.00268,0.00125,585,Kém
9.99,428.5,1533.1,1.407,137.9,0.00544,0.0051,19,Kém
7.72,109.2,357.9,1.001,134.8,0.00047,0.00047,1,Tốt
10.8,172.0,375.8,7.453,114.9,0.00773,0.00239,19,Nguy hiểm
6.24,115.5,127.7,8.1,1332.2,0.00194,0.00082,3802,Nguy hiểm
7.94,350.4,471.8,7.708,52.4,0.14577,0.00023,5,Nguy hiểm
7.17,152.0,207.0,1.3,219.8,0.00653,0.00131,1,Tốt
6.77,90.1,474.6,1.595,147.3,0.00296,0.00035,6,Tốt
7.35,106.9,223.9,1.053,647.0,0.0122,0.01389,632,Nguy hiểm
7.85,148.9,311.7,1.69,151.5,0.00301,3e-05,20,Tốt
11.02,642.7,177.1,1.464,184.2,0.00563,0.01217,2788,Nguy hiểm
8.0,215.5,262.1,0.975,189.3,0.00287,0.00102,22,Tốt
8.09,125.5,295.6,4.782,1078.1,0.02748,0.0054,14,Nguy hiểm
7.1,95.8,146.8,0.062,186.8,0.00765,0.00338,72,Trung bình
5.31,162.8,484.8,4.28,572.9,0.00388,0.00129,563,Kém
9.93,201.1,329.6,0.33,692.4,1e-05,0.00673,645,Kém
6.75,555.9,2149.4,1.022,665.0,0.00134,0.00081,3736,Nguy hiểm
9.9,130.5,2126.7,0.983,517.3,0.0233,0.0009,3,Kém
8.1,134.2,90.2,1.37,255.9,0.01352,0.00113,17,Trung bình
7.4,158.5,252.5,0.657,76.3,0.00719,0.00129,22,Tốt
7.79,124.0,3180.4,9.459,129.7,0.00731,0.02514,20,Nguy hiểm
7.08,176.7,152.5,5.219,117.1,0.00109,0.03176,20,Nguy hiểm
6.37,154.3,177.9,4.705,80.8,0.03869,0.00065,521,Kém
7.06,95.8,327.5,0.598,121.4,0.00197,0.0004,11,Tốt
10.01,208.0,2035.0,4.878,201.1,0.00796,0.00493,1,Kém
6.28,680.1,411.8,4.156,1357.8,0.00697,0.00051,17,Nguy hiểm
8.16,110.6,141.8,1.857,161.7,0.00657,0.00034,22,Tốt
7.95,112.9,269.1,1.361,77.5,0.00423,0.00071,24,Tốt
6.9,100.1,144.5,1.975,182.6,0.01204,0.00291,21,Trung bình
7.56,144.5,192.3,4.452,713.5,0.02775,0.00784,74,Kém
7.24,161.0,310.2,0.342,79.5,0.00793,0.00044,23,Tốt
7.38,157.9,1519.9,4.628,562.9,0.00034,0.00568,174,Kém
5.27,632.3,1805.4,4.587,159.4,0.00433,3e-05,11,Kém
7.04,111.4,375.2,1.076,118.1,0.00338,0.00333,141,Trung bình
6.74,218.8,839.0,0.995,182.9,0.00695,0.00122,56,Trung bình
5.28,218.0,198.1,3.711,150.9,0.09714,0.00453,17,Nguy hiểm
5.2,673.1,2173.6,0.599,64.2,0.00762,0.00149,323,Kém
7.17,378.1,1053.2,0.499,261.8,0.00605,0.00108,11,Trung bình
6.34,182.3,311.3,1.534,190.4,0.00625,0.00016,70,Trung bình
8.19,142.6,162.4,1.902,107.4,0.00455,0.001,8,Tốt
3.42,804.0,372.0,0.807,214.7,0.00322,0.0032,10,Nguy hiểm
11.21,911.3,83.7,6.548,214.7,0.00135,0.00074,24,Nguy hiểm
6.17,207.9,464.8,3.745,189.8,0.00132,0.00108,0,Trung bình
7.3,163.9,1801.9,0.948,798.4,0.03344,0.00122,116,Kém
7.33,201.0,1693.9,4.781,614.7,0.02438,0.00101,14,Kém
7.71,326.1,811.7,1.284,312.5,0.00334,0.00048,5,Trung bình
7.53,651.2,1523.0,3.706,90.3,0.0013,0.00547,398,Kém
4.32,908.4,358.0,1.942,121.9,0.17069,9e-05,250,Nguy hiểm
6.84,136.3,235.4,0.053,121.6,0.00554,0.00263,10,Trung bình
6.98,104.6,274.8,1.071,194.1,0.00721,0.00024,22,Tốt
10.0,671.1,1708.9,1.815,120.4,2e-05,0.00022,18,Kém
6.36,359.7,152.1,1.34,132.5,0.00035,0.00133,12,Trung bình
7.03,670.6,1073.5,4.443,134.3,0.04096,0.00056,871,Kém
7.27,129.4,1086.6,5.382,300.9,0.00062,0.0006,72,Nguy hiểm
8.05,698.0,1989.8,0.921,331.0,0.0211,0.0049,18,Kém
7.27,155.3,193.3,1.429,135.1,0.00251,0.00108,11,Tốt
6.09,92.7,81.2,1.481,825.2,0.02027,0.00793,25,Kém
6.71,167.7,129.3,0.431,558.4,0.00129,0.03425,9,Nguy hiểm
9.72,621.6,284.5,3.492,639.2,0.00719,0.0013,216,Kém
7.87,88.1,438.4,1.253,202.1,0.0024,0.00142,9,Tốt
7.96,884.4,94.9,1.556,97.4,0.07711,0.0002,3,Nguy hiểm
7.72,639.4,419.1,1.739,86.3,0.02194,0.00764,723,Kém
10.11,190.2,435.0,4.501,727.5,0.02938,0.00126,18,Kém
6.08,175.4,388.6,4.74,767.6,0.03173,0.00749,23,Kém
7.18,367.2,192.0,1.986,784.2,0.0185,0.00678,633,Kém
5.44,180.6,240.2,0.784,64.2,0.08723,0.026,24,Nguy hiểm
6.06,361.1,913.8,0.68,186.1,0.00578,0.00142,5,Trung bình
7.84,605.8,234.1,1.589,112.5,0.00504,0.00037,4370,Nguy hiểm
7.13,90.1,97.0,1.965,44.7,0.00559,0.00071,7,Tốt
7.07,398.6,377.6,1.249,339.8,0.00332,0.00038,18,Trung bình
6.78,120.1,195.7,4.428,89.1,0.07548,0.0001,21,Nguy hiểm
10.74,123.6,968.7,1.15,69.1,0.01106,0.00857,12,Nguy hiểm
9.87,718.0,395.7,0.591,136.1,0.01242,0.00452,11,Kém
9.98,126.1,1841.0,0.921,577.4,0.00162,0.00826,19,Kém
8.84,380.4,491.7,1.4,282.9,0.00439,0.00101,10,Trung bình
7.98,146.2,143.0,1.172,170.3,0.00209,0.00015,16,Tốt
3.51,88.8,317.1,1.546,94.2,0.00794,0.009,25,Nguy hiểm
7.24,146.5,496.9,0.078,274.6,0.00784,0.00037,5,Trung bình
7.19,113.5,469.2,0.766,164.2,0.00703,0.00067,5,Tốt
6.03,213.7,262.5,1.122,168.0,0.00135,0.00058,82,Trung bình
7.91,99.5,207.0,0.931,119.0,0.00208,0.00141,10,Tốt
8.59,215.0,752.7,0.63,219.8,0.00437,0.00033,1,Trung bình
6.73,195.6,994.1,1.489,400.7,0.00734,0.00113,0,Trung bình
8.84,159.3,419.0,1.677,133.9,0.01314,0.00042,17,Trung bình
6.92,140.3,2835.7,1.834,160.8,0.13226,0.03897,15,Nguy hiểm
6.96,583.3,1520.8,1.314,74.2,0.02009,0.00011,2,Kém
7.64,92.0,303.3,1.707,90.0,0.0072,0.00067,9,Tốt
6.9,142.5,3100.5,0.765,200.1,0.00741,0.00244,4521,Nguy hiểm
5.15,110.3,86.2,1.187,187.3,0.00571,0.00129,4448,Nguy hiểm
6.26,114.2,146.4,1.87,185.9,0.01437,0.00018,17,Trung bình
7.29,191.1,249.7,0.318,157.7,0.00437,0.00128,10,Tốt
7.67,378.4,402.0,1.631,296.1,0.0013,0.00105,77,Trung bình
7.75,84.6,322.0,1.021,166.6,0.01126,0.00141,88,Trung bình
6.21,191.3,416.0,1.464,308.1,0.00586,0.00306,2,Trung bình
6.19,171.2,494.1,1.179,154.4,0.00626,0.00241,7,Trung bình
7.69,212.4,177.2,0.854,122.0,0.00501,0.00136,11,Tốt
7.98,417.5,772.0,0.599,197.3,0.01288,0.0005,23,Trung bình
7.32,322.1,124.4,0.041,266.7,0.00411,0.00061,22,Trung bình
6.84,141.6,186.8,1.123,133.0,0.00645,0.00071,25,Tốt
7.65,317.3,220.9,3.387,55.3,0.00615,0.00011,11,Trung bình
7.86,142.2,414.5,0.445,1287.7,0.00719,0.00045,3703,Nguy hiểm
7.05,349.3,439.1,1.588,280.6,0.00611,0.00306,16,Trung bình
5.1,164.9,1642.4,1.588,143.7,0.00261,0.00068,410,Kém
8.78,116.0,1030.4,1.146,198.4,0.00105,0.00013,14,Trung bình
7.0,590.2,1755.5,0.367,689.4,0.00608,0.00836,17,Kém
7.02,175.0,339.9,1.795,78.3,0.00015,0.00374,73,Trung bình
7.11,194.7,423.7,1.13,162.6,0.00208,0.00013,11,Tốt
9.74,98.2,222.8,1.874,161.1,0.00549,0.0305,7,Nguy hiểm
8.15,126.6,732.2,0.583,201.7,0.01115,0.00127,137,Trung bình
6.03,376.7,164.8,0.037,154.9,0.10069,0.00096,23,Nguy hiểm
7.03,112.0,2089.9,0.03,53.3,0.17744,0.00329,16,Nguy hiểm
7.83,330.8,271.1,1.344,390.7,0.00032,0.00257,7,Trung bình
7.14,170.8,236.7,1.53,61.0,0.00667,0.01854,1353,Nguy hiểm
10.22,647.0,2091.0,1.474,112.9,0.00078,0.00126,20,Kém
5.25,551.7,1923.7,4.817,64.3,0.00204,0.00103,13,Kém
8.18,186.3,941.1,4.213,759.7,0.03071,0.00124,221,Kém
6.25,82.4,348.7,1.9,279.5,0.00192,0.00121,24,Trung bình
11.21,713.3,2016.3,1.999,95.6,0.00409,0.00108,0,Nguy hiểm
7.38,139.1,175.3,0.072,173.5,0.00026,0.00149,55,Trung bình
7.26,734.7,391.9,1.172,825.2,0.12887,0.0011,170,Nguy hiểm
11.32,614.0,311.9,0.346,197.4,0.00266,0.00133,218,Nguy hiểm
6.16,166.1,103.9,0.331,91.8,0.01194,0.00023,13,Trung bình
8.13,87.6,474.7,4.496,113.0,0.00334,0.00538,1557,Nguy hiểm
7.69,164.3,106.9,1.455,99.6,0.00714,0.00125,8,Tốt
3.52,87.6,307.3,0.046,48.2,0.15251,0.00026,20,Nguy hiểm
7.08,377.5,292.4,0.402,298.1,0.00766,0.00067,22,Trung bình
7.57,517.8,337.6,1.124,40.3,0.03058,0.00049,538,Kém
6.01,124.6,339.4,0.382,120.1,0.01108,0.00107,23,Trung bình
7.24,86.4,279.1,1.622,322.0,0.00732,0.00135,96,Trung bình
8.01,214.7,186.2,1.949,1217.9,0.06326,0.00028,18,Nguy hiểm
5.3,657.1,224.1,1.113,217.9,0.04254,0.00486,174,Kém
6.82,122.8,133.9,1.816,62.8,0.0023,0.0004,11,Tốt
8.86,178.8,934.9,1.089,183.5,0.01096,0.0013,22,Trung bình
4.55,101.2,3017.3,0.459,1317.9,0.00546,0.00019,435,Nguy hiểm
4.03,185.2,119.2,1.101,71.5,0.00042,0.00854,75,Nguy hiểm
7.02,195.8,113.7,1.724,208.5,0.0032,0.0003,8,Tốt
7.52,185.1,1040.0,1.508,103.7,0.0136,0.00378,16,Trung bình
7.48,684.3,184.7,0.948,809.9,0.00445,0.00619,250,Kém
7.93,94.5,136.4,0.383,96.4,0.00121,0.0005,17,Tốt
7.37,143.9,2160.7,4.907,706.5,0.03171,0.00023,15,Kém
5.2,684.9,240.2,1.781,697.6,0.00116,0.00059,325,Kém
7.62,209.4,2046.1,8.9,197.8,0.00477,0.00031,8,Nguy hiểm
7.63,355.2,2103.4,4.907,824.4,0.03855,0.00081,3,Kém
8.18,143.7,213.6,0.848,70.4,0.00497,0.00076,7,Tốt
8.71,370.0,125.3,6.769,90.8,0.00358,0.00126,135,Nguy hiểm
7.77,165.3,125.2,1.772,62.4,0.00119,0.00043,16,Tốt
7.36,117.2,481.1,0.682,164.8,0.00038,0.00147,17,Tốt
9.9,534.7,2143.9,1.338,194.1,0.00699,0.00076,428,Kém
7.54,208.9,100.9,3.204,113.4,0.00053,0.02035,4058,Nguy hiểm
7.99,208.6,122.9,0.399,212.4,0.00736,4e-05,18,Tốt
7.98,203.3,361.1,0.448,44.1,0.0059,0.00056,1,Tốt
7.66,549.3,1048.9,4.386,770.3,0.00271,0.00044,476,Kém
8.12,370.8,1021.9,0.696,296.9,0.00667,0.00034,21,Trung bình
7.31,677.2,377.0,6.816,198.7,0.00491,0.00044,5,Nguy hiểm
7.96,315.9,1891.2,0.594,194.3,0.1446,0.00103,1,Nguy hiểm
6.79,203.2,341.5,0.414,212.7,0.00739,0.00083,8,Tốt
7.85,143.8,179.9,1.082,150.7,0.00564,0.00106,23,Tốt
11.61,147.5,332.7,0.443,106.6,0.01449,0.00094,2162,Nguy hiểm
7.75,205.6,971.8,1.468,406.3,0.01229,0.0015,7,Trung bình
7.02,519.4,142.2,3.18,529.7,0.00114,0.00462,4,Kém
6.23,317.5,235.3,1.841,43.3,0.00435,0.0009,21,Trung bình
6.95,672.2,197.7,4.451,82.5,0.04203,0.00708,17,Kém
7.49,166.3,1063.0,0.312,274.9,0.01381,0.00084,7,Trung bình
5.36,155.6,352.4,1.936,1394.7,0.00739,0.00227,25,Nguy hiểm
8.89,139.8,426.1,1.045,189.2,0.01372,8e-05,179,Trung bình
7.56,723.8,201.7,0.437,54.6,0.09894,0.03207,5,Nguy hiểm
5.36,617.6,1738.1,4.726,292.5,0.00626,0.0008,16,Kém
8.16,166.0,87.9,1.49,161.3,0.0032,0.0006,9,Tốt
7.03,174.3,145.4,4.937,626.8,0.02823,0.0004,291,Kém
7.47,709.1,2106.1,1.231,90.3,0.04385,0.00556,129,Kém
6.88,106.3,1605.9,4.398,564.9,0.00746,0.00094,337,Kém
6.08,202.6,289.6,1.1,724.2,0.00783,0.00064,3494,Nguy hiểm
8.15,199.2,144.4,0.762,167.1,0.00764,0.00076,11,Tốt
7.26,134.5,119.1,1.856,60.6,0.00682,0.00013,5,Tốt
7.99,188.1,1664.4,0.381,95.3,0.02761,0.00621,21,Kém
7.66,607.7,202.6,1.889,686.4,0.00704,0.00108,382,Kém
6.75,701.5,759.4,0.332,1112.1,0.00447,0.00147,4995,Nguy hiểm
9.83,556.5,296.1,1.312,814.1,0.02908,0.00137,18,Kém
7.1,671.7,461.4,0.075,64.8,0.03296,0.00093,427,Kém
7.27,177.4,130.1,1.512,185.4,0.00708,4e-05,8,Tốt
6.98,360.1,169.1,4.774,123.0,0.0351,0.00137,368,Kém
7.98,204.9,2511.7,5.85,292.3,0.00514,0.00061,13,Nguy hiểm
7.7,91.0,196.2,0.854,97.5,0.00224,0.00124,22,Tốt
6.87,620.8,327.5,4.297,53.2,0.00752,0.00726,441,Kém
3.83,715.3,94.1,1.483,72.4,0.09877,0.0057,18,Nguy hiểm
6.71,114.7,444.6,0.555,126.2,0.00297,0.00052,20,Tốt
5.39,107.6,204.1,4.662,53.5,0.02971,0.00683,2,Kém
5.26,642.4,177.4,0.941,703.4,0.00697,0.00506,12,Kém
6.8,188.0,263.5,1.748,184.3,0.0077,0.00015,22,Tốt
7.44,104.6,261.3,0.891,57.6,0.00663,0.00114,17,Tốt
5.18,657.3,1582.1,1.48,108.1,0.00125,0.00105,707,Kém
6.7,120.8,246.2,1.366,174.0,0.00542,0.00029,21,Tốt
8.92,182.7,95.8,3.419,192.3,0.00658,0.00079,14,Trung bình
8.91,387.4,205.5,1.448,133.0,0.00255,0.00095,94,Trung bình
10.15,682.3,492.0,0.491,740.2,0.0121,0.00087,429,Kém
7.9,149.0,168.0,3.671,388.3,0.00388,0.00079,180,Trung bình
8.77,327.7,306.0,0.088,117.6,0.00607,0.00118,17,Trung bình
6.86,208.9,133.8,4.875,556.6,0.0446,0.00694,11,Kém
6.09,206.8,441.5,3.152,43.6,0.00338,0.00289,13,Trung bình
7.53,156.1,96.3,1.047,101.8,0.00074,0.0,25,Tốt
11.99,201.9,284.6,1.169,279.3,0.00198,0.00081,5,Nguy hiểm
7.77,155.9,795.3,1.691,114.0,0.01347,0.00142,23,Trung bình
7.9,148.8,210.9,3.862,258.4,0.00413,0.0027,17,Trung bình
6.04,160.9,856.5,1.816,178.0,0.0014,0.00148,122,Trung bình
5.37,567.8,105.3,4.407,661.0,0.00052,0.00103,14,Kém
6.98,682.6,1977.6,0.619,214.8,0.03158,0.00135,0,Kém
8.83,205.7,207.9,0.555,133.1,0.011,0.00036,63,Trung bình
6.95,162.8,329.3,1.63,48.7,0.00706,0.00119,11,Tốt
9.04,144.3,335.4,1.37,216.2,0.00182,0.00365,19,Trung bình
5.16,553.7,263.3,0.933,49.7,0.04429,0.00624,3,Kém
8.11,177.3,496.7,4.78,549.3,0.00404,0.00469,739,Kém
6.71,189.5,398.8,1.469,72.1,0.00215,0.00125,20,Tốt
7.8,539.6,1620.6,1.706,153.1,0.00054,0.00882,155,Kém
6.87,219.0,477.7,1.624,115.4,0.01081,0.00245,149,Trung bình
8.11,352.6,307.4,1.756,121.2,0.00213,0.00234,20,Trung bình
9.05,214.3,455.6,6.871,190.6,0.08974,0.00102,380,Nguy hiểm
7.47,82.5,799.2,1.253,60.1,0.0065,0.0275,822,Nguy hiểm
7.88,100.5,163.0,1.591,1051.5,0.00778,0.00633,0,Nguy hiểm
8.13,85.8,296.6,1.145,400.3,0.01291,0.00139,19,Trung bình
6.88,102.8,457.6,1.512,161.1,0.00739,0.0001,22,Tốt
6.79,128.3,425.0,1.354,100.1,0.00583,0.00037,1,Tốt
7.03,687.4,233.7,1.829,694.5,0.01843,0.00101,5,Kém
6.96,133.3,1061.4,3.373,77.1,0.00718,0.00084,16,Trung bình
6.24,319.2,277.3,0.559,208.0,0.00063,0.00331,24,Trung bình
7.03,128.2,160.2,0.536,165.1,0.00762,0.00059,6,Tốt
4.3,213.4,3061.2,4.497,197.3,0.00024,0.00146,15,Nguy hiểm
6.85,214.8,291.0,1.541,47.5,0.00045,0.00087,6,Tốt
7.83,306.2,463.3,1.623,176.1,0.01273,0.00116,147,Trung bình
9.63,164.0,1562.2,1.335,152.8,0.01886,0.0031,6,Kém
6.23,116.5,175.0,1.331,557.7,0.02136,0.00814,10,Kém
7.26,193.6,238.5,4.569,192.7,0.0019,0.04763,6,Nguy hiểm
9.8,111.4,179.7,4.366,551.4,0.00158,0.02306,17,Nguy hiểm
6.73,116.0,221.4,1.057,141.8,0.0068,0.00076,1,Tốt
7.89,136.9,426.2,3.756,297.7,0.00573,0.00069,22,Trung bình
7.72,145.9,279.6,1.656,152.4,0.00655,0.00034,3,Tốt
7.54,995.2,279.9,0.575,219.2,0.01397,0.03179,91,Nguy hiểm
7.85,550.5,316.8,0.655,634.4,0.02351,0.00057,22,Kém
7.82,142.6,964.2,1.356,380.7,0.00347,0.00068,9,Trung bình
7.69,99.1,479.2,1.032,181.0,0.01093,0.00366,10,Trung bình
7.67,93.9,191.3,1.325,189.3,0.00481,0.00142,10,Tốt
8.09,174.1,431.2,1.191,203.0,0.00468,0.03967,1513,Nguy hiểm
7.14,148.7,2771.8,7.394,130.0,0.00727,0.00094,10,Nguy hiểm
11.41,132.0,279.1,4.686,83.9,0.12541,0.00075,4870,Nguy hiểm
7.21,140.5,325.2,0.872,686.3,0.03874,0.00105,452,Kém
8.57,154.8,1832.9,7.074,1344.6,0.00549,0.00095,12,Nguy hiểm
8.14,855.1,473.8,0.792,129.8,0.00258,0.04877,2,Nguy hiểm
7.34,202.0,1965.5,4.323,81.6,0.0058,0.00376,288,Kém
7.64,185.6,2747.6,0.685,216.7,0.02036,0.00603,3711,Nguy hiểm
8.14,210.3,1613.8,1.294,203.9,0.07708,0.02085,10,Nguy hiểm
7.83,139.5,332.3,1.9,160.7,0.00727,0.0002,12,Tốt
7.32,84.9,738.4,0.059,134.9,0.00722,0.0008,8,Trung bình
7.19,608.9,412.6,4.242,1398.9,0.07596,0.00077,15,Nguy hiểm
7.31,680.0,252.5,0.941,100.1,0.00045,0.00532,799,Kém
7.11,125.2,997.5,0.505,147.7,0.00073,0.00255,154,Trung bình
7.3,211.4,188.3,0.555,96.2,0.00283,0.00079,14,Tốt
7.94,201.3,822.6,0.651,171.3,0.00038,0.0034,0,Trung bình
6.7,156.8,766.3,1.757,78.9,0.00419,0.00314,19,Trung bình
7.58,158.3,90.3,0.676,136.2,0.00062,0.00073,2,Tốt
6.78,200.3,1076.2,0.514,96.2,0.00154,0.0034,144,Trung bình
6.72,110.6,407.0,1.657,112.4,0.00674,0.00111,25,Tốt
8.1,175.5,247.3,0.917,79.4,0.00288,0.00141,8,Tốt
7.64,219.5,206.8,1.559,141.2,0.00382,0.00746,2778,Nguy hiểm
8.84,117.6,209.7,1.708,404.4,0.00753,0.00032,7,Trung bình
7.1,176.0,156.9,0.896,1320.9,0.00229,0.00813,10,Nguy hiểm
5.33,176.7,1632.1,0.7,206.4,0.00337,0.00479,784,Kém
4.4,106.8,2024.9,1.22,1171.1,0.0332,0.00105,7,Nguy hiểm
8.59,145.7,443.4,1.988,53.5,0.14841,0.0008,1,Nguy hiểm
9.78,210.1,865.1,1.975,196.3,0.01065,0.00137,2340,Nguy hiểm
7.74,153.8,1072.8,1.646,94.5,0.01147,0.00148,12,Trung bình
5.16,665.6,198.7,0.485,170.9,0.00167,0.02982,3373,Nguy hiểm
6.71,122.5,3101.0,0.319,616.8,0.00738,0.04582,1294,Nguy hiểm
6.73,149.4,419.4,1.768,106.3,0.00473,1e-05,15,Tốt
5.45,607.5,165.5,4.306,321.9,0.0365,0.00136,18,Kém
6.86,134.4,337.4,4.397,151.6,0.16704,0.00065,746,Nguy hiểm
9.85,969.5,353.8,0.975,1323.9,0.00599,0.00511,22,Nguy hiểm
8.06,429.8,354.5,1.363,71.7,0.00448,0.00237,4,Trung bình
6.99,182.1,258.4,1.778,185.5,0.00687,0.00078,18,Tốt
5.4,511.2,260.5,4.212,108.6,0.01721,0.00056,4,Kém
7.07,175.1,1594.5,0.577,49.5,0.04182,0.00032,629,Kém
7.49,314.3,143.4,1.432,197.7,0.00271,0.00351,22,Trung bình
5.14,120.9,205.3,4.523,70.2,0.01948,0.00649,21,Kém
8.81,86.3,394.1,9.006,1070.6,0.00629,0.00042,303,Nguy hiểm
7.08,144.3,334.3,0.973,63.5,0.00393,0.00035,6,Tốt
7.2,161.0,924.9,0.035,50.6,0.00284,0.00111,56,Trung bình
7.56,677.4,351.4,1.269,1382.0,0.01152,0.003,3,Nguy hiểm
4.01,178.8,372.8,3.473,1265.4,0.00612,0.00146,2116,Nguy hiểm
7.55,204.4,281.8,0.395,133.2,0.00428,0.0005,9,Tốt
7.41,130.3,460.3,0.324,107.0,0.00674,0.00018,18,Tốt
7.65,413.4,415.2,1.683,289.3,0.00051,0.00377,8,Trung bình
8.86,389.8,385.1,1.78,80.9,0.01273,0.00043,7,Trung bình
8.6,157.7,178.4,9.531,78.9,0.00336,0.0393,668,Nguy hiểm
6.98,191.7,401.3,0.831,172.1,0.00148,0.00123,6,Tốt
7.21,128.1,476.0,0.935,350.1,0.01292,3e-05,9,Trung bình
8.08,133.9,337.5,0.765,149.4,0.00019,0.00332,140,Trung bình
7.03,194.4,335.2,1.225,156.5,0.00532,0.00063,11,Tốt
6.89,138.7,248.4,1.745,297.4,0.02064,0.00503,406,Kém
7.86,111.9,242.4,1.59,91.7,0.00367,0.00329,93,Trung bình
7.11,145.7,252.1,7.582,69.0,0.02422,0.03458,169,Nguy hiểm
5.21,631.2,338.1,4.291,654.7,0.00214,0.00044,8,Kém
7.94,162.9,319.8,1.18,60.2,0.00254,0.00036,5,Tốt
6.09,414.4,121.1,9.141,154.6,0.00277,0.02449,3,Nguy hiểm
7.58,86.1,319.8,0.486,293.7,0.01259,0.00241,19,Trung bình
6.3,165.4,890.1,0.08,41.8,0.00314,0.00082,23,Trung bình
7.61,639.7,381.8,0.316,529.3,0.02676,0.00058,741,Kém
6.83,133.6,768.4,0.053,46.7,0.00333,0.00114,6,Trung bình
8.1,116.1,117.6,0.704,100.5,0.00416,0.00012,5,Tốt
7.11,144.9,1535.3,0.477,664.3,0.0049,0.00344,281,Kém
7.58,89.9,375.3,0.056,161.8,0.01233,0.02692,2,Nguy hiểm
8.04,136.1,1067.6,3.15,339.8,0.00245,0.02923,6,Nguy hiểm
10.02,658.5,1650.1,0.832,1122.2,0.00064,0.00077,15,Nguy hiểm
7.02,217.3,258.2,0.356,40.2,0.0076,0.00024,22,Tốt
6.74,103.7,309.9,0.032,217.2,0.01433,0.00138,6,Trung bình
3.49,198.5,888.4,5.437,148.5,0.00416,8e-05,12,Nguy hiểm
6.96,185.5,156.1,0.777,64.9,0.00374,0.00149,18,Tốt
8.19,671.3,424.7,1.537,78.7,0.0064,0.0008,3078,Nguy hiểm
6.74,410.7,495.4,4.004,207.4,0.00642,0.00232,20,Trung bình
8.02,113.0,280.2,1.294,702.2,0.02964,0.00514,800,Kém
7.26,114.1,439.7,1.465,82.0,0.00696,0.0012,2,Tốt
5.3,571.4,155.8,4.626,764.0,0.00396,0.00054,178,Kém
6.72,332.1,739.4,3.53,182.3,8e-05,0.00079,18,Trung bình
7.61,100.5,411.7,0.063,181.0,0.01163,0.00252,19,Trung bình
9.8,146.9,1721.4,1.559,95.2,0.00771,0.00459,395,Kém
8.18,330.6,2893.8,0.363,289.8,0.00439,0.00028,2928,Nguy hiểm
7.1,108.8,104.5,1.436,45.2,0.00204,0.00031,21,Tốt
8.12,195.2,134.6,8.465,583.8,0.00731,0.00062,875,Nguy hiểm
7.63,630.2,493.0,1.803,759.9,0.00425,0.00097,465,Kém
7.21,103.1,264.2,1.226,191.8,0.0,0.00104,13,Tốt
8.91,402.2,204.4,0.781,52.4,0.00321,0.00049,16,Trung bình
6.23,320.9,230.0,1.452,324.2,0.00268,0.00064,9,Trung bình
6.73,147.7,275.5,1.468,58.3,0.00072,0.00072,1,Tốt
11.13,547.1,1075.2,0.317,128.3,0.00392,0.00102,65,Nguy hiểm
8.15,115.6,419.4,0.673,95.0,0.00083,0.00066,3,Tốt
6.72,406.3,387.3,1.359,79.6,0.00259,0.00013,77,Trung bình
7.32,151.1,458.0,0.48,108.3,0.00167,0.00035,23,Tốt
7.94,159.4,477.5,1.039,129.3,0.01443,0.00019,128,Trung bình
6.79,408.3,445.2,1.619,205.6,0.01259,0.00027,62,Trung bình
6.72,660.8,1079.0,4.364,133.9,0.00108,0.00458,261,Kém
7.28,159.2,154.2,0.914,60.1,0.00686,0.00114,6,Tốt
8.13,581.8,222.1,0.99,161.6,0.02894,0.00494,308,Kém
5.24,84.3,441.1,1.927,740.7,0.02677,0.04379,24,Nguy hiểm
5.21,143.2,2066.3,1.198,124.4,0.00762,0.00629,761,Kém
7.63,136.5,474.7,0.584,150.9,0.00055,9e-05,11,Tốt
11.24,537.7,99.9,9.053,209.8,0.00419,9e-05,86,Nguy hiểm
9.6,175.9,173.1,1.092,539.1,0.01194,0.00586,15,Kém
7.13,149.1,298.5,0.332,153.1,0.18355,0.04698,761,Nguy hiểm
6.79,425.9,401.5,0.868,84.0,0.01304,0.00222,16,Trung bình
6.15,102.7,403.4,0.069,94.7,0.00733,0.00096,132,Trung bình
7.37,201.9,99.0,1.326,58.4,0.00644,0.00101,2,Tốt
7.75,377.6,491.2,1.459,40.5,0.01141,0.00055,77,Trung bình
8.67,100.1,238.3,0.649,113.1,0.01317,0.00023,13,Trung bình
7.74,161.4,1861.3,0.665,133.2,0.02884,0.0061,636,Kém
7.24,116.3,220.7,1.442,82.6,1e-05,0.00065,9,Tốt
7.16,173.4,351.8,1.55,42.3,0.00116,0.0005,6,Tốt
7.34,375.3,994.4,0.994,85.4,0.01372,0.00067,2,Trung bình
6.27,145.4,918.3,0.433,210.0,0.00629,0.00311,23,Trung bình
7.84,133.5,475.9,0.415,64.8,0.00331,0.00127,16,Tốt
11.53,178.6,175.4,0.028,195.8,0.01188,0.00047,3,Nguy hiểm
8.65,114.7,231.7,3.239,204.9,0.01096,0.00075,8,Trung bình
5.33,135.7,1788.7,0.95,680.6,0.03706,0.00268,20,Kém
7.45,80.4,335.5,1.315,1325.7,0.16484,0.00027,11,Nguy hiểm
9.05,328.4,92.0,1.269,191.0,0.006,0.00286,1,Trung bình
7.88,162.7,2984.3,0.061,100.3,0.0046,0.04406,15,Nguy hiểm
10.16,566.3,219.7,1.848,724.9,0.00459,0.00675,19,Kém
6.27,113.3,288.8,1.801,150.4,0.00533,0.00031,3188,Nguy hiểm
8.74,88.1,176.5,0.041,377.8,0.00477,0.00044,13,Trung bình
7.31,100.4,269.3,1.077,161.0,0.00668,0.00017,7,Tốt
10.15,188.5,1947.4,0.668,94.0,0.02097,0.001,343,Kém
7.69,641.2,461.5,0.453,663.5,0.00461,0.00087,4885,Nguy hiểm
8.67,131.2,481.3,0.659,90.3,0.01163,0.00112,10,Trung bình
4.53,124.2,423.0,5.908,43.0,0.00736,0.00095,9,Nguy hiểm
8.79,152.5,161.6,0.061,83.2,0.00302,0.00083,2,Trung bình
6.92,652.6,2172.5,1.464,203.1,0.03069,0.00126,85,Kém
7.47,136.8,349.3,1.769,186.0,0.00057,0.00106,18,Tốt
8.07,89.0,1667.8,0.776,644.1,0.00055,0.00465,453,Kém
7.54,140.4,399.6,4.568,111.0,0.18268,0.00133,324,Nguy hiểm
11.11,209.2,297.7,0.849,172.7,0.04236,0.00077,96,Nguy hiểm
9.84,717.5,1529.1,1.415,50.7,0.03791,0.00079,148,Kém
6.94,639.9,472.7,4.617,746.1,0.00458,0.00087,384,Kém
7.55,210.6,146.8,0.59,44.9,0.00319,0.00086,2,Tốt
5.15,634.6,285.5,0.972,55.3,0.01199,0.00068,786,Kém
3.8,190.7,373.3,8.702,153.7,0.00769,0.00107,24,Nguy hiểm
7.93,119.9,259.1,0.983,40.5,0.00197,0.00076,5,Tốt
7.38,155.0,322.3,1.252,119.1,0.00244,0.00063,16,Tốt
7.38,83.3,103.0,1.319,135.1,0.00677,0.00096,19,Tốt
7.95,967.4,143.0,1.435,101.2,0.01412,0.001,2560,Nguy hiểm
7.66,178.5,201.6,0.703,404.0,0.01371,0.00138,23,Trung bình
7.01,159.3,442.2,1.063,119.0,0.00293,0.00029,7,Tốt
6.95,189.5,388.7,1.596,212.1,0.00252,0.00116,17,Tốt
7.85,399.6,778.1,1.924,67.6,0.00796,0.00112,86,Trung bình
7.27,84.5,305.3,1.975,49.5,0.12944,0.0065,813,Nguy hiểm
9.86,152.2,296.7,0.855,779.9,0.02288,0.00674,111,Kém
7.74,114.3,106.9,1.014,204.1,0.00339,9e-05,19,Tốt
7.44,305.8,1076.0,0.954,124.3,0.01288,0.00106,17,Trung bình
7.68,352.0,1003.8,4.178,75.1,0.00032,0.00131,24,Trung bình
8.04,134.6,458.2,1.264,85.0,0.18032,0.00086,337,Nguy hiểm
10.91,204.8,400.8,1.539,259.4,0.00188,0.00023,16,Nguy hiểm
7.44,106.1,340.8,0.047,178.0,0.00271,0.00257,8,Trung bình
8.94,169.0,473.2,0.519,42.7,0.0002,0.00367,129,Trung bình
6.98,141.3,446.0,0.432,164.7,0.00485,0.00076,2,Tốt
7.42,172.9,279.7,1.402,69.6,0.00566,0.00109,20,Tốt
6.17,134.3,239.3,1.358,593.3,0.12197,0.0003,2,Nguy hiểm
5.12,109.9,181.7,1.748,97.0,0.04145,0.00727,685,Kém
8.68,346.5,122.9,0.709,48.2,0.00202,0.00085,23,Trung bình
7.02,162.7,313.9,0.387,202.0,0.01119,0.00313,20,Trung bình
5.32,216.0,1989.3,4.89,281.3,0.00337,0.00118,554,Kém
7.67,183.5,490.6,1.777,145.7,0.00622,0.00052,19,Tốt
7.15,156.9,352.6,1.21,99.6,0.00703,0.00074,18,Tốt
7.57,173.3,189.4,1.002,92.5,0.00789,0.00109,5,Tốt
7.25,126.2,2405.3,8.499,1242.2,0.00293,0.00341,4,Nguy hiểm
7.68,586.0,1719.4,3.473,44.5,0.03343,0.00472,18,Kém
7.27,104.2,109.0,1.698,287.3,0.01329,0.00074,16,Trung bình
7.84,128.4,337.0,1.797,54.7,0.00271,0.00076,16,Tốt
6.99,96.6,308.0,1.311,152.9,0.00759,2e-05,2,Tốt
6.9,994.9,327.8,5.391,150.1,0.00245,0.00032,4,Nguy hiểm
6.82,181.1,295.2,0.588,151.3,0.00197,0.00046,11,Tốt
8.2,208.1,336.5,1.906,116.2,0.0038,0.00128,22,Tốt
8.07,82.2,499.2,4.751,760.2,0.02086,0.00036,4952,Nguy hiểm
6.87,139.9,203.6,0.998,219.5,0.00756,0.00124,7,Tốt
8.0,206.6,359.9,0.506,198.6,0.00296,0.00078,7,Tốt
6.81,139.5,311.5,0.819,83.3,0.00628,0.00031,14,Tốt
7.9,550.1,410.9,1.823,88.2,0.00345,0.01985,21,Nguy hiểm
7.72,82.4,257.6,1.143,86.9,0.00351,0.00071,18,Tốt
7.24,81.6,227.6,4.67,518.4,0.0274,0.00121,612,Kém
8.81,122.8,200.7,1.872,79.3,0.00434,0.00291,8,Trung bình
6.81,92.9,361.1,1.925,164.5,0.00605,0.00057,6,Tốt
8.08,134.6,1020.9,1.227,172.2,0.00029,0.00018,104,Trung bình
7.74,113.6,228.6,1.245,71.0,0.00162,8e-05,23,Tốt
7.8,173.9,151.7,1.716,69.9,0.0066,0.00141,23,Tốt
8.87,153.4,328.5,1.018,261.1,0.00708,0.00143,86,Trung bình
7.97,126.5,369.5,0.308,1094.1,0.00228,0.04423,1,Nguy hiểm
8.07,86.8,957.6,0.417,91.3,0.01349,0.00055,16,Trung bình
7.35,119.1,1097.2,3.984,160.9,0.01193,0.00149,8,Trung bình
8.05,118.3,403.3,1.894,167.0,0.01255,0.03088,20,Nguy hiểm
10.27,521.1,132.3,3.255,611.8,0.03838,0.00094,1,Kém
7.49,546.9,1786.5,0.599,90.8,0.00714,0.00455,589,Kém
5.36,597.5,2127.5,1.195,186.2,0.00528,0.00042,769,Kém
8.62,111.2,120.5,1.77,57.7,0.00562,5e-05,139,Trung bình
10.05,659.1,95.7,0.086,599.2,0.04027,0.0002,4,Kém
6.84,128.5,2088.1,4.328,209.4,0.03549,0.00626,13,Kém
7.0,207.0,196.3,1.418,199.2,0.00426,0.0013,23,Tốt
7.53,115.5,995.7,1.266,280.6,0.00108,0.0009,20,Trung bình
11.78,121.9,482.8,5.35,83.1,0.01078,0.00058,714,Nguy hiểm
6.94,143.0,241.7,0.577,341.9,0.01368,0.00229,10,Trung bình
6.77,138.1,477.6,1.957,163.0,0.00618,0.00146,2,Tốt
7.4,163.0,355.4,1.596,1399.6,0.00234,0.00113,100,Nguy hiểm
6.05,164.4,3040.6,0.719,1251.6,0.00575,7e-05,64,Nguy hiểm
8.02,178.0,401.2,4.688,664.3,0.04075,0.00048,2989,Nguy hiểm
11.71,144.4,387.2,0.351,157.5,0.0196,0.00011,3,Nguy hiểm
9.97,158.2,1819.0,1.357,180.8,0.00505,0.00618,306,Kém
10.77,219.1,313.1,3.929,196.2,0.00796,0.00138,2,Nguy hiểm
3.88,119.8,454.4,9.099,64.0,0.00747,0.00102,9,Nguy hiểm
6.87,160.2,281.4,0.679,45.4,0.00798,2e-05,8,Tốt
7.98,159.5,172.0,0.726,296.1,0.00233,0.02694,11,Nguy hiểm
10.0,315.6,424.7,4.24,170.8,0.01607,0.00683,15,Kém
8.94,209.2,309.2,1.376,373.4,0.00522,0.00266,15,Trung bình
7.28,634.3,1596.5,4.245,198.2,0.02854,0.00337,8,Kém
6.01,85.5,94.0,1.196,1259.2,0.00728,0.0013,6,Nguy hiểm
6.1,344.3,265.4,1.424,105.0,0.00567,0.00044,22,Trung bình
6.74,555.1,148.4,4.687,773.0,0.00537,0.00488,73,Kém
8.16,416.0,490.4,0.568,261.9,0.00454,0.00367,23,Trung bình
5.13,89.4,262.5,0.739,616.4,0.006,0.00659,239,Kém
7.74,323.9,733.1,9.375,719.4,0.00737,0.00022,15,Nguy hiểm
7.62,89.6,288.7,0.406,179.9,0.00777,0.0012,9,Tốt
7.46,912.2,2216.0,7.718,297.9,0.00091,0.00052,4,Nguy hiểm
7.98,700.9,429.3,8.195,119.1,0.00468,0.0015,4,Nguy hiểm
6.3,111.8,293.0,0.039,105.7,0.00349,0.00361,12,Trung bình
7.45,169.4,158.3,1.097,175.8,0.00305,0.0001,21,Tốt
6.95,827.9,471.0,6.493,143.8,0.00348,0.00043,5,Nguy hiểm
7.94,144.0,458.5,0.902,416.2,0.00154,0.00778,2947,Nguy hiểm
5.23,104.5,300.8,0.444,706.1,0.01762,0.00125,631,Kém
6.91,137.6,151.2,1.872,192.7,0.0009,0.0013,21,Tốt
7.29,81.6,1860.2,1.025,650.3,0.03387,0.00027,10,Kém
7.46,93.7,82.0,1.824,210.3,0.00629,0.0007,11,Tốt
7.2,81.5,96.2,3.739,418.4,9e-05,0.00113,7,Trung bình
7.65,182.0,1012.8,0.803,137.2,0.00723,0.00029,74,Trung bình
7.05,191.6,462.1,1.233,200.0,0.03415,0.04229,14,Nguy hiểm
6.91,84.3,391.5,1.253,91.0,0.00358,0.00025,13,Tốt
7.61,178.6,215.2,0.579,174.4,0.00321,0.00068,16,Tốt
6.18,168.3,81.8,1.226,1083.7,0.00616,0.00033,23,Nguy hiểm
3.46,150.3,1934.4,1.239,121.0,0.00312,0.00077,15,Nguy hiểm
6.73,148.8,191.8,0.564,141.8,0.04187,0.00149,3834,Nguy hiểm
8.17,137.3,196.5,0.73,84.5,0.15922,0.00584,3997,Nguy hiểm
7.76,133.2,447.0,0.833,739.1,0.02326,0.00519,21,Kém
8.74,392.7,469.7,1.891,45.6,0.00341,0.00051,168,Trung bình
7.96,171.5,396.9,0.424,45.0,0.00632,0.00058,4,Tốt
8.18,196.7,2507.6,1.85,113.7,0.11275,0.00106,24,Nguy hiểm
8.12,320.8,302.8,1.869,88.1,0.0061,0.00315,16,Trung bình
8.95,611.0,486.5,6.613,180.1,0.00398,0.0003,14,Nguy hiểm
7.63,102.4,290.3,1.356,96.8,0.00361,0.00041,21,Tốt
7.59,128.5,184.0,0.877,116.3,0.01076,0.00355,21,Trung bình
10.08,161.2,1771.2,1.832,123.5,0.00616,0.0083,373,Kém
8.69,136.5,406.4,0.841,301.5,0.00295,0.0031,7,Trung bình
9.02,86.6,272.5,4.406,705.7,0.00675,0.00067,2923,Nguy hiểm
7.43,370.7,1806.9,0.964,792.0,0.00109,0.00489,3,Kém
7.99,162.4,485.7,1.936,217.8,0.00548,0.00055,1,Tốt
11.14,309.4,233.0,1.072,595.0,0.00334,0.00275,24,Nguy hiểm
7.46,89.7,406.1,1.913,191.2,0.00162,0.00132,4,Tốt
7.87,414.2,465.6,1.44,53.4,0.00046,0.03032,852,Nguy hiểm
5.31,106.8,1890.4,4.222,97.3,0.0034,0.00046,609,Kém
7.35,515.2,1993.6,4.772,90.0,0.02118,0.00041,5,Kém
7.74,195.7,332.1,1.329,177.4,0.00488,0.00062,7,Tốt
7.23,178.1,241.1,1.013,160.1,0.00121,2e-05,5,Tốt
7.88,642.6,351.3,1.688,642.9,0.04065,0.0068,4,Kém
7.3,126.4,303.6,1.002,96.3,0.09103,0.03791,293,Nguy hiểm
7.04,718.8,1715.2,3.842,162.0,0.00534,0.00538,14,Kém
6.82,81.0,2854.3,0.974,1288.1,0.00214,0.02678,24,Nguy hiểm
10.25,515.2,157.7,0.565,287.1,0.00276,0.00682,499,Kém
8.07,168.0,188.3,1.822,639.1,0.04115,0.00378,781,Kém
11.79,365.8,223.4,3.906,410.5,0.00179,0.0004,19,Nguy hiểm
6.07,179.4,1004.0,0.91,213.8,0.00588,0.0013,68,Trung bình
8.94,343.0,138.2,1.886,119.5,0.00637,0.00223,19,Trung bình
7.21,206.3,326.3,0.63,148.1,0.00026,0.00134,16,Tốt
6.72,425.3,139.0,0.778,100.3,0.01373,0.00037,23,Trung bình
7.64,394.8,159.4,1.611,267.1,0.0075,0.00029,6,Trung bình
6.79,190.8,299.7,7.341,173.0,0.13035,0.00142,561,Nguy hiểm
7.75,190.8,406.5,3.678,143.5,0.15406,0.04798,17,Nguy hiểm
7.51,96.2,459.4,1.686,208.0,0.00647,0.00054,15,Tốt
7.76,131.0,402.1,1.69,71.7,0.00275,0.00017,18,Tốt
7.84,195.7,451.3,0.842,133.8,0.00661,0.00091,15,Tốt
3.85,111.0,234.5,1.993,159.3,0.00733,0.0037,18,Nguy hiểm
7.42,172.1,444.0,0.076,217.6,0.00649,0.00038,4008,Nguy hiểm
7.66,209.6,1783.2,1.019,58.4,0.02751,0.00664,2,Kém
9.73,643.6,878.5,0.751,66.2,0.0062,0.00742,3,Kém
7.17,105.3,119.0,1.194,199.1,0.00032,0.00071,18,Tốt
5.26,142.4,1992.5,4.557,136.7,0.03638,0.00135,16,Kém
7.76,141.8,151.3,1.568,59.6,0.00341,0.00096,18,Tốt
7.71,555.5,367.1,0.513,212.3,0.03762,0.00048,725,Kém
7.88,379.3,448.6,1.279,214.9,0.00154,0.00032,124,Trung bình
7.09,190.6,424.0,0.087,105.8,0.01349,0.00053,125,Trung bình
7.54,123.8,390.9,4.774,1376.2,0.00197,0.00086,13,Nguy hiểm
7.02,96.0,346.6,0.474,215.4,0.0,0.0007,13,Tốt
7.38,378.2,258.4,0.078,217.1,0.00567,0.00037,22,Trung bình
7.52,397.9,110.6,0.864,299.2,0.01372,0.00142,4,Trung bình
7.51,154.9,249.6,1.857,150.0,0.00498,0.00038,19,Tốt
6.94,138.9,469.6,1.925,173.3,0.00685,0.00071,5,Tốt
7.04,529.9,152.8,1.084,117.1,0.04389,0.00013,459,Kém
8.64,354.2,451.9,0.856,74.4,0.01336,0.0002,12,Trung bình
5.22,98.2,491.6,1.855,514.4,0.01375,0.00811,23,Kém
7.24,83.3,323.9,1.708,111.7,0.00058,0.00065,21,Tốt
8.97,144.0,100.5,1.593,219.4,0.01293,0.00114,11,Trung bình
7.02,362.4,362.9,1.426,46.7,0.00201,0.0012,112,Trung bình
8.07,363.1,326.1,3.64,159.0,0.00428,0.00122,18,Trung bình
7.99,101.4,822.2,9.233,202.0,0.00473,0.04676,3978,Nguy hiểm
10.29,603.2,458.0,4.761,212.7,0.00424,0.00092,220,Kém
6.8,543.8,179.9,0.891,592.6,0.02041,0.00835,1,Kém
5.25,645.0,409.1,0.998,562.7,0.00082,0.00074,757,Kém
7.53,206.9,197.7,1.517,57.5,0.00522,0.00024,21,Tốt
6.96,102.3,331.1,1.098,527.0,0.04434,0.00043,579,Kém
8.13,344.1,81.1,1.362,1224.2,0.00579,0.00073,16,Nguy hiểm
7.17,168.2,135.9,0.369,211.1,0.00245,0.00099,6,Tốt
6.79,160.1,294.3,1.937,1244.1,0.00523,0.00133,1184,Nguy hiểm
6.72,200.4,285.1,0.034,327.7,0.01292,0.00081,12,Trung bình
9.73,150.2,143.4,1.396,563.1,0.00473,0.00336,490,Kém
8.94,169.1,203.8,1.101,150.5,0.01327,0.00107,24,Trung bình
7.53,103.3,312.0,1.697,68.7,0.00438,0.00141,24,Tốt
7.66,154.7,398.8,0.958,101.8,0.00255,0.00063,16,Tốt
7.39,910.3,367.3,3.88,56.4,0.00335,0.0321,2907,Nguy hiểm
6.88,521.8,135.2,4.347,138.8,0.03489,0.00512,6,Kém
4.8,81.7,484.1,0.954,714.1,0.00678,3e-05,12,Nguy hiểm
6.71,187.9,843.2,1.933,275.2,0.00611,0.00266,1,Trung bình
7.45,219.1,180.6,0.52,54.3,0.00664,5e-05,14,Tốt
9.95,123.3,227.4,0.494,753.1,0.00052,0.0055,14,Kém
8.02,368.8,193.2,6.662,130.8,0.10837,0.00277,16,Nguy hiểm
6.76,336.8,342.7,0.546,789.2,0.02111,0.00544,499,Kém
7.5,327.9,747.1,0.791,382.1,0.00758,0.00055,10,Trung bình
6.78,84.5,382.5,0.393,187.5,0.00355,0.00077,9,Tốt
8.57,86.4,435.7,4.558,105.4,0.00274,0.00501,386,Kém
7.5,386.7,108.0,1.417,185.2,0.01131,0.00025,176,Trung bình
7.25,160.6,308.9,4.934,418.5,0.00086,0.00793,546,Kém
7.17,142.5,126.3,0.467,50.6,0.00667,0.00037,17,Tốt
7.76,361.0,340.9,1.695,178.9,0.01325,0.00056,136,Trung bình
7.89,568.2,282.4,6.819,167.7,0.01324,0.00767,11,Nguy hiểm
7.53,169.8,239.1,0.969,197.3,0.00119,0.00117,9,Tốt
7.78,161.9,422.4,1.843,342.9,0.01404,0.00089,79,Trung bình
7.44,393.7,171.7,0.051,135.0,0.00654,0.00029,176,Trung bình
11.07,97.4,396.6,3.158,207.6,0.00593,0.00104,553,Nguy hiểm
3.54,757.8,1773.2,1.924,214.1,0.01929,0.00106,1,Nguy hiểm
7.25,184.6,752.1,0.598,785.5,0.03776,0.00599,23,Kém
7.7,340.6,1081.4,0.718,266.9,9e-05,0.00033,23,Trung bình
7.57,110.3,264.1,0.331,94.9,0.01109,0.00104,57,Trung bình
7.76,176.7,1526.9,4.627,218.8,0.00642,0.0062,617,Kém
9.01,402.7,360.0,1.624,287.5,0.00497,0.00011,20,Trung bình
8.18,530.8,1908.5,4.224,216.5,0.03056,8e-05,20,Kém
6.85,103.1,202.6,1.024,64.6,0.00239,0.00037,8,Tốt
6.82,189.2,1631.8,4.327,612.1,0.04076,0.00062,24,Kém
8.01,92.3,2007.5,4.652,687.7,0.0002,0.00096,137,Kém
6.35,366.8,215.4,0.565,155.6,0.0017,0.00039,147,Trung bình
6.77,911.6,3188.3,1.364,145.8,0.19014,0.00044,25,Nguy hiểm
7.57,164.7,766.9,3.323,144.8,0.13547,0.00138,2,Nguy hiểm
7.2,118.7,940.9,1.956,111.8,0.00373,0.00339,122,Trung bình
7.71,154.8,268.2,1.854,1303.6,0.12667,0.00111,9,Nguy hiểm
7.74,188.5,381.7,0.608,80.4,0.00478,0.00077,9,Tốt
7.11,180.1,499.4,1.759,335.1,0.01422,0.00223,14,Trung bình
6.84,213.7,221.6,1.951,53.9,0.00774,0.00086,2,Tốt
3.41,708.8,2124.3,1.716,540.0,0.00744,7e-05,15,Nguy hiểm
5.24,114.5,209.3,0.888,576.1,0.00652,0.00594,712,Kém
7.38,524.9,230.0,0.926,127.5,0.03452,0.01627,19,Nguy hiểm
7.94,628.3,126.0,1.939,634.0,0.02895,0.00062,7,Kém
8.16,133.0,2075.7,4.561,177.1,0.04299,0.00053,806,Kém
6.13,181.0,423.6,0.057,346.3,0.00465,0.0015,21,Trung bình
8.09,181.6,259.6,3.332,198.3,0.00704,0.00304,3,Trung bình
4.69,84.3,1028.0,0.635,98.9,0.00401,0.00315,18,Nguy hiểm
6.76,158.2,377.7,0.653,196.0,0.00381,0.00055,0,Tốt
7.32,94.2,392.5,1.165,57.8,0.00396,0.00088,3,Tốt
7.81,377.7,978.1,1.874,112.8,0.00454,0.0025,1,Trung bình
7.3,930.6,328.4,0.087,737.9,0.00131,0.00149,3276,Nguy hiểm
10.03,183.5,1793.8,4.835,391.5,0.00366,0.009,16,Kém
8.65,117.3,474.9,1.911,46.7,0.00311,0.00229,2,Trung bình
4.3,94.1,153.6,0.075,299.3,0.1787,0.00109,15,Nguy hiểm
7.18,380.8,493.8,0.035,141.8,0.00577,0.00364,1,Trung bình
7.33,159.5,1000.2,0.086,168.7,0.00653,0.00282,13,Trung bình
7.47,163.8,95.4,1.049,194.1,0.00093,0.00016,23,Tốt
8.15,215.0,410.8,1.218,147.0,0.00373,0.00116,19,Tốt
7.21,558.9,89.7,1.757,170.7,0.03604,0.00037,382,Kém
5.44,196.3,1847.3,1.282,192.2,0.00677,0.00022,764,Kém
7.48,155.4,454.5,0.825,368.6,0.00188,0.00324,69,Trung bình
8.03,174.6,94.1,1.73,129.7,0.01417,0.0012,160,Trung bình
7.86,215.6,92.3,1.163,60.8,0.00637,0.00055,15,Tốt
8.88,135.3,3138.3,0.068,1326.9,0.0064,0.00081,7,Nguy hiểm
10.81,409.7,348.6,0.959,1185.9,0.00227,0.00131,8,Nguy hiểm
10.25,134.6,113.6,0.621,209.9,0.03541,0.00723,0,Kém
6.86,320.0,723.1,0.831,140.9,0.01434,0.00091,19,Trung bình
7.37,375.5,1022.3,1.042,153.4,0.00057,0.00274,5,Trung bình
7.87,164.9,379.0,1.721,181.8,0.00124,0.00092,8,Tốt
5.25,80.9,437.4,0.754,790.4,0.00667,0.00038,481,Kém
7.75,132.0,143.5,0.384,405.5,0.00756,0.00066,91,Trung bình
7.23,107.1,483.1,1.324,192.5,0.00695,0.0009,6,Tốt
5.23,96.7,1705.7,0.42,113.1,0.00105,0.00469,3,Kém
7.64,124.2,309.8,0.886,198.5,0.00778,0.00086,20,Tốt
7.95,177.7,272.6,1.117,138.7,0.0008,0.00053,10,Tốt
7.15,104.0,2663.1,7.171,185.2,0.00586,0.00124,20,Nguy hiểm
6.3,513.9,229.1,1.32,58.9,0.00059,0.01107,22,Nguy hiểm
5.27,186.7,203.1,4.707,549.4,0.00076,0.00666,10,Kém
11.65,140.4,1651.0,1.119,178.9,0.03357,0.03234,6,Nguy hiểm
6.21,209.4,370.6,1.503,166.2,0.0127,7e-05,23,Trung bình
4.85,321.8,267.6,0.363,205.3,0.00441,0.00035,5,Nguy hiểm
7.28,217.0,362.1,0.455,67.1,0.01375,0.00265,19,Trung bình
7.69,88.4,282.5,0.793,42.9,0.00296,0.00089,14,Tốt
9.86,186.5,1832.6,0.76,86.5,0.04346,0.00045,323,Kém
7.94,85.4,211.9,1.354,50.6,0.0376,0.00546,274,Kém
8.19,206.1,217.0,1.717,325.2,0.0123,0.00134,11,Trung bình
6.74,184.0,1759.8,4.368,148.2,0.0449,0.00131,598,Kém
7.86,692.2,90.9,4.756,522.5,0.00176,0.00147,550,Kém
9.06,115.8,473.6,0.842,64.8,0.01215,0.00146,126,Trung bình
7.67,81.4,849.4,1.938,313.2,0.00223,0.00123,5,Trung bình
5.36,604.7,2175.1,0.853,629.4,0.00283,0.00319,8,Kém
3.95,852.7,423.8,0.791,157.3,0.13576,0.02692,3,Nguy hiểm
6.91,153.5,994.5,1.696,119.9,0.01288,0.00322,1,Trung bình
11.91,841.5,230.7,0.023,848.5,0.00284,0.00037,7,Nguy hiểm
9.81,112.9,324.1,1.374,49.5,0.16677,0.00091,9,Nguy hiểm
11.26,175.7,358.9,4.465,125.2,0.00062,0.00069,16,Nguy hiểm
7.1,113.1,456.7,1.233,103.1,0.00321,6e-05,10,Tốt
8.16,88.2,464.2,0.516,1392.2,0.01281,0.00138,3143,Nguy hiểm
8.08,201.6,381.1,0.437,753.0,0.00043,0.03618,1152,Nguy hiểm
7.76,217.1,363.2,0.562,165.8,0.00269,0.00041,21,Tốt
9.91,118.0,929.7,1.505,149.2,0.00419,0.01573,3213,Nguy hiểm
7.94,335.5,901.8,3.681,148.8,0.008,0.00014,21,Trung bình
7.78,672.2,1855.3,1.237,192.1,0.039,0.00125,17,Kém
6.97,124.4,160.1,4.234,133.6,0.00114,0.03222,23,Nguy hiểm
7.25,863.0,101.8,0.579,96.2,0.00555,0.03483,82,Nguy hiểm
7.26,160.1,392.9,1.299,92.4,0.00252,0.00066,13,Tốt
6.73,217.5,1758.9,4.736,1338.0,0.00221,0.0,308,Nguy hiểm
8.14,160.2,456.6,0.93,325.7,0.00593,0.00365,24,Trung bình
6.92,601.6,785.9,4.653,103.2,0.02199,0.00027,16,Kém
3.95,192.9,2334.8,4.869,133.2,0.00489,0.00239,12,Nguy hiểm
7.74,157.7,484.0,0.656,195.0,0.00072,0.00268,166,Trung bình
5.36,139.0,273.5,0.344,621.0,0.00706,0.00664,286,Kém
8.07,83.3,213.0,1.539,205.5,7e-05,0.00047,12,Tốt
7.32,402.5,459.7,4.849,823.3,0.00042,0.00036,815,Kém
7.75,721.4,1625.5,8.715,206.6,0.00267,0.00038,2496,Nguy hiểm
6.86,405.5,718.2,1.94,372.8,0.00614,0.00123,6,Trung bình
6.8,202.8,371.6,1.573,129.8,0.00393,0.00015,17,Tốt
7.41,117.0,434.8,1.341,51.1,0.00254,0.00031,9,Tốt
8.62,153.0,738.4,0.432,89.9,0.00376,0.00071,15,Trung bình
8.96,182.7,1901.1,4.437,745.7,0.02447,0.00136,18,Kém
6.97,92.1,307.9,0.061,336.4,0.00313,0.00256,23,Trung bình
6.88,173.5,214.4,1.967,171.2,0.00455,0.00128,21,Tốt
7.12,180.3,260.6,0.449,97.1,0.00434,0.00147,19,Tốt
7.81,643.5,1782.6,0.439,560.9,0.00341,0.00087,1,Kém
7.01,128.6,176.9,0.798,89.2,0.00471,0.00115,9,Tốt
5.32,513.7,846.5,1.202,699.1,0.00605,0.00062,6,Kém
6.71,198.5,412.6,1.046,92.0,0.00091,0.00075,6,Tốt
7.82,159.8,1603.0,0.633,699.7,0.03312,1e-05,4,Kém
7.83,193.5,356.6,0.845,44.0,0.00386,0.0049,2805,Nguy hiểm
11.21,122.2,2770.7,1.887,148.6,0.00773,0.04087,16,Nguy hiểm
7.86,350.0,184.1,3.577,213.5,0.00305,0.00283,17,Trung bình
7.81,170.7,951.4,1.292,197.3,0.01143,0.00094,8,Trung bình
7.24,324.1,139.0,4.463,1283.1,0.00168,0.00112,23,Nguy hiểm
7.25,213.7,476.1,1.026,213.3,0.00016,0.00133,18,Tốt
7.52,125.1,732.2,0.494,377.4,0.01219,0.0006,18,Trung bình
8.11,92.1,224.8,0.532,163.6,0.00518,0.00098,15,Tốt
7.42,108.5,167.2,1.645,149.8,0.16833,0.00235,18,Nguy hiểm
9.88,94.9,2128.6,0.311,158.0,0.01788,0.00497,2,Kém
7.36,151.1,1014.6,3.584,177.1,0.00672,0.0008,99,Trung bình
6.23,157.3,773.7,1.591,86.5,0.00104,0.00074,23,Trung bình
5.43,89.8,440.7,0.903,842.4,0.0327,0.0056,19,Kém
6.92,121.6,295.2,1.929,192.5,0.00369,0.00069,1,Tốt
7.28,581.9,179.4,1.96,145.3,0.00367,0.00872,515,Kém
10.8,181.1,1620.3,1.868,68.6,0.01236,0.00121,4,Nguy hiểm
8.11,100.2,239.8,1.513,94.6,0.00662,0.00017,2,Tốt
7.13,129.1,1876.6,0.577,767.0,0.00523,0.00079,361,Kém
7.89,826.3,245.7,1.202,193.8,0.00523,0.00054,2914,Nguy hiểm
10.85,962.1,242.6,3.964,107.7,0.0051,0.00109,156,Nguy hiểm
7.55,307.2,98.7,3.484,48.2,0.00266,0.0003,86,Trung bình
7.17,425.4,1087.5,1.042,87.7,0.00658,0.0007,0,Trung bình
8.73,329.7,193.7,0.977,88.0,0.01304,0.00135,23,Trung bình
6.94,149.4,210.3,1.759,1362.9,0.03841,0.00242,11,Nguy hiểm
7.51,134.2,180.8,1.614,203.1,0.00335,0.0009,10,Tốt
5.25,196.9,306.2,1.327,737.3,0.00517,0.00703,11,Kém
7.96,151.1,809.4,0.022,121.1,0.00653,0.00027,24,Trung bình
7.24,567.0,2104.7,4.75,752.2,0.00163,0.00093,8,Kém
7.32,100.5,1696.6,1.163,800.8,0.00129,0.00602,61,Kém
7.48,143.3,290.2,4.857,526.5,0.00595,0.00797,276,Kém
7.33,544.0,440.4,0.662,732.4,0.03192,0.0007,21,Kém
7.96,691.6,428.6,4.363,707.0,0.02863,0.00018,134,Kém
7.74,683.4,418.7,1.275,332.8,0.02245,0.00782,488,Kém
7.29,143.1,893.0,0.331,1206.1,0.00158,0.00034,22,Nguy hiểm
8.09,185.4,2801.7,0.04,117.1,0.0061,0.00096,2439,Nguy hiểm
6.93,218.1,126.2,1.488,202.7,0.0025,0.00065,19,Tốt
3.6,115.9,2051.5,6.636,66.0,0.15098,0.00134,18,Nguy hiểm
7.4,96.3,382.7,0.412,134.9,0.00144,0.00084,1,Tốt
10.12,573.2,2175.2,1.485,337.3,0.00508,0.00568,10,Kém
8.66,213.4,931.7,1.282,58.2,0.00692,0.00037,0,Trung bình
7.98,94.9,195.3,1.062,68.6,0.00723,0.00147,19,Tốt
8.17,145.3,461.2,0.42,101.6,0.00771,0.00125,11,Tốt
8.08,111.4,388.0,1.486,125.8,0.00011,0.00139,18,Tốt
7.15,653.2,362.1,1.898,188.0,0.00155,0.00563,613,Kém
8.06,398.1,241.1,1.484,264.2,0.00179,0.00128,23,Trung bình
7.74,622.0,2138.7,4.757,132.4,0.00397,0.0009,814,Kém
7.48,216.2,93.9,1.147,170.6,0.0032,0.00034,4,Tốt
6.73,153.1,493.3,0.457,61.4,0.00711,6e-05,1,Tốt
6.78,186.9,208.5,1.956,86.2,0.00424,0.00099,4,Tốt
6.16,144.6,234.9,3.294,1322.2,0.00674,0.00038,23,Nguy hiểm
9.8,208.5,395.3,1.865,202.0,0.00249,0.01423,1,Nguy hiểm
6.93,138.4,286.7,0.847,808.4,0.00136,0.00314,4549,Nguy hiểm
11.63,815.7,327.6,1.924,1069.3,0.00048,0.00319,19,Nguy hiểm
7.32,169.4,442.7,1.169,159.7,0.00531,0.00097,11,Tốt
7.69,92.8,141.3,1.904,160.1,0.00287,0.0002,18,Tốt
4.22,84.0,332.3,1.376,1385.9,0.00565,0.00148,10,Nguy hiểm
6.21,114.5,258.5,1.621,78.5,0.01071,0.00344,18,Trung bình
7.31,116.4,2187.6,1.934,138.7,0.02655,0.00721,11,Kém
7.82,95.3,108.1,0.763,367.9,0.00484,0.00234,21,Trung bình
11.86,127.7,356.0,0.436,175.5,0.00729,0.00119,404,Nguy hiểm
7.0,170.0,395.1,1.394,190.3,0.00539,0.00138,24,Tốt
7.75,312.6,127.0,4.74,541.7,0.00074,0.00132,3344,Nguy hiểm
7.03,196.4,203.7,1.811,122.9,0.00308,0.00035,24,Tốt
7.7,191.8,970.2,3.998,155.0,0.00069,0.00018,15,Trung bình
7.42,122.8,196.6,1.224,208.8,0.00754,0.00149,20,Tốt
7.21,423.9,981.6,1.605,51.9,0.00632,0.00028,20,Trung bình
8.05,110.2,955.2,1.527,171.7,0.138,0.0008,13,Nguy hiểm
4.88,154.8,2453.7,1.289,750.1,0.00019,0.04769,24,Nguy hiểm
6.99,546.4,2179.5,9.816,184.8,0.00303,0.00112,17,Nguy hiểm
7.05,167.3,2115.4,9.118,671.8,0.0066,0.00862,14,Nguy hiểm
6.98,84.8,328.9,0.801,100.5,0.00122,0.00121,1,Tốt
8.0,101.8,377.9,0.866,183.9,0.00052,0.00246,134,Trung bình
8.18,117.7,967.9,7.941,203.8,0.17662,0.00022,10,Nguy hiểm
9.64,201.2,1770.2,1.814,127.8,0.01789,0.00073,3,Kém
4.8,140.3,345.8,4.433,100.4,0.00395,0.00013,24,Nguy hiểm
8.75,154.1,293.4,0.518,51.5,0.00169,0.00081,112,Trung bình
6.92,81.8,283.9,0.48,181.3,0.01395,0.00085,87,Trung bình
6.1,194.7,302.3,3.666,57.2,0.00789,0.00368,23,Trung bình
6.84,178.9,419.9,0.545,161.9,0.00489,0.00143,2,Tốt
6.73,136.6,361.4,1.028,156.9,0.14867,0.04405,23,Nguy hiểm
7.29,328.0,1081.9,0.611,149.1,0.0011,0.00348,12,Trung bình
7.36,207.4,947.0,1.81,201.1,0.01447,0.00092,10,Trung bình
7.87,138.6,137.0,1.311,218.3,0.00044,0.00105,10,Tốt
5.26,211.0,85.3,4.796,758.7,0.01967,0.0007,16,Kém
7.22,207.5,360.4,0.547,150.6,0.00373,0.00083,18,Tốt
7.54,89.3,443.3,1.365,174.5,0.00517,0.00116,21,Tốt
7.49,149.0,194.5,1.661,314.8,0.07915,0.00082,7,Nguy hiểm
7.15,135.9,235.2,1.506,218.7,0.00366,0.00069,12,Tốt
7.59,96.2,163.5,5.635,352.1,0.12884,0.02954,2,Nguy hiểm
7.17,94.2,222.3,0.744,158.2,0.00685,0.00043,16,Tốt
7.87,172.0,1682.6,0.432,64.4,0.02837,0.00892,21,Kém
7.98,315.8,280.3,1.173,1361.2,0.00687,0.00051,14,Nguy hiểm
6.91,385.8,460.6,1.53,286.3,0.00453,0.00011,4,Trung bình
7.95,359.1,359.7,0.498,333.3,0.00068,0.00149,23,Trung bình
7.98,186.3,202.9,1.026,210.5,0.0031,0.00097,1,Tốt
6.75,546.4,346.8,3.643,215.8,0.03165,0.00687,383,Kém
7.58,306.9,483.5,3.64,49.2,0.00323,0.00123,1,Trung bình
7.58,169.9,1039.1,0.827,255.4,0.00602,0.00377,21,Trung bình
5.42,164.1,2798.5,1.573,1140.0,0.00417,0.00105,1402,Nguy hiểm
6.75,100.3,287.9,0.867,54.5,0.00791,0.00051,24,Tốt
7.13,99.3,829.8,4.526,48.8,0.02059,0.00072,218,Kém
6.83,184.9,485.5,1.11,397.4,0.01239,0.00097,4,Trung bình
7.65,87.1,210.2,0.98,58.0,0.00365,0.00059,15,Tốt
9.8,124.2,1933.6,1.579,184.6,0.00599,0.00769,378,Kém
3.49,807.2,158.5,1.761,120.2,0.09584,0.0007,24,Nguy hiểm
6.99,92.6,410.1,0.02,106.2,0.01242,0.00079,62,Trung bình
5.4,512.2,2190.5,4.406,197.6,0.00224,0.00133,9,Kém
6.2,134.9,868.7,1.052,205.9,0.00151,0.00017,171,Trung bình
8.68,195.8,157.9,1.81,86.9,0.00471,0.00075,179,Trung bình
6.86,128.3,97.8,0.419,217.2,0.00776,0.00102,8,Tốt
7.22,145.5,313.2,0.525,111.3,0.00521,0.00106,14,Tốt
7.47,193.3,751.0,3.377,68.3,0.00059,0.00036,96,Trung bình
6.75,540.4,1970.2,7.512,156.1,0.00179,0.0133,12,Nguy hiểm
7.93,132.6,136.7,9.179,150.3,0.12989,0.0023,4242,Nguy hiểm
7.08,202.6,119.2,0.407,195.4,0.00601,0.00127,7,Tốt
7.05,98.0,842.7,1.195,388.3,0.00196,0.00041,21,Trung bình
8.81,95.1,471.2,0.988,164.1,0.01201,0.00098,2,Trung bình
7.3,136.4,367.3,0.9,626.5,0.02598,0.00027,728,Kém
6.31,91.1,1029.7,1.13,290.4,0.00637,0.00135,16,Trung bình
7.76,214.8,260.6,0.335,184.8,0.00288,0.0005,24,Tốt
6.93,161.0,90.2,1.686,1265.8,0.10828,0.00119,2,Nguy hiểm
8.69,305.4,100.0,0.595,387.1,0.00372,0.00092,16,Trung bình
7.59,177.8,298.9,1.905,119.7,0.0022,0.00045,23,Tốt
7.88,148.6,1814.6,4.928,69.7,0.03992,0.00147,756,Kém
8.64,196.6,1095.7,0.48,49.3,0.00331,0.00227,16,Trung bình
7.96,215.5,185.3,0.379,78.2,0.00037,0.00104,4,Tốt
7.26,317.9,2001.4,1.438,94.5,0.01727,0.00823,371,Kém
7.99,133.6,313.6,0.927,170.5,0.00658,0.00031,20,Tốt
7.17,125.3,138.7,1.605,72.8,0.18166,0.04735,23,Nguy hiểm
6.15,203.4,401.2,1.936,371.7,0.00546,0.00332,18,Trung bình
7.47,172.5,126.2,0.858,177.2,0.00518,0.00011,3,Tốt
6.88,376.5,934.4,0.046,188.0,0.0047,0.00139,1,Trung bình
5.14,153.2,182.3,8.055,121.1,0.00272,0.00071,146,Nguy hiểm
7.01,560.4,2100.7,0.789,91.6,0.00256,0.0013,454,Kém
6.88,122.2,193.0,1.315,53.9,0.00376,0.00055,21,Tốt
7.91,382.9,486.2,0.971,130.9,0.01206,0.00032,19,Trung bình
6.91,413.1,383.4,4.702,805.0,0.03363,0.00663,7,Kém
7.31,399.3,148.8,0.31,370.7,0.01214,0.00049,15,Trung bình
8.91,124.0,116.3,3.544,82.6,0.17696,0.04214,4,Nguy hiểm
7.34,217.8,259.6,1.573,129.3,0.00435,0.00082,9,Tốt
6.01,611.6,451.3,4.517,559.5,0.00655,0.00127,712,Kém
6.9,428.0,377.5,0.027,72.0,0.0008,0.00043,16,Trung bình
7.39,217.8,327.5,0.367,73.0,0.00768,0.00073,13,Tốt
8.07,125.3,230.8,1.639,101.9,0.00629,0.00066,20,Tốt
8.0,394.9,152.2,1.208,54.0,0.01246,0.00075,3447,Nguy hiểm
6.42,390.7,223.3,1.626,52.6,0.00238,0.00011,20,Trung bình
7.54,178.9,481.0,0.722,1242.2,0.00772,0.02062,94,Nguy hiểm
10.23,164.0,751.9,1.135,167.2,0.00715,0.00048,4028,Nguy hiểm
7.67,132.3,375.1,4.211,838.5,0.03113,0.00023,161,Kém
4.88,563.6,400.5,1.773,151.2,0.00579,0.00066,3,Nguy hiểm
9.81,565.6,1791.8,4.922,85.3,0.01341,0.00084,9,Kém
8.19,183.0,432.5,3.232,398.3,0.00467,0.00104,2,Trung bình
6.07,156.7,309.7,5.458,1351.6,0.00347,0.00049,123,Nguy hiểm
8.93,336.6,499.5,0.023,121.2,0.00266,0.00014,6,Trung bình
7.72,412.9,1044.8,0.694,118.3,0.00015,0.00015,9,Trung bình
7.51,213.2,411.2,1.165,193.4,0.00539,0.00079,11,Tốt
8.97,82.7,389.5,0.572,131.1,0.00036,0.0032,0,Trung bình
5.12,193.7,1664.5,1.98,217.1,0.03612,0.00095,881,Kém
7.11,426.7,751.7,0.379,93.7,0.00302,0.00027,15,Trung bình
7.77,534.5,487.5,4.752,657.3,0.03323,0.00021,10,Kém
6.86,122.5,269.2,4.373,120.0,0.00102,0.04775,1312,Nguy hiểm
7.85,415.3,329.8,0.648,96.9,0.01271,0.001,16,Trung bình
6.81,123.6,144.6,1.253,163.9,0.00443,0.00057,14,Tốt
6.79,170.5,284.5,0.326,131.5,0.00453,0.00099,1,Tốt
7.17,202.2,400.3,1.24,157.3,0.00217,0.00146,5,Tốt
7.22,163.2,404.8,1.464,115.2,0.00707,0.00028,24,Tốt
7.39,622.8,306.8,4.238,554.9,0.00014,0.00037,634,Kém
6.7,82.0,1583.7,4.938,529.8,0.00068,0.00714,13,Kém
6.27,214.0,387.6,0.472,57.4,0.01405,0.00256,11,Trung bình
5.33,679.8,1044.8,1.716,130.3,0.0247,0.00043,4,Kém
8.63,99.1,396.4,0.587,141.2,0.07804,0.00026,2,Nguy hiểm
8.02,207.7,284.0,1.63,199.2,0.00417,0.00021,3,Tốt
7.82,134.6,355.0,1.542,166.3,0.00424,0.00102,1,Tốt
7.8,98.2,303.2,0.664,93.0,0.00345,0.00126,15,Tốt
7.76,156.1,464.8,1.308,168.5,0.00686,0.00046,23,Tốt
6.7,212.2,920.8,3.772,71.6,0.00757,0.00341,19,Trung bình
11.62,177.6,2459.4,1.922,135.1,0.00299,0.00081,16,Nguy hiểm
8.04,163.6,334.6,1.468,214.2,0.00135,6e-05,15,Tốt
6.96,91.7,360.1,0.989,183.9,0.00709,0.0008,18,Tốt
7.36,104.8,223.4,1.777,77.0,4e-05,0.00092,13,Tốt
8.88,209.3,150.4,1.269,166.6,0.01266,0.00136,23,Trung bình
7.32,113.1,362.2,0.794,45.0,0.01272,0.00036,66,Trung bình
7.38,609.5,1819.3,4.598,142.8,0.03656,0.00017,134,Kém
7.81,308.6,314.6,1.599,404.9,0.01323,0.00011,12,Trung bình
3.6,876.6,476.9,0.998,44.0,0.00756,0.00284,81,Nguy hiểm
11.96,173.4,93.9,9.394,153.1,0.0061,0.00099,3,Nguy hiểm
9.86,145.5,246.4,4.892,58.0,0.0166,0.00342,6,Kém
8.18,104.6,496.2,9.827,363.7,0.0063,0.00113,6,Nguy hiểm
6.7,156.2,270.6,0.905,148.3,0.00054,0.00077,19,Tốt
6.7,184.1,238.2,1.227,202.3,0.00523,0.00115,5,Tốt
6.14,107.1,236.5,1.85,215.3,0.0111,0.00106,62,Trung bình
7.33,178.3,107.3,0.048,207.3,0.00084,0.00291,90,Trung bình
8.68,103.1,244.2,4.662,145.3,0.00105,0.00819,523,Kém
7.28,144.6,116.3,0.898,95.6,0.00451,0.00074,7,Tốt
7.66,100.8,277.7,0.787,168.0,0.00248,0.00147,11,Tốt
5.36,115.4,238.1,9.292,89.4,0.00464,0.00094,20,Nguy hiểm
10.13,526.2,184.7,4.927,170.8,0.00145,0.00076,384,Kém
9.62,704.2,102.3,3.74,810.0,0.00561,0.00063,523,Kém
3.99,405.8,455.5,1.769,219.2,0.08475,0.00115,2,Nguy hiểm
8.04,203.3,301.5,5.769,155.7,0.01228,0.00047,4297,Nguy hiểm
7.53,152.2,450.1,1.68,108.2,0.00673,0.00065,17,Tốt
6.34,576.5,2168.7,0.398,511.1,0.00378,0.00075,15,Kém
8.02,203.6,195.4,1.152,216.4,0.00123,0.00017,22,Tốt
7.99,214.1,752.2,1.946,153.3,0.01449,0.00123,9,Trung bình
8.68,108.4,2185.1,4.236,173.7,0.00787,0.00026,831,Kém
8.1,682.2,1941.8,1.643,100.9,0.00755,0.00475,10,Kém
8.79,214.4,244.8,1.556,354.1,0.00278,0.00278,7,Trung bình
7.61,82.8,259.3,1.445,93.6,0.00703,0.00078,15,Tốt
7.82,139.0,411.3,0.841,203.4,0.0059,0.00078,23,Tốt
9.99,682.5,1962.2,1.313,164.2,0.00148,0.00138,499,Kém
9.73,214.5,344.0,1.625,159.7,0.14018,0.00133,18,Nguy hiểm
7.17,165.4,315.0,1.609,110.3,0.01165,0.00266,14,Trung bình
9.93,512.6,1562.7,4.321,66.3,0.00415,0.00014,14,Kém
7.63,104.8,312.3,1.088,166.3,0.00334,0.00146,11,Tốt
8.11,310.3,85.7,3.837,110.8,0.01433,0.00083,20,Trung bình
8.06,161.6,409.1,1.681,406.7,0.01379,0.00143,24,Trung bình
10.21,708.2,211.1,0.908,734.0,0.00784,0.00772,80,Kém
6.41,165.9,439.7,0.071,163.6,0.00289,0.0031,18,Trung bình
7.6,716.8,1946.3,9.277,174.0,0.00566,0.04269,15,Nguy hiểm
5.2,95.2,454.8,1.378,65.5,0.00667,0.00742,714,Kém
8.01,141.9,203.7,1.252,51.6,0.00339,0.00097,22,Tốt
5.23,633.3,172.7,1.967,595.7,0.00382,0.00095,4,Kém
8.06,379.1,345.4,0.053,206.2,0.00413,0.00027,12,Trung bình
6.78,80.3,216.9,1.067,101.3,0.00715,0.00086,1,Tốt
7.52,205.8,197.1,0.353,86.4,0.00347,0.00085,6,Tốt
7.67,91.0,931.1,1.546,181.3,0.00252,0.00248,24,Trung bình
7.32,178.4,179.3,0.706,161.5,0.00596,0.00085,21,Tốt
7.45,150.6,369.1,0.64,88.9,0.00543,0.00039,10,Tốt
6.95,179.9,279.8,1.52,54.4,0.01335,0.0034,10,Trung bình
9.67,162.5,418.6,1.39,530.6,0.03662,0.00257,320,Kém
11.44,814.8,130.3,0.6,107.4,0.00176,0.00107,2286,Nguy hiểm
6.81,99.0,465.4,0.372,535.3,0.04384,0.00118,597,Kém
7.5,86.6,293.9,0.593,162.9,0.00124,0.00085,8,Tốt
7.59,177.2,451.7,1.001,171.8,0.00487,0.00119,2,Tốt
8.09,105.2,376.8,0.557,61.7,0.00654,0.00036,17,Tốt
5.43,123.6,392.3,0.684,706.4,0.04316,0.00142,395,Kém
7.12,182.6,423.3,0.637,132.1,0.00016,0.00014,2,Tốt
7.88,161.1,457.0,0.75,54.5,0.00477,0.00126,3,Tốt
7.53,372.0,1717.7,4.358,147.8,0.03281,0.00635,12,Kém
7.01,205.4,185.1,1.778,173.1,0.00759,0.00073,9,Tốt
7.13,143.3,337.2,1.842,199.0,0.00077,4e-05,22,Tốt
7.55,117.9,359.1,1.903,153.7,0.01147,0.00264,12,Trung bình
7.64,421.6,383.2,1.674,158.3,0.00705,0.04879,1253,Nguy hiểm
11.83,104.5,298.9,1.019,297.2,0.11727,0.00078,136,Nguy hiểm
7.63,177.6,1663.4,1.312,845.3,0.036,0.0013,250,Kém
9.96,143.5,266.2,0.986,120.1,0.00241,0.00786,258,Kém
7.12,318.7,393.9,5.403,57.2,0.00242,0.02484,172,Nguy hiểm
7.53,96.7,129.5,1.104,209.5,0.00758,0.00086,15,Tốt
7.34,128.2,499.2,0.851,200.6,0.0017,0.00071,6,Tốt
6.74,418.8,726.8,0.593,69.0,0.00476,0.00338,5,Trung bình
6.91,416.8,479.3,0.816,159.5,0.00477,0.00067,85,Trung bình
7.92,219.3,84.5,1.744,100.4,0.006,0.00027,3,Tốt
7.03,191.9,320.7,1.082,132.3,0.00647,0.00056,21,Tốt
9.02,213.8,89.4,8.29,78.2,0.00199,0.00857,405,Nguy hiểm
11.95,174.6,986.4,0.541,828.1,0.01347,0.0013,9,Nguy hiểm
10.2,119.7,1871.3,4.721,605.8,0.00165,0.00038,176,Kém
7.29,173.8,165.8,7.739,208.7,0.00565,0.00269,633,Nguy hiểm
6.83,136.2,1569.2,8.584,216.3,0.00279,0.00047,4674,Nguy hiểm
7.04,210.0,1090.6,3.164,199.7,0.00376,0.00253,11,Trung bình
8.06,197.6,159.5,0.992,68.5,0.00253,0.00025,2,Tốt
9.04,372.4,238.2,1.21,650.5,0.00422,0.02424,25,Nguy hiểm
7.05,119.5,2182.7,4.376,356.1,0.00352,0.0053,5,Kém
10.22,345.5,466.4,0.332,148.9,0.02222,0.00106,366,Kém
6.76,183.6,287.8,0.617,84.3,0.00371,0.0009,3,Tốt
7.18,102.1,1788.0,1.187,143.1,0.00797,0.00064,1973,Nguy hiểm
7.1,139.6,371.1,0.421,219.5,0.13789,0.00452,24,Nguy hiểm
8.02,135.8,124.0,1.531,138.8,0.00287,0.00086,8,Tốt
7.07,621.0,1848.6,0.951,57.3,0.00088,0.00596,654,Kém
7.04,530.5,259.7,1.342,315.1,0.0004,0.04662,22,Nguy hiểm
7.99,341.6,256.7,0.752,161.0,0.01213,0.00359,15,Trung bình
10.92,112.2,252.0,1.005,40.2,0.00464,0.04372,4188,Nguy hiểm
9.67,142.2,353.0,4.731,679.0,0.01974,0.00101,13,Kém
6.86,684.8,1996.8,0.836,84.9,0.0017,0.0007,803,Kém
7.3,89.4,2753.9,1.01,139.6,0.00415,0.00057,1210,Nguy hiểm
7.45,160.3,474.2,0.654,61.5,0.00797,0.00099,14,Tốt
8.13,82.8,246.7,1.164,192.9,0.00175,0.00072,17,Tốt
8.04,183.3,212.6,0.494,96.4,0.00495,0.00116,7,Tốt
7.73,210.4,483.3,0.487,97.6,0.00723,0.00059,21,Tốt
7.04,204.7,835.0,1.358,378.2,0.01349,0.00056,18,Trung bình
10.19,83.0,1704.9,4.54,69.0,0.00718,0.00883,10,Kém
7.43,155.5,413.9,0.372,107.0,0.00181,0.00147,0,Tốt
6.93,658.4,418.8,0.78,96.8,0.02342,0.00729,247,Kém
7.61,160.2,3097.5,1.877,343.2,0.00123,0.00123,2505,Nguy hiểm
11.08,734.1,196.0,1.784,206.8,0.00428,0.01704,14,Nguy hiểm
7.57,139.1,766.7,0.518,142.7,0.0042,0.001,1525,Nguy hiểm
5.39,88.4,1779.3,0.863,140.6,0.01659,0.00868,14,Kém
9.06,372.9,252.9,1.775,144.2,0.00118,0.00095,21,Trung bình
3.53,660.1,229.7,0.982,173.9,0.02869,0.00138,20,Nguy hiểm
7.77,156.4,113.8,1.408,94.3,0.01335,0.00095,124,Trung bình
8.0,154.0,357.9,4.889,656.8,0.00367,0.00595,278,Kém
6.89,365.4,419.0,3.886,198.7,0.01413,0.0005,18,Trung bình
6.77,90.4,740.6,0.03,414.0,0.00586,0.00014,0,Trung bình
8.09,319.5,144.1,1.537,210.8,0.00049,0.00036,142,Trung bình
8.63,123.9,127.5,4.918,177.3,0.00189,0.03891,4,Nguy hiểm
8.04,104.8,388.4,1.731,191.2,0.00485,0.00015,10,Tốt
7.01,380.9,103.5,8.099,123.3,4e-05,0.00018,14,Nguy hiểm
10.09,619.7,485.0,1.741,312.6,0.00418,0.00796,17,Kém
7.37,652.0,2559.6,0.739,202.1,0.00535,0.04618,25,Nguy hiểm
8.73,171.6,1030.1,0.46,283.1,0.0072,0.00073,15,Trung bình
6.4,337.0,125.2,1.239,100.3,0.00176,0.00336,22,Trung bình
7.53,103.2,373.5,0.96,55.4,0.01372,0.04417,13,Nguy hiểm
7.23,178.9,314.8,1.014,410.9,0.0009,0.00244,24,Trung bình
6.91,103.0,348.6,4.638,747.7,0.01804,0.0004,389,Kém
5.35,139.1,1698.8,4.67,42.8,0.01302,0.00125,5,Kém
8.03,157.6,1611.3,1.268,208.1,0.02245,0.00052,263,Kém
7.27,182.3,183.8,1.253,153.5,0.03563,0.00081,1715,Nguy hiểm
7.36,153.0,223.9,0.39,55.5,0.00013,0.00109,24,Tốt
4.33,152.4,327.5,1.87,213.5,0.00629,0.0061,399,Nguy hiểm
7.46,165.4,167.7,0.785,133.5,0.00229,0.0014,6,Tốt
9.09,108.4,432.0,1.19,191.3,0.01408,0.00241,4660,Nguy hiểm
8.02,120.8,303.9,0.041,155.9,0.00384,0.00112,3370,Nguy hiểm
10.11,630.8,247.9,1.258,800.0,0.00777,0.00046,18,Kém
8.71,204.1,2135.2,1.15,756.9,0.00168,0.00523,7,Kém
8.58,108.4,258.1,1.538,284.4,0.00503,0.00316,7,Trung bình
7.49,717.6,1864.0,1.852,607.3,0.00332,0.00575,14,Kém
7.74,81.0,1017.3,0.714,58.8,0.00449,0.0003,104,Trung bình
7.12,559.7,1749.1,0.327,141.8,0.13056,0.00037,292,Nguy hiểm
7.75,345.1,992.2,1.647,157.1,0.01173,0.00033,16,Trung bình
6.94,91.7,111.1,1.6,144.1,0.00536,0.00149,18,Tốt
5.13,199.8,1921.4,4.583,172.6,0.01361,0.00067,378,Kém
7.5,698.8,1711.3,0.843,87.0,0.00241,0.00839,15,Kém
7.08,669.7,364.2,0.873,700.1,0.03613,0.00038,635,Kém
5.4,114.7,181.1,4.098,60.2,0.0228,0.00532,335,Kém
10.72,112.1,81.7,5.339,123.8,5e-05,0.00629,6,Nguy hiểm
7.18,218.6,133.2,1.49,154.0,0.00286,0.00094,4,Tốt
3.71,622.3,231.7,0.488,1157.3,0.00361,0.0015,23,Nguy hiểm
7.0,214.7,2515.4,1.368,1244.4,0.01063,0.0012,9,Nguy hiểm
8.18,150.1,171.8,1.291,72.3,0.00381,0.00087,2,Tốt
7.83,100.3,133.4,0.7,144.8,0.00287,0.00101,7,Tốt
5.2,667.2,1021.7,4.213,58.0,0.00579,0.00103,344,Kém
6.96,167.4,1709.7,4.693,805.8,0.0052,0.0049,81,Kém
6.11,422.6,318.5,1.681,132.7,0.0049,0.0008,2,Trung bình
8.17,786.8,497.7,0.459,165.1,0.15938,0.01311,6,Nguy hiểm
7.07,382.8,318.9,0.382,415.8,0.01294,0.00082,17,Trung bình
8.95,342.6,770.7,0.963,145.8,0.00128,0.00031,6,Trung bình
7.29,212.6,1800.4,4.68,665.2,0.03463,0.00017,11,Kém
8.06,84.1,443.7,0.429,65.7,0.00149,0.00025,21,Tốt
6.93,328.8,124.2,0.912,406.6,0.01332,0.00043,23,Trung bình
6.79,209.0,381.6,0.494,767.3,0.00182,0.00036,3755,Nguy hiểm
7.87,96.3,87.4,3.336,135.8,0.00783,0.04878,9,Nguy hiểm
7.47,185.5,376.7,9.794,717.4,0.0077,0.00116,4364,Nguy hiểm
3.82,114.4,436.0,1.062,189.6,0.03533,0.00063,3470,Nguy hiểm
6.98,381.4,374.3,0.37,146.5,0.01279,0.00247,8,Trung bình
8.6,82.0,146.3,0.571,280.5,0.00476,0.00306,23,Trung bình
7.93,90.0,168.9,3.916,157.3,0.01184,0.00129,21,Trung bình
10.05,193.2,198.5,1.433,707.3,0.0002,0.00689,12,Kém
7.97,612.7,1804.7,0.742,317.2,0.00352,0.00113,4531,Nguy hiểm
7.95,400.0,1563.7,1.877,532.3,0.02326,0.00113,551,Kém
3.46,518.7,2181.8,0.964,58.5,0.00459,0.001,7,Nguy hiểm
7.2,183.8,413.1,0.628,66.7,0.01251,0.00315,10,Trung bình
5.16,165.0,161.7,4.359,558.7,0.03067,0.00115,18,Kém
8.81,542.1,307.2,4.222,181.7,0.00421,0.00555,365,Kém
6.72,390.2,281.1,3.122,272.0,0.00514,0.00048,18,Trung bình
5.43,135.7,169.9,1.572,1389.1,0.01061,0.00471,12,Nguy hiểm
5.35,202.8,1889.8,1.525,84.9,0.04305,0.00481,15,Kém
7.66,151.4,238.6,1.038,216.0,0.00491,0.00031,12,Tốt
7.98,590.1,221.8,0.357,200.2,0.04098,0.00077,769,Kém
7.46,83.0,1611.5,0.35,111.7,0.03635,0.00036,529,Kém
7.56,112.8,1025.3,3.263,376.5,0.00032,0.00027,19,Trung bình
7.33,317.7,156.3,0.658,151.5,0.01436,0.00101,14,Trung bình
7.18,93.6,921.9,0.453,196.3,0.00279,0.00097,126,Trung bình
7.59,544.0,1674.3,4.357,52.3,0.00745,0.00075,555,Kém
7.28,176.7,103.2,0.72,136.5,0.00151,0.00131,17,Tốt
11.99,563.1,351.1,4.51,55.1,0.00741,0.00518,9,Nguy hiểm
8.15,125.2,2014.0,0.575,513.5,0.0314,0.00061,172,Kém
7.05,138.0,2000.3,3.424,83.0,0.0015,0.00148,3192,Nguy hiểm
6.82,94.5,408.2,0.39,279.5,0.00086,0.00082,72,Trung bình
7.29,693.6,1510.8,1.295,128.7,0.00459,0.00147,291,Kém
8.0,143.4,1024.0,1.842,125.5,0.0051,0.00353,2,Trung bình
7.43,93.4,121.9,0.591,85.6,0.00237,0.00097,9,Tốt
7.43,186.2,361.3,4.779,61.9,0.03997,0.00891,99,Kém
6.82,90.5,464.3,1.529,139.1,0.00508,0.00146,13,Tốt
6.77,154.9,134.3,1.666,98.1,0.00714,0.00082,3,Tốt
7.83,323.0,282.5,1.344,138.2,0.00268,0.0004,137,Trung bình
6.81,573.5,348.0,4.289,563.3,0.01384,0.00036,20,Kém
7.03,203.0,458.2,1.782,99.7,0.00654,0.00098,23,Tốt
6.17,186.0,455.3,1.051,122.9,0.00718,0.00361,3,Trung bình
7.49,87.3,261.6,4.737,690.3,0.07,0.00147,24,Nguy hiểm
6.9,142.8,1670.1,4.259,620.2,0.00467,0.00787,19,Kém
7.9,350.8,910.6,0.366,296.7,0.00441,0.00021,23,Trung bình
6.86,123.6,88.8,1.464,112.7,0.00243,0.00064,14,Tốt
9.07,418.1,861.1,1.564,126.8,0.00455,0.00074,15,Trung bình
6.73,144.7,485.0,0.306,59.4,0.00721,0.00137,13,Tốt
7.91,109.4,97.1,1.547,125.1,0.00109,0.0014,15,Tốt
